business_name,address,phone,category,neighborhood,google_maps_url,website_url,quality_score,platform,est_monthly_cost,pain_points,priority_rank,outreach_doc_ready,place_id,rating,user_ratings_total
Shake Smart,"1400 E 6th St, Tucson, AZ 85721, USA",+1 512-222-8915,restaurant,sam-hughes-university,https://maps.google.com/?q=Shake%20Smart%201400%20E%206th%20St%2C%20Tucson%2C%20AZ%2085721%2C%20USA,http://www.shakesmart.com/,2,,0,has website,1,false,ChIJNXaGpP9x1oYRLJgJnYmHBNM,4.1,26
Arizona Sands Club,"565 N Cherry Ave Fl 5, Tucson, AZ 85719, USA",+1 520-621-8300,restaurant,sam-hughes-university,https://maps.google.com/?q=Arizona%20Sands%20Club%20565%20N%20Cherry%20Ave%20Fl%205%2C%20Tucson%2C%20AZ%2085719%2C%20USA,https://ovgsocialclubs.com/arizona-sands-club/,2,,0,has website,2,false,ChIJkaT34ltx1oYR6oIK9ysv2So,4.6,185
Bear Down Kitchen,"565 N Cherry Ave Floor 4, Tucson, AZ 85721, USA",+1 520-621-8300,restaurant,sam-hughes-university,https://maps.google.com/?q=Bear%20Down%20Kitchen%20565%20N%20Cherry%20Ave%20Floor%204%2C%20Tucson%2C%20AZ%2085721%2C%20USA,,1,,0,no website,3,false,ChIJnzbXV6px1oYRqFUEUm9fPD8,4,38
Momo's on 6th,"1838 E 6th St, Tucson, AZ 85719, USA",+1 520-849-5644,restaurant,sam-hughes-university,https://maps.google.com/?q=Momo%27s%20on%206th%201838%20E%206th%20St%2C%20Tucson%2C%20AZ%2085719%2C%20USA,,1,,0,no website,4,false,ChIJz0KOOiVx1oYRXzj2wjm0aVM,4.5,274
Tucson Gastro Park,"1625 E Broadway Blvd, Tucson, AZ 85719, USA",,restaurant,sam-hughes-university,https://maps.google.com/?q=Tucson%20Gastro%20Park%201625%20E%20Broadway%20Blvd%2C%20Tucson%2C%20AZ%2085719%2C%20USA,,1,,0,no website,5,false,ChIJIzqUVQBx1oYRA09NoVzZ5uM,,
Zing Zing's,"1122 E 6th St, Tucson, AZ 85719, USA",+1 520-578-2222,restaurant,sam-hughes-university,https://maps.google.com/?q=Zing%20Zing%27s%201122%20E%206th%20St%2C%20Tucson%2C%20AZ%2085719%2C%20USA,,1,,0,no website,6,false,ChIJQc6ktgFx1oYR7ebIviIywTY,4.4,111
Reds tacos & more,"1118 E 6th St, Tucson, AZ 85719, USA",+1 520-279-7833,restaurant,sam-hughes-university,https://maps.google.com/?q=Reds%20tacos%20%26%20more%201118%20E%206th%20St%2C%20Tucson%2C%20AZ%2085719%2C%20USA,https://redstacos.com/,2,,0,has website,7,false,ChIJ6TMIfy1x1oYRD8GEO64NNDc,4.6,54
Trident Pizza Pub,"446 North Campbell Avenue Suite 100 at 6th Street, Tucson, AZ 85719, USA",+1 520-274-7068,restaurant,sam-hughes-university,https://maps.google.com/?q=Trident%20Pizza%20Pub%20446%20North%20Campbell%20Avenue%20Suite%20100%20at%206th%20Street%2C%20Tucson%2C%20AZ%2085719%2C%20USA,http://www.tridentgrill.com/,2,,0,has website,8,false,ChIJobiTcBNx1oYRvunb9iH_h-I,4.5,730
"Cheba Hut ""Toasted"" Subs","446 N Campbell Ave STE 2, Tucson, AZ 85719, USA",+1 520-495-4719,restaurant,sam-hughes-university,https://maps.google.com/?q=Cheba%20Hut%20%22Toasted%22%20Subs%20446%20N%20Campbell%20Ave%20STE%202%2C%20Tucson%2C%20AZ%2085719%2C%20USA,https://chebahut.com/locations/tusconaz/?utm_source=google&utm_medium=GBP&utm_campaign=Tucson+-+Campbell,2,,0,has website,9,false,ChIJ62ZLVVNw1oYRZM-NzDDnWUs,4.6,1679
3MARGARITAS KITCHEN (FOOD TRUCK),"1540 E Broadway Blvd, Tucson, AZ 85719, USA",+1 520-474-7289,restaurant,sam-hughes-university,https://maps.google.com/?q=3MARGARITAS%20KITCHEN%20%28FOOD%20TRUCK%29%201540%20E%20Broadway%20Blvd%2C%20Tucson%2C%20AZ%2085719%2C%20USA,https://3margaritaskitchen.blogspot.com/,2,,0,has website,10,false,ChIJa1aNSD5x1oYRU79TvdZXeTw,4.8,29
Ramiro’s Taco Shop,"1350 E Broadway Blvd, Tucson, AZ 85719, USA",+1 520-849-5931,restaurant,sam-hughes-university,https://maps.google.com/?q=Ramiro%E2%80%99s%20Taco%20Shop%201350%20E%20Broadway%20Blvd%2C%20Tucson%2C%20AZ%2085719%2C%20USA,,1,,0,no website,11,false,ChIJ7SMhU_9w1oYRPATYf1w_Z80,4.3,1374
Sunshine Wine,"15 N Santa Rita Ave, Tucson, AZ 85719, USA",+1 520-771-6279,restaurant,sam-hughes-university,https://maps.google.com/?q=Sunshine%20Wine%2015%20N%20Santa%20Rita%20Ave%2C%20Tucson%2C%20AZ%2085719%2C%20USA,https://www.thetapandbottle.com/sunshine-wine,2,,0,has website,12,false,ChIJJxd-I3Vx1oYRORSEUqwtHzk,4.6,45
Ahmads Kabobs & Shawarma,"1148 E Broadway Blvd, Tucson, AZ 85719, USA",+1 480-770-6122,restaurant,sam-hughes-university,https://maps.google.com/?q=Ahmads%20Kabobs%20%26%20Shawarma%201148%20E%20Broadway%20Blvd%2C%20Tucson%2C%20AZ%2085719%2C%20USA,,1,,0,no website,13,false,ChIJObsXRW1x1oYRGMLO_OVKong,5,14
El Beto Mexican Food,"32 N Campbell Ave, Tucson, AZ 85719, USA",+1 520-622-0301,restaurant,sam-hughes-university,https://maps.google.com/?q=El%20Beto%20Mexican%20Food%2032%20N%20Campbell%20Ave%2C%20Tucson%2C%20AZ%2085719%2C%20USA,https://elbetomexicanfoodaz.com/,2,,0,has website,14,false,ChIJy2F9XlFw1oYR0YBW1KVoHm8,4.1,544
Carl's Jr.,"1880 E Broadway Blvd, Tucson, AZ 85719, USA",+1 520-624-5267,restaurant,sam-hughes-university,https://maps.google.com/?q=Carl%27s%20Jr.%201880%20E%20Broadway%20Blvd%2C%20Tucson%2C%20AZ%2085719%2C%20USA,https://locations.carlsjr.com/az/tucson/1880-e-broadway-blvd,2,,0,has website,15,false,ChIJH-5eTFFw1oYR7ZDSAW9YAto,4,1195
China Pasta House,"430 N Park Ave, Tucson, AZ 85719, USA",+1 520-623-3334,restaurant,sam-hughes-university,https://maps.google.com/?q=China%20Pasta%20House%20430%20N%20Park%20Ave%2C%20Tucson%2C%20AZ%2085719%2C%20USA,http://www.chinapastahouseaz.com/,2,,0,has website,16,false,ChIJh9LUjQFx1oYRt6LXH7c5I9Q,4.3,438
Sushi-Cho Restaurant,"1830 E Broadway Blvd, Tucson, AZ 85719, USA",+1 520-628-8800,restaurant,sam-hughes-university,https://maps.google.com/?q=Sushi-Cho%20Restaurant%201830%20E%20Broadway%20Blvd%2C%20Tucson%2C%20AZ%2085719%2C%20USA,http://www.sushichorestaurant.com/,2,,0,has website,17,false,ChIJ21afslZw1oYRZ55ZtPY6i5M,4.5,622
Capriotti's Sandwich Shop,"1830 E Broadway Blvd, Tucson, AZ 85719, USA",+1 520-771-8878,restaurant,sam-hughes-university,https://maps.google.com/?q=Capriotti%27s%20Sandwich%20Shop%201830%20E%20Broadway%20Blvd%2C%20Tucson%2C%20AZ%2085719%2C%20USA,https://capriottis.com/location/27829895,2,,0,has website,18,false,ChIJYaxhJ29x1oYRHjQKfs5f7K8,4,235
The Rock,"136 N Park Ave, Tucson, AZ 85719, USA",+1 520-629-9211,restaurant,sam-hughes-university,https://maps.google.com/?q=The%20Rock%20136%20N%20Park%20Ave%2C%20Tucson%2C%20AZ%2085719%2C%20USA,http://www.rocktucson.com/,2,,0,has website,19,false,ChIJq-G0cP5w1oYRFOOftK2hlJo,4.5,675
NYPD New York Pizza Department,"187 N Park Ave, Tucson, AZ 85719, USA",+1 520-209-2420,restaurant,sam-hughes-university,https://maps.google.com/?q=NYPD%20New%20York%20Pizza%20Department%20187%20N%20Park%20Ave%2C%20Tucson%2C%20AZ%2085719%2C%20USA,https://nypizzadepartment.com/,2,,0,has website,20,false,ChIJS8NEXHlx1oYRn4iCNk4SJ_w,4.5,80
Screwbean Brewing,"103 N Park Ave UNIT 101, Tucson, AZ 85719, USA",+1 520-288-8942,bar,sam-hughes-university,https://maps.google.com/?q=Screwbean%20Brewing%20103%20N%20Park%20Ave%20UNIT%20101%2C%20Tucson%2C%20AZ%2085719%2C%20USA,https://www.instagram.com/screwbeanbrewing/,2,,0,has website,21,false,ChIJmSDkhptx1oYRAl3HvAu8boY,4.7,132
Snakes & Lattes Tucson,"988 E University Blvd, Tucson, AZ 85719, USA",+1 520-382-5855,bar,sam-hughes-university,https://maps.google.com/?q=Snakes%20%26%20Lattes%20Tucson%20988%20E%20University%20Blvd%2C%20Tucson%2C%20AZ%2085719%2C%20USA,https://www.snakesandlattes.com/location/tucson/,2,,0,has website,22,false,ChIJt0YHQ11x1oYRB8B9Bp8nh_o,4.5,299
"Espresso Art Cafe, Cocktail Bar & Hookah Lounge","942 E University Blvd, Tucson, AZ 85719, USA",+1 520-624-4126,bar,sam-hughes-university,https://maps.google.com/?q=Espresso%20Art%20Cafe%2C%20Cocktail%20Bar%20%26%20Hookah%20Lounge%20942%20E%20University%20Blvd%2C%20Tucson%2C%20AZ%2085719%2C%20USA,https://www.espressoartcafe.com/,2,,0,has website,23,false,ChIJvx4xBQRx1oYRPrVqBgpIUGg,4.5,380
Fuku Sushi,"940 E University Blvd, Tucson, AZ 85719, USA",+1 520-798-3858,bar,sam-hughes-university,https://maps.google.com/?q=Fuku%20Sushi%20940%20E%20University%20Blvd%2C%20Tucson%2C%20AZ%2085719%2C%20USA,https://www.fukuaz.com/,2,,0,has website,24,false,ChIJl7pWBQRx1oYRBKDRC-iVz7A,3.2,855
Scented Leaf Tea House,"943 E University Blvd #165, Tucson, AZ 85719, USA",+1 520-624-2930,bar,sam-hughes-university,https://maps.google.com/?q=Scented%20Leaf%20Tea%20House%20943%20E%20University%20Blvd%20%23165%2C%20Tucson%2C%20AZ%2085719%2C%20USA,http://www.thescentedleaf.com/,2,,0,has website,25,false,ChIJi_CUGQRx1oYRZnjwohCYldw,4.8,453
Tooley's Cafe,"299 S Park Ave, Tucson, AZ 85719, USA",+1 520-372-2350,bar,sam-hughes-university,https://maps.google.com/?q=Tooley%27s%20Cafe%20299%20S%20Park%20Ave%2C%20Tucson%2C%20AZ%2085719%2C%20USA,,1,,0,no website,26,false,ChIJk1SUXflw1oYRsItp-e7LMfU,4.4,69
Frog & Firkin,"874 E University Blvd, Tucson, AZ 85719, USA",+1 520-623-7507,bar,sam-hughes-university,https://maps.google.com/?q=Frog%20%26%20Firkin%20874%20E%20University%20Blvd%2C%20Tucson%2C%20AZ%2085719%2C%20USA,http://www.frogandfirkin.com/,2,,0,has website,27,false,ChIJG-d_cgRx1oYR9FKxHcPNlaA,4.1,1024
No Anchovies,"870 E University Blvd, Tucson, AZ 85719, USA",+1 520-623-3333,bar,sam-hughes-university,https://maps.google.com/?q=No%20Anchovies%20870%20E%20University%20Blvd%2C%20Tucson%2C%20AZ%2085719%2C%20USA,http://noanchoviesaz.com/,2,,0,has website,28,false,ChIJ4ST8bQRx1oYRvVrp9ikxrJ4,4.2,1082
Gentle Ben's,"865 E University Blvd, Tucson, AZ 85719, USA",+1 520-624-4177,bar,sam-hughes-university,https://maps.google.com/?q=Gentle%20Ben%27s%20865%20E%20University%20Blvd%2C%20Tucson%2C%20AZ%2085719%2C%20USA,http://gentlebens.com/,2,,0,has website,29,false,ChIJYY-KtQBx1oYRDANlJnNNtas,4.3,1382
Dirtbag's,"1800 E Speedway Blvd, Tucson, AZ 85719, USA",+1 520-326-2600,bar,sam-hughes-university,https://maps.google.com/?q=Dirtbag%27s%201800%20E%20Speedway%20Blvd%2C%20Tucson%2C%20AZ%2085719%2C%20USA,http://dirtbagsbar.com/,2,,0,has website,30,false,ChIJw1ov0ahx1oYRzgHHJi0veyU,4,267
The Annabelle Studio,"630 E 9th St, Tucson, AZ 85705, USA",+1 520-372-2090,bar,sam-hughes-university,https://maps.google.com/?q=The%20Annabelle%20Studio%20630%20E%209th%20St%2C%20Tucson%2C%20AZ%2085705%2C%20USA,http://laesquinaironhorse.com/,2,,0,has website,31,false,ChIJS4vfwRBx1oYRbDXH8MqImq0,5,12
La Esquina Bar,"630 E 9th St, Tucson, AZ 85705, USA",+1 520-372-2090,bar,sam-hughes-university,https://maps.google.com/?q=La%20Esquina%20Bar%20630%20E%209th%20St%2C%20Tucson%2C%20AZ%2085705%2C%20USA,https://laesquinatucson.com/,2,,0,has website,32,false,ChIJpS6bfsZx1oYR5jSIC8shvdY,4.7,33
Bob Dobb's Bar & Grill,"2501 E 6th St, Tucson, AZ 85716, USA",+1 520-325-3767,bar,sam-hughes-university,https://maps.google.com/?q=Bob%20Dobb%27s%20Bar%20%26%20Grill%202501%20E%206th%20St%2C%20Tucson%2C%20AZ%2085716%2C%20USA,http://www.bobdobbs-tucson.com/,2,,0,has website,33,false,ChIJF03I3Uxw1oYRB_SCQYojgXo,4.2,504
The Buffet Bar,"538 E 9th St, Tucson, AZ 85705, USA",+1 520-623-6811,bar,sam-hughes-university,https://maps.google.com/?q=The%20Buffet%20Bar%20538%20E%209th%20St%2C%20Tucson%2C%20AZ%2085705%2C%20USA,https://www.buffetbartucson.com/,2,,0,has website,34,false,ChIJ5Xz4ywxx1oYRqXCZp2666kI,4.5,803
Trident Grill,"2033 E Speedway Blvd, Tucson, AZ 85719, USA",+1 520-795-5755,bar,sam-hughes-university,https://maps.google.com/?q=Trident%20Grill%202033%20E%20Speedway%20Blvd%2C%20Tucson%2C%20AZ%2085719%2C%20USA,https://tridentgrill.com/,2,,0,has website,35,false,ChIJ_wirVK5x1oYRYoPb4fZvwhY,4.5,1668
Sonoran House Sam Hughes,"2513 E 6th St, Tucson, AZ 85716, USA",+1 520-230-2812,bar,sam-hughes-university,https://maps.google.com/?q=Sonoran%20House%20Sam%20Hughes%202513%20E%206th%20St%2C%20Tucson%2C%20AZ%2085716%2C%20USA,http://sonoranhouse.com/sam-hughes,2,,0,has website,36,false,ChIJJ6UDJNNx1oYRXfsXkI8o8Bg,4.6,185
Black Rock Coffee Bar,"1821 E Broadway Blvd, Tucson, AZ 85719, USA",+1 833-843-5776,cafe,sam-hughes-university,https://maps.google.com/?q=Black%20Rock%20Coffee%20Bar%201821%20E%20Broadway%20Blvd%2C%20Tucson%2C%20AZ%2085719%2C%20USA,https://br.coffee/,2,,0,has website,39,false,ChIJYaVM_-Vx1oYRvIRqVDfrp7U,4.1,446
Slot Canyon Cafe,"1064 E Lowell St, Tucson, AZ 85719, USA",+1 520-626-1624,cafe,sam-hughes-university,https://maps.google.com/?q=Slot%20Canyon%20Cafe%201064%20E%20Lowell%20St%2C%20Tucson%2C%20AZ%2085719%2C%20USA,https://www.union.arizona.edu/infodesk/hours/index.php?cat=dining,2,,0,has website,40,false,ChIJ03ZCogFx1oYRlS_1xffa0E0,4.2,42
Einstein Bros. Bagels,"1303 E University Blvd, Tucson, AZ 85719, USA",+1 520-621-0452,cafe,sam-hughes-university,https://maps.google.com/?q=Einstein%20Bros.%20Bagels%201303%20E%20University%20Blvd%2C%20Tucson%2C%20AZ%2085719%2C%20USA,https://locations.einsteinbros.com/us/az/tucson/1303-e-university-blvd?y_source=1_OTA0OTQ1Ny03MTUtbG9jYXRpb24ud2Vic2l0ZQ%3D%3D,2,,0,has website,41,false,ChIJrXzGQAdx1oYRJbALJpzXkTI,3.6,157
Caffe Luce,"943 E University Blvd #191, Tucson, AZ 85719, USA",+1 520-207-5504,cafe,sam-hughes-university,https://maps.google.com/?q=Caffe%20Luce%20943%20E%20University%20Blvd%20%23191%2C%20Tucson%2C%20AZ%2085719%2C%20USA,https://www.facebook.com/profile.php?id=100063508602657,2,,0,has website,44,false,ChIJPYeUGQRx1oYRsQpTFqBlC1M,4.5,310
Woops! Bakeshop (Main Gate Square),"845 E University Blvd, Tucson, AZ 85719, USA",+1 520-305-3224,cafe,sam-hughes-university,https://maps.google.com/?q=Woops%21%20Bakeshop%20%28Main%20Gate%20Square%29%20845%20E%20University%20Blvd%2C%20Tucson%2C%20AZ%2085719%2C%20USA,https://bywoops.com/locations/main-gate-square/,2,,0,has website,46,false,ChIJNUodQgRx1oYRaKd9yyQzyp8,4.7,356
Laverna's Coffee Shop,"220 S Plumer Ave, Tucson, AZ 85719, USA",+1 520-623-1389,cafe,sam-hughes-university,https://maps.google.com/?q=Laverna%27s%20Coffee%20Shop%20220%20S%20Plumer%20Ave%2C%20Tucson%2C%20AZ%2085719%2C%20USA,https://lavernascoffeeshop.com/,2,,0,has website,48,false,ChIJBeGoO1Bw1oYRK7iJqLnjIZE,4.5,945
HeeMee Coffee + Bakery,"800 E University Blvd STE 4, Tucson, AZ 85719, USA",,cafe,sam-hughes-university,https://maps.google.com/?q=HeeMee%20Coffee%20%2B%20Bakery%20800%20E%20University%20Blvd%20STE%204%2C%20Tucson%2C%20AZ%2085719%2C%20USA,https://heemee.online/,2,,0,has website,49,false,ChIJe4HkUuBx1oYRAq2GdqntfOg,4.3,34
Bruegger's Bagels,"1064 N Campbell Ave, Tucson, AZ 85719, USA",+1 520-325-4567,cafe,sam-hughes-university,https://maps.google.com/?q=Bruegger%27s%20Bagels%201064%20N%20Campbell%20Ave%2C%20Tucson%2C%20AZ%2085719%2C%20USA,https://locations.brueggers.com/us/az/tucson/1064-n-campbell-avenue?y_source=1_OTczMjIwOS03MTUtbG9jYXRpb24ud2Vic2l0ZQ%3D%3D,2,,0,has website,50,false,ChIJzdAX265x1oYR3guzlyqv1aE,4.5,488
Dry Heat Roasting Co.,"1001 N Park Ave, Tucson, AZ 85719, USA",,cafe,sam-hughes-university,https://maps.google.com/?q=Dry%20Heat%20Roasting%20Co.%201001%20N%20Park%20Ave%2C%20Tucson%2C%20AZ%2085719%2C%20USA,,1,,0,no website,52,false,ChIJEwi1ksZx1oYR6nEqT9oQBuc,,
Sweet Street Desserts (within Geronimo),"806 E University Blvd, Tucson, AZ 85719, USA",+1 520-529-7277,bakery,sam-hughes-university,https://maps.google.com/?q=Sweet%20Street%20Desserts%20%28within%20Geronimo%29%20806%20E%20University%20Blvd%2C%20Tucson%2C%20AZ%2085719%2C%20USA,https://www.doordash.com/store/sweet-street-desserts-tucson-25073119,2,,0,has website,55,false,ChIJOQscblxx1oYR4rUgczHQBnc,4.4,49
Cold Stone Creamery,"1927 E Speedway Blvd Ste 115, Tucson, AZ 85719, USA",+1 520-795-7576,bakery,sam-hughes-university,https://maps.google.com/?q=Cold%20Stone%20Creamery%201927%20E%20Speedway%20Blvd%20Ste%20115%2C%20Tucson%2C%20AZ%2085719%2C%20USA,https://www.coldstonecreamery.com/stores/20005?utm_source=gmb&utm_medium=gmb&utm_campaign=gmb&utm_id=gmb,2,,0,has website,56,false,ChIJKxPnIa9x1oYR71dXsd-R-Ag,4,336
Time Market,"444 E University Blvd, Tucson, AZ 85705, USA",+1 520-622-0761,bakery,sam-hughes-university,https://maps.google.com/?q=Time%20Market%20444%20E%20University%20Blvd%2C%20Tucson%2C%20AZ%2085705%2C%20USA,http://www.timemarket.xyz/,2,,0,has website,57,false,ChIJca53Fxtx1oYRuDrQ-8pkYSU,4.7,2299
Insomnia Cookies,"345 E Congress St #145, Tucson, AZ 85705, USA",+1 520-333-5622,bakery,sam-hughes-university,https://maps.google.com/?q=Insomnia%20Cookies%20345%20E%20Congress%20St%20%23145%2C%20Tucson%2C%20AZ%2085705%2C%20USA,https://insomniacookies.com/,2,,0,has website,58,false,ChIJ10_ODyJyToYRj5brFBARs0g,4.1,344
Cal's Bakeshop,"2707 E Broadway Blvd, Tucson, AZ 85716, USA",,bakery,sam-hughes-university,https://maps.google.com/?q=Cal%27s%20Bakeshop%202707%20E%20Broadway%20Blvd%2C%20Tucson%2C%20AZ%2085716%2C%20USA,https://www.instagram.com/calsbakeshop/,2,,0,has website,59,false,ChIJRxmt5epx1oYRwPVUdCG2c5E,4.2,79
1989 Bake House,"745 N 4th Ave, Tucson, AZ 85705, USA",+1 520-540-5775,bakery,sam-hughes-university,https://maps.google.com/?q=1989%20Bake%20House%20745%20N%204th%20Ave%2C%20Tucson%2C%20AZ%2085705%2C%20USA,https://1989bakehouse.com/,2,,0,has website,60,false,ChIJwaAoItud1oYRKqArdCK2QrU,4.3,101
Bread Mill,"825 S Park Ave, Tucson, AZ 85719, USA",+1 520-881-7733,bakery,sam-hughes-university,https://maps.google.com/?q=Bread%20Mill%20825%20S%20Park%20Ave%2C%20Tucson%2C%20AZ%2085719%2C%20USA,https://beyondbread.com/bread-mill/,2,,0,has website,61,false,ChIJ-fJ8Imxx1oYRENxcfNUOR8o,5,12
Cartel Roasting Co,"210 E Broadway Blvd Suite 3, Tucson, AZ 85701, USA",,bakery,sam-hughes-university,https://maps.google.com/?q=Cartel%20Roasting%20Co%20210%20E%20Broadway%20Blvd%20Suite%203%2C%20Tucson%2C%20AZ%2085701%2C%20USA,http://cartelroasting.co/,2,,0,has website,62,false,ChIJfeAGS-Jw1oYRHc-pxCs-Upk,4.4,837
Le Macaron French Pastries Tucson,"260 E Congress St, Tucson, AZ 85701, USA",+1 520-777-7738,bakery,sam-hughes-university,https://maps.google.com/?q=Le%20Macaron%20French%20Pastries%20Tucson%20260%20E%20Congress%20St%2C%20Tucson%2C%20AZ%2085701%2C%20USA,https://lemacaron-us.com/,2,,0,has website,63,false,ChIJKUTBnoFx1oYR-Mpt2CMWSY8,4.6,138
Chez Peachy,"501 N 6th Ave Suite 101, Tucson, AZ 85705, USA",,bakery,sam-hughes-university,https://maps.google.com/?q=Chez%20Peachy%20501%20N%206th%20Ave%20Suite%20101%2C%20Tucson%2C%20AZ%2085705%2C%20USA,https://chezpeachy.com/,2,,0,has website,64,false,ChIJ41OIXQBx1oYR4jCRS0xkUEQ,4.5,457
Natural Grains Tortillas,"810 E 19th St, Tucson, AZ 85719, USA",+1 520-333-5960,bakery,sam-hughes-university,https://maps.google.com/?q=Natural%20Grains%20Tortillas%20810%20E%2019th%20St%2C%20Tucson%2C%20AZ%2085719%2C%20USA,http://www.naturalgrainstortillas.com/,2,,0,has website,65,false,ChIJ0Sp8tTlx1oYRADVEB6-Tg2g,5,1
Tortilleria la Chiquita,"810 E 19th St, Tucson, AZ 85719, USA",+1 520-554-0421,bakery,sam-hughes-university,https://maps.google.com/?q=Tortilleria%20la%20Chiquita%20810%20E%2019th%20St%2C%20Tucson%2C%20AZ%2085719%2C%20USA,,1,,0,no website,66,false,ChIJfzTjUA5x1oYRUZGxtsI5wLY,5,2
Batch,"118 E Congress St, Tucson, AZ 85701, USA",+1 520-203-7370,bakery,sam-hughes-university,https://maps.google.com/?q=Batch%20118%20E%20Congress%20St%2C%20Tucson%2C%20AZ%2085701%2C%20USA,http://batchtucson.com/,2,,0,has website,67,false,ChIJh-Kq8uFw1oYRrziuzZNtOwU,4.5,685
Illegal Pete's - Tucson,"876 E University Blvd, Tucson, AZ 85719, USA",+1 520-253-4411,meal_delivery,sam-hughes-university,https://maps.google.com/?q=Illegal%20Pete%27s%20-%20Tucson%20876%20E%20University%20Blvd%2C%20Tucson%2C%20AZ%2085719%2C%20USA,https://www.illegalpetes.com/?olonwp=JjBtp_vMLk25gkYh_bnoiQ,2,,0,has website,68,false,ChIJ5Q6ucgRx1oYRa6A2o4yNE_E,4.2,845
Jack in the Box,"1055 N Park Ave, Tucson, AZ 85719, USA",+1 520-771-8864,meal_delivery,sam-hughes-university,https://maps.google.com/?q=Jack%20in%20the%20Box%201055%20N%20Park%20Ave%2C%20Tucson%2C%20AZ%2085719%2C%20USA,https://locations.jackinthebox.com/us/az/tucson/1055-n-park-ave?utm_source=google&utm_medium=local&utm_campaign=google-local,2,,0,has website,69,false,ChIJ4dBO1P5x1oYRv4gSbhDk6Ug,3.8,697
Wok Fire & Grill,"1135 N Park Ave, Tucson, AZ 85719, USA",+1 520-889-2388,meal_delivery,sam-hughes-university,https://maps.google.com/?q=Wok%20Fire%20%26%20Grill%201135%20N%20Park%20Ave%2C%20Tucson%2C%20AZ%2085719%2C%20USA,https://wokfire.com/,2,,0,has website,71,false,ChIJWRU8f6Bx1oYRgeN5rlxISXk,4.3,305
Caruso's,"434 N 4th Ave, Tucson, AZ 85705, USA",+1 520-624-5765,meal_delivery,sam-hughes-university,https://maps.google.com/?q=Caruso%27s%20434%20N%204th%20Ave%2C%20Tucson%2C%20AZ%2085705%2C%20USA,https://carusositalian.com/?utm_source=google,2,,0,has website,72,false,ChIJBUcHWBxx1oYR-lOeoOVCqys,4.2,2097
Brooklyn Pizza Company,"534 N 4th Ave, Tucson, AZ 85705, USA",+1 520-622-6868,meal_delivery,sam-hughes-university,https://maps.google.com/?q=Brooklyn%20Pizza%20Company%20534%20N%204th%20Ave%2C%20Tucson%2C%20AZ%2085705%2C%20USA,http://brooklynpizzacompany.com/,2,,0,has website,73,false,ChIJdbM5iBxx1oYRsyRZoJbcPI8,4.2,2105
Jaime's Pizza Kitchen,"312 E Congress St, Tucson, AZ 85701, USA",+1 520-849-5908,meal_delivery,sam-hughes-university,https://maps.google.com/?q=Jaime%27s%20Pizza%20Kitchen%20312%20E%20Congress%20St%2C%20Tucson%2C%20AZ%2085701%2C%20USA,http://www.tucsonjaimes.com/,2,,0,has website,74,false,ChIJ1fPqkg5x1oYRJX6Yo3ghVdw,4.7,346
Baggin's Gourmet Sandwiches,"2741 E Speedway Blvd, Tucson, AZ 85716, USA",+1 520-327-4342,meal_delivery,sam-hughes-university,https://maps.google.com/?q=Baggin%27s%20Gourmet%20Sandwiches%202741%20E%20Speedway%20Blvd%2C%20Tucson%2C%20AZ%2085716%2C%20USA,http://www.bagginsgourmet.com/,2,,0,has website,75,false,ChIJ3eHklbZx1oYRwuz3cFgQJXM,4.1,334
Baggin's Gourmet Sandwiches,"33 N Stone Ave Suite 108, Tucson, AZ 85701, USA",+1 520-792-1344,meal_delivery,sam-hughes-university,https://maps.google.com/?q=Baggin%27s%20Gourmet%20Sandwiches%2033%20N%20Stone%20Ave%20Suite%20108%2C%20Tucson%2C%20AZ%2085701%2C%20USA,http://www.bagginsgourmet.com/,2,,0,has website,76,false,ChIJM_80K-Bw1oYRcTWRdEWkurc,4,185
Blackjack Pizza & Salads,"2505 N Campbell Ave, Tucson, AZ 85719, USA",+1 520-325-2121,meal_delivery,sam-hughes-university,https://maps.google.com/?q=Blackjack%20Pizza%20%26%20Salads%202505%20N%20Campbell%20Ave%2C%20Tucson%2C%20AZ%2085719%2C%20USA,https://blackjackpizza.com/locations/tucson/,2,,0,has website,78,false,ChIJ78hkKp9x1oYRaISnVfHVHhk,4.4,804
Anita Street Market,"849 N Anita Ave, Tucson, AZ 85705, USA",+1 520-335-3731,meal_delivery,sam-hughes-university,https://maps.google.com/?q=Anita%20Street%20Market%20849%20N%20Anita%20Ave%2C%20Tucson%2C%20AZ%2085705%2C%20USA,https://anitastmarket.com/,2,,0,has website,80,false,ChIJ69XpWjtx1oYRvBIlCGaNFqY,4.3,956
TACOS Y HOT DOGS EL GIRO,"420 W 22nd St, Tucson, AZ 85713, USA",+1 520-409-2284,meal_delivery,sam-hughes-university,https://maps.google.com/?q=TACOS%20Y%20HOT%20DOGS%20EL%20GIRO%20420%20W%2022nd%20St%2C%20Tucson%2C%20AZ%2085713%2C%20USA,,1,,0,no website,81,false,ChIJPcLNOgBx1oYRdzhTCHcRdIE,5,1
The Burger Den,"555 N Freeway, Tucson, AZ 85745, USA",+1 520-623-8249,meal_delivery,sam-hughes-university,https://maps.google.com/?q=The%20Burger%20Den%20555%20N%20Freeway%2C%20Tucson%2C%20AZ%2085745%2C%20USA,https://www.theburgerden.com/?utm_source=G&utm_medium=organic&utm_campaign=DAC,2,,0,has website,82,false,ChIJ44HnAbhx1oYRvFIM0JPJlRI,3,2
On Deck Deli,"1303 E University Blvd, Tucson, AZ 85719, USA",+1 520-621-7041,meal_takeaway,sam-hughes-university,https://maps.google.com/?q=On%20Deck%20Deli%201303%20E%20University%20Blvd%2C%20Tucson%2C%20AZ%2085719%2C%20USA,http://www.union.arizona.edu/dining/sumc/ondeck,2,,0,has website,83,false,ChIJVZZ-RQdx1oYRKGOfNXjo44I,3.3,18
ZENSHI Handcrafted Sushi,"1940 E Broadway Blvd, Tucson, AZ 85719, USA",+1 520-206-9047,meal_takeaway,sam-hughes-university,https://maps.google.com/?q=ZENSHI%20Handcrafted%20Sushi%201940%20E%20Broadway%20Blvd%2C%20Tucson%2C%20AZ%2085719%2C%20USA,https://www.zenshisushi.com/,2,,0,has website,84,false,ChIJW2Hh3JZx1oYRJNlQ8GDhEVc,,
Del Taco,"840 E Broadway Blvd, Tucson, AZ 85719, USA",+1 520-628-7258,meal_takeaway,sam-hughes-university,https://maps.google.com/?q=Del%20Taco%20840%20E%20Broadway%20Blvd%2C%20Tucson%2C%20AZ%2085719%2C%20USA,https://locations.deltaco.com/us/az/tucson/840-e-broadway-blvd?utm_source=G&utm_medium=local&utm_campaign=google-local,2,,0,has website,85,false,ChIJTc_HZ_xw1oYRJ9ktwlgKGzs,3.9,2436
Turkish Kebab House,"810 E University Blvd, Tucson, AZ 85719, USA",+1 520-623-4010,meal_takeaway,sam-hughes-university,https://maps.google.com/?q=Turkish%20Kebab%20House%20810%20E%20University%20Blvd%2C%20Tucson%2C%20AZ%2085719%2C%20USA,https://www.turkishkebabhouse.us/,2,,0,has website,86,false,ChIJNwJmhoBz1oYRvY3veXzA6DU,4.6,390
Kababeque Indian Grill,"845 E University Blvd #185, Tucson, AZ 85719, USA",+1 520-388-4500,meal_takeaway,sam-hughes-university,https://maps.google.com/?q=Kababeque%20Indian%20Grill%20845%20E%20University%20Blvd%20%23185%2C%20Tucson%2C%20AZ%2085719%2C%20USA,,1,,0,no website,87,false,ChIJ3z7uaQRx1oYRloZSA-Ul5n0,4.2,490
Flakes,"1031 N Park Ave, Tucson, AZ 85719, USA",+1 520-344-4611,meal_takeaway,sam-hughes-university,https://maps.google.com/?q=Flakes%201031%20N%20Park%20Ave%2C%20Tucson%2C%20AZ%2085719%2C%20USA,https://flakesexpress.com/,2,,0,has website,89,false,ChIJVXh_86tx1oYRnF5dJ_tLUZA,4.8,98
Bison Witches,"326 N 4th Ave, Tucson, AZ 85705, USA",+1 520-740-1541,meal_takeaway,sam-hughes-university,https://maps.google.com/?q=Bison%20Witches%20326%20N%204th%20Ave%2C%20Tucson%2C%20AZ%2085705%2C%20USA,http://www.bisonwitchestucson.com/,2,,0,has website,92,false,ChIJFaHODh1x1oYRI4FPdOJIoeE,4.6,3313
Coop by cowpig,"429 N 4th Ave, Tucson, AZ 85713, USA",+1 520-526-2385,meal_takeaway,sam-hughes-university,https://maps.google.com/?q=Coop%20by%20cowpig%20429%20N%204th%20Ave%2C%20Tucson%2C%20AZ%2085713%2C%20USA,http://coopxcowpig.com/,2,,0,has website,93,false,ChIJi39eSttx1oYRHwzIZsr-JxI,4.7,247
Bodega Solai on 4th,"127 S 4th Ave, Tucson, AZ 85701, USA",+1 520-373-4529,meal_takeaway,sam-hughes-university,https://maps.google.com/?q=Bodega%20Solai%20on%204th%20127%20S%204th%20Ave%2C%20Tucson%2C%20AZ%2085701%2C%20USA,,1,,0,no website,94,false,ChIJBSE2Eo1x1oYRV_Whg5wGWjE,5,4
Bonchon Tucson - North 4th Avenue,"802 N 4th Ave, Tucson, AZ 85705, USA",+1 520-204-1000,meal_takeaway,sam-hughes-university,https://maps.google.com/?q=Bonchon%20Tucson%20-%20North%204th%20Avenue%20802%20N%204th%20Ave%2C%20Tucson%2C%20AZ%2085705%2C%20USA,https://restaurants.bonchon.com/locations/az/tucson/802-north-4th-ave,2,,0,has website,95,false,ChIJmw8bJABx1oYRMw0QaccEFhg,4.3,88
Stellar Studios,"1526 E Broadway Blvd, Tucson, AZ 85719, USA",+1 520-614-4988,hair_salon,sam-hughes-university,https://maps.google.com/?q=Stellar%20Studios%201526%20E%20Broadway%20Blvd%2C%20Tucson%2C%20AZ%2085719%2C%20USA,https://www.stellarstudios.org/,2,,0,has website,96,false,ChIJL84Gz99x1oYR2yiN7U7CJTg,4.9,220
Pure-Mettle,"103 N Park Ave UNIT 107, Tucson, AZ 85719, USA",+1 520-269-9607,hair_salon,sam-hughes-university,https://maps.google.com/?q=Pure-Mettle%20103%20N%20Park%20Ave%20UNIT%20107%2C%20Tucson%2C%20AZ%2085719%2C%20USA,http://pure-mettle.com/,2,,0,has website,98,false,ChIJy1C82blx1oYRPBOpRJGvPcM,4.9,263
Whiz Bang Hair - Catrina Turner,"2030 E Broadway Blvd UNIT 203, Tucson, AZ 85719, USA",+1 520-500-3349,hair_salon,sam-hughes-university,https://maps.google.com/?q=Whiz%20Bang%20Hair%20-%20Catrina%20Turner%202030%20E%20Broadway%20Blvd%20UNIT%20203%2C%20Tucson%2C%20AZ%2085719%2C%20USA,http://www.whizbanghair.com/,2,,0,has website,99,false,ChIJh-Xg5x5z1oYRE0Ty6XJNQo0,5,3
Shine Hair & Makeup Lounge,"2425 E Broadway Blvd, Tucson, AZ 85719, USA",+1 520-623-1579,hair_salon,sam-hughes-university,https://maps.google.com/?q=Shine%20Hair%20%26%20Makeup%20Lounge%202425%20E%20Broadway%20Blvd%2C%20Tucson%2C%20AZ%2085719%2C%20USA,,1,,0,no website,100,false,ChIJC95WXk5w1oYRhT5EwYssPXk,5,4
Hairmosa Salon,"2425 E Broadway Blvd, Tucson, AZ 85719, USA",+1 520-971-1886,hair_salon,sam-hughes-university,https://maps.google.com/?q=Hairmosa%20Salon%202425%20E%20Broadway%20Blvd%2C%20Tucson%2C%20AZ%2085719%2C%20USA,http://hairmosasalontucson.com/,2,,0,has website,101,false,ChIJcy6bkd5x1oYRNlKts2e7dGc,4.9,107
Hair.By.Angie.Lyn,"2525 E 6th St, Tucson, AZ 85716, USA",+1 520-305-6058,hair_salon,sam-hughes-university,https://maps.google.com/?q=Hair.By.Angie.Lyn%202525%20E%206th%20St%2C%20Tucson%2C%20AZ%2085716%2C%20USA,,1,,0,no website,102,false,ChIJPRhlpKdx1oYRkX3vp4fWk5Y,,
TK Hair Studio,"2230 E Speedway Blvd #120, Tucson, AZ 85719, USA",,hair_salon,sam-hughes-university,https://maps.google.com/?q=TK%20Hair%20Studio%202230%20E%20Speedway%20Blvd%20%23120%2C%20Tucson%2C%20AZ%2085719%2C%20USA,,1,,0,no website,103,false,ChIJW1zWVABx1oYRwCjXyyg9Yno,,
Willow Salon,"219 N 3rd Ave Suite 141, Tucson, AZ 85705, USA",+1 520-822-6029,hair_salon,sam-hughes-university,https://maps.google.com/?q=Willow%20Salon%20219%20N%203rd%20Ave%20Suite%20141%2C%20Tucson%2C%20AZ%2085705%2C%20USA,http://www.willowsalonaz.com/,2,,0,has website,104,false,ChIJPdqKKclz1oYRLcMbLKhnebU,4.8,303
Belle Starr Salon,"431 E 7th St, Tucson, AZ 85705, USA",+1 520-409-4866,hair_salon,sam-hughes-university,https://maps.google.com/?q=Belle%20Starr%20Salon%20431%20E%207th%20St%2C%20Tucson%2C%20AZ%2085705%2C%20USA,https://online.rosysalonsoftware.com/about/43331,2,,0,has website,105,false,ChIJM9wwd-xw1oYREVH8prWsL9Y,4.8,59
Boss Shears Salon,"426 E 7th St, Tucson, AZ 85705, USA",+1 520-623-2235,hair_salon,sam-hughes-university,https://maps.google.com/?q=Boss%20Shears%20Salon%20426%20E%207th%20St%2C%20Tucson%2C%20AZ%2085705%2C%20USA,,1,,0,no website,106,false,ChIJRzDoGh1x1oYRvr8Q7dyOsxY,4.8,77
The Studio Hair Artistry,"2549 E Broadway Blvd, Tucson, AZ 85716, USA",+1 520-327-0848,hair_salon,sam-hughes-university,https://maps.google.com/?q=The%20Studio%20Hair%20Artistry%202549%20E%20Broadway%20Blvd%2C%20Tucson%2C%20AZ%2085716%2C%20USA,http://www.thestudiotucson.com/,2,,0,has website,107,false,ChIJrbhzPMxx1oYR4O27uv3YB4E,4.7,172
The Beverly Hair Salon,"408 E 7th St, Tucson, AZ 85705, USA",+1 520-358-0495,hair_salon,sam-hughes-university,https://maps.google.com/?q=The%20Beverly%20Hair%20Salon%20408%20E%207th%20St%2C%20Tucson%2C%20AZ%2085705%2C%20USA,,1,,0,no website,108,false,ChIJp8u6Bh1x1oYR43VnXPnj1bc,5,5
Bella Curl Salon,"2538 E Broadway Blvd, Tucson, AZ 85716, USA",,hair_salon,sam-hughes-university,https://maps.google.com/?q=Bella%20Curl%20Salon%202538%20E%20Broadway%20Blvd%2C%20Tucson%2C%20AZ%2085716%2C%20USA,https://bellacurlsalon.com/,2,,0,has website,109,false,ChIJ31xbEBxx1oYRiaDtZvsXuiU,4.9,39
The Neon Door,"224 N 4th Ave, Tucson, AZ 85705, USA",+1 520-849-5844,hair_salon,sam-hughes-university,https://maps.google.com/?q=The%20Neon%20Door%20224%20N%204th%20Ave%2C%20Tucson%2C%20AZ%2085705%2C%20USA,https://theneondooraz.com/,2,,0,has website,110,false,ChIJMztew8dx1oYRA6CG4arA-co,4.9,113
Salon Salon,"410 E Toole Ave, Tucson, AZ 85705, USA",+1 520-777-3224,hair_salon,sam-hughes-university,https://maps.google.com/?q=Salon%20Salon%20410%20E%20Toole%20Ave%2C%20Tucson%2C%20AZ%2085705%2C%20USA,http://salonsalonaz.com/,2,,0,has website,111,false,ChIJqzTzCuJw1oYRQ6lEaAYCP3U,4.8,102
Hair by David & Co,"135 S 5th Ave, Tucson, AZ 85701, USA",+1 520-668-3759,hair_salon,sam-hughes-university,https://maps.google.com/?q=Hair%20by%20David%20%26%20Co%20135%20S%205th%20Ave%2C%20Tucson%2C%20AZ%2085701%2C%20USA,,1,,0,no website,112,false,ChIJbfFObBRx1oYRI8VsbSALv5Q,4.9,14
Kim Gregson Hair,"549 N 6th Ave #1/2, Tucson, AZ 85705, USA",+1 602-796-0780,hair_salon,sam-hughes-university,https://maps.google.com/?q=Kim%20Gregson%20Hair%20549%20N%206th%20Ave%20%231/2%2C%20Tucson%2C%20AZ%2085705%2C%20USA,https://kimgregsonhair.square.site/,2,,0,has website,113,false,ChIJ8RlGihpx1oYRUSmDxCG_-5M,,
Trims by Trin,"549 N 6th Ave, Tucson, AZ 85705, USA",,hair_salon,sam-hughes-university,https://maps.google.com/?q=Trims%20by%20Trin%20549%20N%206th%20Ave%2C%20Tucson%2C%20AZ%2085705%2C%20USA,,1,,0,no website,114,false,ChIJbwFYEMZx1oYRIVyd-SSwIyI,,
Hot Dish Hair Club by McKenna,"549 N 6th Ave, Tucson, AZ 85705, USA",,hair_salon,sam-hughes-university,https://maps.google.com/?q=Hot%20Dish%20Hair%20Club%20by%20McKenna%20549%20N%206th%20Ave%2C%20Tucson%2C%20AZ%2085705%2C%20USA,http://www.1800-hot-dish.com/,2,,0,has website,115,false,ChIJTX43g1Nx1oYRZj0aXOf4lzs,,
Spa Solai - 6th,"446 N Campbell Ave #180, Tucson, AZ 85719, USA",+1 520-447-7727,nail_salon,sam-hughes-university,https://maps.google.com/?q=Spa%20Solai%20-%206th%20446%20N%20Campbell%20Ave%20%23180%2C%20Tucson%2C%20AZ%2085719%2C%20USA,https://www.spasolai.com/,2,,0,has website,116,false,ChIJs0T7N1Nw1oYRKcYool8tRjA,4.3,122
A & K Nails,"1830 E Broadway Blvd #180, Tucson, AZ 85719, USA",+1 520-624-3371,nail_salon,sam-hughes-university,https://maps.google.com/?q=A%20%26%20K%20Nails%201830%20E%20Broadway%20Blvd%20%23180%2C%20Tucson%2C%20AZ%2085719%2C%20USA,,1,,0,no website,117,false,ChIJ21afslZw1oYR1VMxYDkOBSk,2.9,72
Retro Nail Bar,"122 S Olsen Ave UNIT 106, Tucson, AZ 85719, USA",+1 520-276-7036,nail_salon,sam-hughes-university,https://maps.google.com/?q=Retro%20Nail%20Bar%20122%20S%20Olsen%20Ave%20UNIT%20106%2C%20Tucson%2C%20AZ%2085719%2C%20USA,http://retronailbar.com/,2,,0,has website,118,false,ChIJ4x9szApx1oYROAVaBgsZBaY,4.7,42
Madame of the Nails,"122 S Olsen Ave UNIT 106, Tucson, AZ 85719, USA",+1 520-222-6059,nail_salon,sam-hughes-university,https://maps.google.com/?q=Madame%20of%20the%20Nails%20122%20S%20Olsen%20Ave%20UNIT%20106%2C%20Tucson%2C%20AZ%2085719%2C%20USA,https://chrisb.glossgenius.com/,2,,0,has website,119,false,ChIJ2cFPIRNx1oYRfy_jpfB6fAc,,
Nail Theory,"845 E University Blvd, Tucson, AZ 85719, USA",+1 520-777-7996,nail_salon,sam-hughes-university,https://maps.google.com/?q=Nail%20Theory%20845%20E%20University%20Blvd%2C%20Tucson%2C%20AZ%2085719%2C%20USA,https://nailtheoryaz.com/,2,,0,has website,120,false,ChIJcbTyk2Nx1oYROifVPOI5DbI,4.6,84
Lush Nail Lounge,"1927 E Speedway Blvd Suite 107, Tucson, AZ 85719, USA",+1 520-729-0274,nail_salon,sam-hughes-university,https://maps.google.com/?q=Lush%20Nail%20Lounge%201927%20E%20Speedway%20Blvd%20Suite%20107%2C%20Tucson%2C%20AZ%2085719%2C%20USA,https://www.instagram.com/lush_nail_lounge_tucson/?hl=en,2,,0,has website,121,false,ChIJ64ALCodx1oYRNfxewWXxRz4,4.3,292
Lemonails,"2547 E Broadway Blvd, Tucson, AZ 85716, USA",+1 520-256-5067,nail_salon,sam-hughes-university,https://maps.google.com/?q=Lemonails%202547%20E%20Broadway%20Blvd%2C%20Tucson%2C%20AZ%2085716%2C%20USA,http://www.lemonailstucson.com/,2,,0,has website,122,false,ChIJL9pV8JJx1oYRPU3hkGHYINs,4.7,13
Metropolis The Salon,"529 N 4th Ave, Tucson, AZ 85705, USA",+1 520-296-7400,nail_salon,sam-hughes-university,https://maps.google.com/?q=Metropolis%20The%20Salon%20529%20N%204th%20Ave%2C%20Tucson%2C%20AZ%2085705%2C%20USA,http://metropolistucson.com/,2,,0,has website,123,false,ChIJx0CIathx1oYRllxjdXDQktM,5,9
Jess Nailsss,"729 N 4th Ave, Tucson, AZ 85705, USA",,nail_salon,sam-hughes-university,https://maps.google.com/?q=Jess%20Nailsss%20729%20N%204th%20Ave%2C%20Tucson%2C%20AZ%2085705%2C%20USA,,1,,0,no website,124,false,ChIJmSRaKXNx1oYRwz7K5Sg93-o,,
Peach Nails,"2545 E Speedway Blvd #155, Tucson, AZ 85716, USA",+1 520-867-8118,nail_salon,sam-hughes-university,https://maps.google.com/?q=Peach%20Nails%202545%20E%20Speedway%20Blvd%20%23155%2C%20Tucson%2C%20AZ%2085716%2C%20USA,http://peachnails7308.simplepos.us/,2,,0,has website,125,false,ChIJRWQEPrFx1oYRtigDrl5tU_4,4.1,246
"greentoes Nail Salon, Massage and Day Spa","529 N 6th Ave, Tucson, AZ 85705, USA",+1 520-777-6281,nail_salon,sam-hughes-university,https://maps.google.com/?q=greentoes%20Nail%20Salon%2C%20Massage%20and%20Day%20Spa%20529%20N%206th%20Ave%2C%20Tucson%2C%20AZ%2085705%2C%20USA,https://www.greentoestucson.com/,2,,0,has website,126,false,ChIJQ88trB5x1oYRjpGa_tswLuU,4.8,879
SELAH,"621 N 6th Ave, Tucson, AZ 85705, USA",+1 520-276-5777,nail_salon,sam-hughes-university,https://maps.google.com/?q=SELAH%20621%20N%206th%20Ave%2C%20Tucson%2C%20AZ%2085705%2C%20USA,http://selahtucson.com/,2,,0,has website,127,false,ChIJo1cXtx5x1oYRdgxaTwIkYXk,5,452
Aveda Institute Tucson,"145 S 6th Ave, Tucson, AZ 85701, USA",+1 520-207-2660,nail_salon,sam-hughes-university,https://maps.google.com/?q=Aveda%20Institute%20Tucson%20145%20S%206th%20Ave%2C%20Tucson%2C%20AZ%2085701%2C%20USA,https://avedainspiregreatness.com/tucson-campus/?utm_source=google&utm_medium=organic&utm_campaign=gbp-listing,2,,0,has website,128,false,ChIJj-kBIQRx1oYRoz9lVgjpmn4,4.9,1657
Number One Nails by Thi,"2900 E Broadway Blvd #178, Tucson, AZ 85716, USA",+1 520-326-3210,nail_salon,sam-hughes-university,https://maps.google.com/?q=Number%20One%20Nails%20by%20Thi%202900%20E%20Broadway%20Blvd%20%23178%2C%20Tucson%2C%20AZ%2085716%2C%20USA,,1,,0,no website,129,false,ChIJFVcR9Ehw1oYRjTY-c0TxjTY,4.6,75
Nails by Desyanna LLC,"25 E Congress St, Tucson, AZ 85701, USA",+1 520-349-5132,nail_salon,sam-hughes-university,https://maps.google.com/?q=Nails%20by%20Desyanna%20LLC%2025%20E%20Congress%20St%2C%20Tucson%2C%20AZ%2085701%2C%20USA,https://www.nailsbydesyanna.com/,2,,0,has website,130,false,ChIJe-GAHAdx1oYRoaj0YRHxmAc,5,11
Nails By Mar-Mar,"2 E Congress St # 900, Tucson, AZ 85701, USA",,nail_salon,sam-hughes-university,https://maps.google.com/?q=Nails%20By%20Mar-Mar%202%20E%20Congress%20St%20%23%20900%2C%20Tucson%2C%20AZ%2085701%2C%20USA,,1,,0,no website,131,false,ChIJnV5yKgxx1oYRm2LRrDshGz4,,
The Natural Sanctuary Salon,"388 S Stone Ave, Tucson, AZ 85701, USA",+1 520-882-6280,nail_salon,sam-hughes-university,https://maps.google.com/?q=The%20Natural%20Sanctuary%20Salon%20388%20S%20Stone%20Ave%2C%20Tucson%2C%20AZ%2085701%2C%20USA,,1,,0,no website,132,false,ChIJVeaDxOZw1oYR2lqQlrYHBK8,5,5
Empire Beauty School,"3030 E Speedway Blvd, Tucson, AZ 85716, USA",+1 520-492-2116,nail_salon,sam-hughes-university,https://maps.google.com/?q=Empire%20Beauty%20School%203030%20E%20Speedway%20Blvd%2C%20Tucson%2C%20AZ%2085716%2C%20USA,https://www.empire.edu/cosmetology-schools/arizona/tucson-university-area?v=local&utm_source=google&utm_medium=organic&utm_campaign=gmb,2,,0,has website,133,false,ChIJeWUu_LVx1oYRTk87rBIxItc,4.9,2341
The Wonderland Salon + Academy,"840 S 6th Ave, Tucson, AZ 85701, USA",+1 520-488-3344,nail_salon,sam-hughes-university,https://maps.google.com/?q=The%20Wonderland%20Salon%20%2B%20Academy%20840%20S%206th%20Ave%2C%20Tucson%2C%20AZ%2085701%2C%20USA,https://mysite.vagaro.com/thelashwonderlandaz,2,,0,has website,134,false,ChIJx2aQbTpx1oYRJp-341sWBYY,5,173
Fati's Hair Braiding,"2012 E Broadway Blvd Suite 103, Tucson, AZ 85719, USA",+1 520-704-0959,beauty_salon,sam-hughes-university,https://maps.google.com/?q=Fati%27s%20Hair%20Braiding%202012%20E%20Broadway%20Blvd%20Suite%20103%2C%20Tucson%2C%20AZ%2085719%2C%20USA,http://fatishairbraiding.com/,2,,0,has website,136,false,ChIJAQAMC1Fw1oYRDZPagd2wQNo,4.3,75
Be You Beauty - Esthetics LLC,"2030 E Broadway Blvd #3, Tucson, AZ 85719, USA",+1 520-909-8154,beauty_salon,sam-hughes-university,https://maps.google.com/?q=Be%20You%20Beauty%20-%20Esthetics%20LLC%202030%20E%20Broadway%20Blvd%20%233%2C%20Tucson%2C%20AZ%2085719%2C%20USA,https://beyoubeautyesthetics.glossgenius.com/,2,,0,has website,137,false,ChIJY_yq26Zx1oYRhud7JxRCSm4,5,4
Endless Summer,"122 S Olsen Ave UNIT 102, Tucson, AZ 85719, USA",+1 520-305-3931,beauty_salon,sam-hughes-university,https://maps.google.com/?q=Endless%20Summer%20122%20S%20Olsen%20Ave%20UNIT%20102%2C%20Tucson%2C%20AZ%2085719%2C%20USA,http://www.endlesssummertucsonspa.com/,2,,0,has website,138,false,ChIJ46nB5qhx1oYRHtupNM_gYAU,4.8,36
Mad Lashes Tucson,"122 S Olsen Ave UNIT 106, Tucson, AZ 85719, USA",,beauty_salon,sam-hughes-university,https://maps.google.com/?q=Mad%20Lashes%20Tucson%20122%20S%20Olsen%20Ave%20UNIT%20106%2C%20Tucson%2C%20AZ%2085719%2C%20USA,https://www.madlashestucson.com/,2,,0,has website,139,false,ChIJwVxa6GVx1oYR7qKZZmYdEvM,,
The LashSmith,"122 S Olsen Ave UNIT 106, Tucson, AZ 85719, USA",+1 520-907-3838,beauty_salon,sam-hughes-university,https://maps.google.com/?q=The%20LashSmith%20122%20S%20Olsen%20Ave%20UNIT%20106%2C%20Tucson%2C%20AZ%2085719%2C%20USA,,1,,0,no website,140,false,ChIJ44sxuZtx1oYRlVW7eiQEJGk,,
Beach Bunnie Tanning & Wax Bar,"943 E University Blvd #179, Tucson, AZ 85719, USA",+1 520-792-8267,beauty_salon,sam-hughes-university,https://maps.google.com/?q=Beach%20Bunnie%20Tanning%20%26%20Wax%20Bar%20943%20E%20University%20Blvd%20%23179%2C%20Tucson%2C%20AZ%2085719%2C%20USA,http://www.beachbunnietanning.com/,2,,0,has website,141,false,ChIJPYeUGQRx1oYR0AwxTBvy32s,4.6,62
"Broken Clover Tattoo, Laser, and Piercing","710 E 9th St, Tucson, AZ 85719, USA",+1 520-207-6459,beauty_salon,sam-hughes-university,https://maps.google.com/?q=Broken%20Clover%20Tattoo%2C%20Laser%2C%20and%20Piercing%20710%20E%209th%20St%2C%20Tucson%2C%20AZ%2085719%2C%20USA,http://www.brokenclovertattoo.com/,2,,0,has website,142,false,ChIJTROmbv1w1oYRoyw3mOaOo3Q,4.8,470
LASH,"515 N Tucson Blvd, Tucson, AZ 85716, USA",+1 520-207-9570,beauty_salon,sam-hughes-university,https://maps.google.com/?q=LASH%20515%20N%20Tucson%20Blvd%2C%20Tucson%2C%20AZ%2085716%2C%20USA,http://lashandskintucson.com/,2,,0,has website,143,false,ChIJgV3wks1x1oYRa1j-UeBUOnA,4.6,39
Looks Skin Boutique,"10 N Norton Ave #100, Tucson, AZ 85719, USA",+1 520-624-5665,beauty_salon,sam-hughes-university,https://maps.google.com/?q=Looks%20Skin%20Boutique%2010%20N%20Norton%20Ave%20%23100%2C%20Tucson%2C%20AZ%2085719%2C%20USA,http://www.looksskin.com/,2,,0,has website,144,false,ChIJeyUqYE5w1oYRXSFNdyyOFAE,5,4
European Wax Center,"1927 E Speedway Blvd Suite 1001, Tucson, AZ 85719, USA",+1 520-888-8929,beauty_salon,sam-hughes-university,https://maps.google.com/?q=European%20Wax%20Center%201927%20E%20Speedway%20Blvd%20Suite%201001%2C%20Tucson%2C%20AZ%2085719%2C%20USA,https://locations.waxcenter.com/az/tucson/tucson-speedway-at-campbell-1101.html?utm_source=google&utm_medium=search&utm_content=local-listing&utm_campaign=gmb-listing&utm_term=ewc-gmb,2,,0,has website,145,false,ChIJdxQRVyVx1oYR5oF_o_KuZIU,4.9,769
The Artist Beauty Bar,"35 N Tucson Blvd, Tucson, AZ 85716, USA",,beauty_salon,sam-hughes-university,https://maps.google.com/?q=The%20Artist%20Beauty%20Bar%2035%20N%20Tucson%20Blvd%2C%20Tucson%2C%20AZ%2085716%2C%20USA,,1,,0,no website,146,false,ChIJKxZuh9Vx1oYRl-PD4JlXkdU,,
Wax Werks,"2510 E 6th St, Tucson, AZ 85716, USA",+1 520-907-4707,beauty_salon,sam-hughes-university,https://maps.google.com/?q=Wax%20Werks%202510%20E%206th%20St%2C%20Tucson%2C%20AZ%2085716%2C%20USA,http://waxwerkswaxingsalon.com/,2,,0,has website,147,false,ChIJK6m-6Exw1oYR8C8K_63es_I,4.7,133
Oriental massage & reflexology,"1427 E Broadway Blvd, Tucson, AZ 85719, USA",+1 520-222-6626,spa,sam-hughes-university,https://maps.google.com/?q=Oriental%20massage%20%26%20reflexology%201427%20E%20Broadway%20Blvd%2C%20Tucson%2C%20AZ%2085719%2C%20USA,,1,,0,no website,148,false,ChIJeelwStSrniIRFqvnQoKaFdo,5,15
Tucson Massage Company,"1222 E Broadway Blvd, Tucson, AZ 85719, USA",+1 520-535-0099,spa,sam-hughes-university,https://maps.google.com/?q=Tucson%20Massage%20Company%201222%20E%20Broadway%20Blvd%2C%20Tucson%2C%20AZ%2085719%2C%20USA,https://tucsonmassagecompany.com/,2,,0,has website,149,false,ChIJ_bNfdhhx1oYRBL9OvwtQF_Y,4.9,1012
SKNRGY Aesthetics,"905 E University Blvd #101, Tucson, AZ 85719, USA",+1 520-372-2001,spa,sam-hughes-university,https://maps.google.com/?q=SKNRGY%20Aesthetics%20905%20E%20University%20Blvd%20%23101%2C%20Tucson%2C%20AZ%2085719%2C%20USA,https://www.sknrgyaesthetics.com/,2,,0,has website,150,false,ChIJ7Q_bi1xx1oYRKGL_F4y1MSA,5,457
Aesthetic Ritual,"2525 E 6th St RM 4, Tucson, AZ 85716, USA",+1 520-365-8935,spa,sam-hughes-university,https://maps.google.com/?q=Aesthetic%20Ritual%202525%20E%206th%20St%20RM%204%2C%20Tucson%2C%20AZ%2085716%2C%20USA,https://aestheticritual.com/,2,,0,has website,151,false,ChIJP3Ox3mdx1oYRiOarXs7II_A,5,49
Modern Gypsy Wellness,"2525 E 6th St Room 3, Tucson, AZ 85716, USA",+1 520-392-5606,spa,sam-hughes-university,https://maps.google.com/?q=Modern%20Gypsy%20Wellness%202525%20E%206th%20St%20Room%203%2C%20Tucson%2C%20AZ%2085716%2C%20USA,https://moderngypsywellness.square.site/s/appointments,2,,0,has website,152,false,ChIJpRyQo-9x1oYRSt7tU4vL_tg,5,12
Carols About Face,"2230 E Speedway Blvd, Tucson, AZ 85719, USA",+1 520-327-3389,spa,sam-hughes-university,https://maps.google.com/?q=Carols%20About%20Face%202230%20E%20Speedway%20Blvd%2C%20Tucson%2C%20AZ%2085719%2C%20USA,,1,,0,no website,153,false,ChIJzf3YJq5x1oYR7LMUFsQzze0,5,7
Modern Hue Aesthetics,"219 N 3rd Ave Suite 141, Tucson, AZ 85705, USA",+1 520-822-4758,spa,sam-hughes-university,https://maps.google.com/?q=Modern%20Hue%20Aesthetics%20219%20N%203rd%20Ave%20Suite%20141%2C%20Tucson%2C%20AZ%2085705%2C%20USA,https://square.site/book/LBRAZ3Z8GBTCT/modern-hue-aesthetics-tucson-az,2,,0,has website,154,false,ChIJpRVQKDZx1oYROKtO05MnnhI,5,25
Neptune Up,"2545 E Broadway Blvd, Tucson, AZ 85716, USA",+1 520-257-0563,spa,sam-hughes-university,https://maps.google.com/?q=Neptune%20Up%202545%20E%20Broadway%20Blvd%2C%20Tucson%2C%20AZ%2085716%2C%20USA,http://neptuneup.com/,2,,0,has website,155,false,ChIJZwfLoJ9x1oYRH0i3Lu3VKKU,5,16
Renewed Medical Health,"2825 E Broadway Blvd, Tucson, AZ 85716, USA",+1 520-298-0005,spa,sam-hughes-university,https://maps.google.com/?q=Renewed%20Medical%20Health%202825%20E%20Broadway%20Blvd%2C%20Tucson%2C%20AZ%2085716%2C%20USA,https://renewedmedicalhealth.com/,2,,0,has website,156,false,ChIJUWL76Mtx1oYRRSex8CYblUk,4.8,382
Touch n Glow Skin Solutions,"2605 E Speedway Blvd suite b, Tucson, AZ 85716, USA",,spa,sam-hughes-university,https://maps.google.com/?q=Touch%20n%20Glow%20Skin%20Solutions%202605%20E%20Speedway%20Blvd%20suite%20b%2C%20Tucson%2C%20AZ%2085716%2C%20USA,http://touchnglow.glossgenius.com/,2,,0,has website,157,false,ChIJX86vM8Bx1oYRrzqPafcuNP0,4.9,8
Kaelen Harwell Organic Day Spa,"862 E 19th St, Tucson, AZ 85719, USA",+1 520-777-8054,spa,sam-hughes-university,https://maps.google.com/?q=Kaelen%20Harwell%20Organic%20Day%20Spa%20862%20E%2019th%20St%2C%20Tucson%2C%20AZ%2085719%2C%20USA,https://www.khdayspa.com/,2,,0,has website,158,false,ChIJx5fr-2Zx1oYRNSWrDDHAGk0,4.6,32
Nena Salazar Body Sculpting,"439 N 6th Ave Suite 127, Tucson, AZ 85705, USA",+1 520-247-9111,spa,sam-hughes-university,https://maps.google.com/?q=Nena%20Salazar%20Body%20Sculpting%20439%20N%206th%20Ave%20Suite%20127%2C%20Tucson%2C%20AZ%2085705%2C%20USA,,1,,0,no website,159,false,ChIJAU60Du1z1oYRSl5K2GTeYII,,
Rejuvenate IV Health and Wellness PLLC,"621 N 6th Ave, Tucson, AZ 85705, USA",+1 520-276-5777,spa,sam-hughes-university,https://maps.google.com/?q=Rejuvenate%20IV%20Health%20and%20Wellness%20PLLC%20621%20N%206th%20Ave%2C%20Tucson%2C%20AZ%2085705%2C%20USA,https://rejuvenate-az.com/,2,,0,has website,160,false,ChIJU5LBAvRx1oYRM9ME1S2op6g,5,15
The Hundreds Barber Lounge,"150 N Campbell Ave, Tucson, AZ 85719, USA",,barber_shop,sam-hughes-university,https://maps.google.com/?q=The%20Hundreds%20Barber%20Lounge%20150%20N%20Campbell%20Ave%2C%20Tucson%2C%20AZ%2085719%2C%20USA,,1,,0,no website,161,false,ChIJU3vyagBx1oYRAVztLteAGIQ,,
Barbershop at Downtown - WALK-INS WELCOME!,"1628 E Broadway Blvd, Tucson, AZ 85719, USA",+1 520-274-7916,barber_shop,sam-hughes-university,https://maps.google.com/?q=Barbershop%20at%20Downtown%20-%20WALK-INS%20WELCOME%21%201628%20E%20Broadway%20Blvd%2C%20Tucson%2C%20AZ%2085719%2C%20USA,http://barbershopatdowntown.com/,2,,0,has website,162,false,ChIJAQA0hFZw1oYRGUsExMTZ03I,4.8,375
Orlando Felix,"446 N Campbell Ave, Tucson, AZ 85719, USA",+1 520-484-5482,barber_shop,sam-hughes-university,https://maps.google.com/?q=Orlando%20Felix%20446%20N%20Campbell%20Ave%2C%20Tucson%2C%20AZ%2085719%2C%20USA,https://orlandofelix.booksy.com/,2,,0,has website,163,false,ChIJwZo8Pjxx1oYRUdD4aDDk0Ng,,
LuXe Barber Studio,"1136 E Broadway Blvd, Tucson, AZ 85719, USA",+1 520-622-0888,barber_shop,sam-hughes-university,https://maps.google.com/?q=LuXe%20Barber%20Studio%201136%20E%20Broadway%20Blvd%2C%20Tucson%2C%20AZ%2085719%2C%20USA,http://www.luxebarberstudio.com/,2,,0,has website,164,false,ChIJC8Sef-Vx1oYRBEwrKS-1Pwk,4.8,57
G's Barber Shop,"1722 E Speedway Blvd, Tucson, AZ 85719, USA",+1 520-784-1837,barber_shop,sam-hughes-university,https://maps.google.com/?q=G%27s%20Barber%20Shop%201722%20E%20Speedway%20Blvd%2C%20Tucson%2C%20AZ%2085719%2C%20USA,http://gsbarbershop.com/,2,,0,has website,165,false,ChIJZ2RcU1Nw1oYR-Cq4xtjKLKg,4.4,130
In The Cut,"432 N Tucson Blvd, Tucson, AZ 85716, USA",,barber_shop,sam-hughes-university,https://maps.google.com/?q=In%20The%20Cut%20432%20N%20Tucson%20Blvd%2C%20Tucson%2C%20AZ%2085716%2C%20USA,,1,,0,no website,166,false,ChIJQ_nN5Uxw1oYRFNUlF91XLbA,5,2
Town & Campus Barber Styling,"29 N Tucson Blvd, Tucson, AZ 85716, USA",+1 520-792-2725,barber_shop,sam-hughes-university,https://maps.google.com/?q=Town%20%26%20Campus%20Barber%20Styling%2029%20N%20Tucson%20Blvd%2C%20Tucson%2C%20AZ%2085716%2C%20USA,,1,,0,no website,167,false,ChIJPXQB8U5w1oYRVM-r1JTbKV0,4.9,8
Gentlemen's Choice Barbershop,"2528 E 6th St, Tucson, AZ 85716, USA",+1 520-881-9000,barber_shop,sam-hughes-university,https://maps.google.com/?q=Gentlemen%27s%20Choice%20Barbershop%202528%20E%206th%20St%2C%20Tucson%2C%20AZ%2085716%2C%20USA,https://gentlemenschoicebarbershop.com/,2,,0,has website,168,false,ChIJHzMo6Exw1oYRLu849lXRHsE,4.6,323
Romie_Rome,"425 S Plumer Ave, Tucson, AZ 85719, USA",+1 520-260-8239,barber_shop,sam-hughes-university,https://maps.google.com/?q=Romie_Rome%20425%20S%20Plumer%20Ave%2C%20Tucson%2C%20AZ%2085719%2C%20USA,https://booksy.com/en-us/dl/show-business/572060,2,,0,has website,169,false,ChIJb9KrKYJx1oYRUuRuROlwC04,5,4
Family Barbershop,"220 S Tucson Blvd, Tucson, AZ 85716, USA",,barber_shop,sam-hughes-university,https://maps.google.com/?q=Family%20Barbershop%20220%20S%20Tucson%20Blvd%2C%20Tucson%2C%20AZ%2085716%2C%20USA,,1,,0,no website,170,false,ChIJWfidCU9w1oYRHYsoSWyFX8k,4.8,63
Side Street Barbershop,"410 E 7th St, Tucson, AZ 85705, USA",+1 520-203-7331,barber_shop,sam-hughes-university,https://maps.google.com/?q=Side%20Street%20Barbershop%20410%20E%207th%20St%2C%20Tucson%2C%20AZ%2085705%2C%20USA,https://www.sidestreetbarbershop.com/home,2,,0,has website,171,false,ChIJW6VmCR9x1oYRS6g64M0LTC4,5,137
SCLPTr Studios,"2536 E Broadway Blvd, Tucson, AZ 85716, USA",+1 520-437-2826,barber_shop,sam-hughes-university,https://maps.google.com/?q=SCLPTr%20Studios%202536%20E%20Broadway%20Blvd%2C%20Tucson%2C%20AZ%2085716%2C%20USA,https://sclptrstudios.com/,2,,0,has website,172,false,ChIJndSmnR9v1oYRb1B4WIHU_f8,5,32
Fourth Avenue Barbershop,"553 N 4th Ave #8448, Tucson, AZ 85705, USA",+1 520-409-8248,barber_shop,sam-hughes-university,https://maps.google.com/?q=Fourth%20Avenue%20Barbershop%20553%20N%204th%20Ave%20%238448%2C%20Tucson%2C%20AZ%2085705%2C%20USA,http://www.fourthavenue.org/listings/fourth-avenue-barbershop/,2,,0,has website,173,false,ChIJm1JcfRxx1oYRPrXh79TKUks,4.6,129
Smoove,"350 E Congress St, Tucson, AZ 85701, USA",+1 520-548-9072,barber_shop,sam-hughes-university,https://maps.google.com/?q=Smoove%20350%20E%20Congress%20St%2C%20Tucson%2C%20AZ%2085701%2C%20USA,https://smoove99.booksy.com/,2,,0,has website,174,false,ChIJtXvxYxtx1oYRJ2pRMvqznIs,,
1972 Barber & Shave Parlor,"33 S 5th Ave, Tucson, AZ 85701, USA",+1 520-753-8533,barber_shop,sam-hughes-university,https://maps.google.com/?q=1972%20Barber%20%26%20Shave%20Parlor%2033%20S%205th%20Ave%2C%20Tucson%2C%20AZ%2085701%2C%20USA,http://1972barbers.com/,2,,0,has website,175,false,ChIJP54wBB1x1oYRDJGT-xYCIOU,4.9,287
💈Michael Angello💈KANDYCUTZ💈@ Barber & Shave Parlor,"254 E Congress St, Tucson, AZ 85701, USA",+1 661-440-5689,barber_shop,sam-hughes-university,https://maps.google.com/?q=%F0%9F%92%88Michael%20Angello%F0%9F%92%88KANDYCUTZ%F0%9F%92%88%40%20Barber%20%26%20Shave%20Parlor%20254%20E%20Congress%20St%2C%20Tucson%2C%20AZ%2085701%2C%20USA,http://kandycuts.booksy.com/,2,,0,has website,176,false,ChIJ_xkAKFtx1oYRx2xgMx97fLw,,
Eldorado Barbershop,"439 N 6th Ave #165, Tucson, AZ 85705, USA",+1 520-909-5433,barber_shop,sam-hughes-university,https://maps.google.com/?q=Eldorado%20Barbershop%20439%20N%206th%20Ave%20%23165%2C%20Tucson%2C%20AZ%2085705%2C%20USA,http://dapperdaniel.booksy.com/,2,,0,has website,177,false,ChIJDZb1sr9x1oYRh2lRaCiYzBA,4.9,29
Kragel Cheryl,"2544 E 10th St, Tucson, AZ 85716, USA",+1 520-323-7550,dentist,sam-hughes-university,https://maps.google.com/?q=Kragel%20Cheryl%202544%20E%2010th%20St%2C%20Tucson%2C%20AZ%2085716%2C%20USA,,1,,0,no website,178,false,ChIJSUzGwE5w1oYR74toMh8GiM8,,
Brian Smith J DDS,"2553 E Broadway Blvd, Tucson, AZ 85716, USA",+1 520-320-5515,dentist,sam-hughes-university,https://maps.google.com/?q=Brian%20Smith%20J%20DDS%202553%20E%20Broadway%20Blvd%2C%20Tucson%2C%20AZ%2085716%2C%20USA,,1,,0,no website,179,false,ChIJaZM_PLRv1oYRH6bLfJ-x3Ms,,
Tweed Foundatipn,"2626 E Broadway Blvd, Tucson, AZ 85716, USA",,dentist,sam-hughes-university,https://maps.google.com/?q=Tweed%20Foundatipn%202626%20E%20Broadway%20Blvd%2C%20Tucson%2C%20AZ%2085716%2C%20USA,,1,,0,no website,180,false,ChIJW-AHDgBx1oYRjLm4KAmqaMI,,
Kahn Errol M DDS,"2803 E 6th St, Tucson, AZ 85716, USA",+1 520-326-5535,dentist,sam-hughes-university,https://maps.google.com/?q=Kahn%20Errol%20M%20DDS%202803%20E%206th%20St%2C%20Tucson%2C%20AZ%2085716%2C%20USA,,1,,0,no website,181,false,ChIJ1chREUtw1oYRvza4enpBMr8,,
Dr. Mark Shousha,"2901 E Broadway Blvd # Pima, 2905 E Broadway Blvd, Tucson, AZ 85716, USA",+1 520-917-7500,dentist,sam-hughes-university,https://maps.google.com/?q=Dr.%20Mark%20Shousha%202901%20E%20Broadway%20Blvd%20%23%20Pima%2C%202905%20E%20Broadway%20Blvd%2C%20Tucson%2C%20AZ%2085716%2C%20USA,,1,,0,no website,182,false,ChIJ__9vUkhw1oYRiLxsmsNawic,,
Jodie Sloan,"2901 E Broadway Blvd, Tucson, AZ 85716, USA",+1 520-917-7500,dentist,sam-hughes-university,https://maps.google.com/?q=Jodie%20Sloan%202901%20E%20Broadway%20Blvd%2C%20Tucson%2C%20AZ%2085716%2C%20USA,,1,,0,no website,183,false,ChIJ__9vUkhw1oYRYuYxbW-etUQ,5,1
Western Dental & Orthodontics,"2901 E Broadway Blvd, Tucson, AZ 85716, USA",+1 520-917-7516,dentist,sam-hughes-university,https://maps.google.com/?q=Western%20Dental%20%26%20Orthodontics%202901%20E%20Broadway%20Blvd%2C%20Tucson%2C%20AZ%2085716%2C%20USA,https://www.westerndental.com/en-us/find-a-location/arizona/tucson/2901-e-broadway-blvd?utm_source=GMB&utm_medium=organic,2,,0,has website,184,false,ChIJC7AZUkhw1oYReM6srKotUAs,4.3,905
Malcolm E. Musgrave DDS,"1601 N Tucson Blvd, Tucson, AZ 85716, USA",+1 520-326-9693,dentist,sam-hughes-university,https://maps.google.com/?q=Malcolm%20E.%20Musgrave%20DDS%201601%20N%20Tucson%20Blvd%2C%20Tucson%2C%20AZ%2085716%2C%20USA,https://musgravedentistry.com/,2,,0,has website,185,false,ChIJX7vC9rpx1oYRENQKQK26roA,4.8,163
Marie Robillard,"1601 N Tucson Blvd STE 24, Tucson, AZ 857163407, USA",+1 520-325-6717,dentist,sam-hughes-university,https://maps.google.com/?q=Marie%20Robillard%201601%20N%20Tucson%20Blvd%20STE%2024%2C%20Tucson%2C%20AZ%20857163407%2C%20USA,,1,,0,no website,186,false,ChIJAX5Wjbpx1oYR3kOqJa8A1ZE,5,1
Tucson Biological Dentistry,"1601 N Tucson Blvd STE 35, Tucson, AZ 85716, USA",+1 520-326-0082,dentist,sam-hughes-university,https://maps.google.com/?q=Tucson%20Biological%20Dentistry%201601%20N%20Tucson%20Blvd%20STE%2035%2C%20Tucson%2C%20AZ%2085716%2C%20USA,https://www.tucsonbiodentistry.com/,2,,0,has website,187,false,ChIJ94Fn9rpx1oYRb6wOV2deP8g,4.7,152
"Daniel M. Kim, DDS","1601 N Tucson Blvd, Tucson, AZ 85716, USA",+1 520-327-4224,dentist,sam-hughes-university,https://maps.google.com/?q=Daniel%20M.%20Kim%2C%20DDS%201601%20N%20Tucson%20Blvd%2C%20Tucson%2C%20AZ%2085716%2C%20USA,http://www.associated-dental.com/,2,,0,has website,188,false,ChIJRQLx8Wxx1oYRf38Azrm4QT4,3,2
Mc Shea Kendra,"1601 N Tucson Blvd STE 24, Tucson, AZ 85716, USA",+1 520-327-6281,dentist,sam-hughes-university,https://maps.google.com/?q=Mc%20Shea%20Kendra%201601%20N%20Tucson%20Blvd%20STE%2024%2C%20Tucson%2C%20AZ%2085716%2C%20USA,,1,,0,no website,189,false,ChIJX7vC9rpx1oYRbLGg4TBlrMk,,
"Virginia B. Robillard, D.D.S.","1601 N Tucson Blvd STE 24, Tucson, AZ 85716, USA",+1 520-325-6717,dentist,sam-hughes-university,https://maps.google.com/?q=Virginia%20B.%20Robillard%2C%20D.D.S.%201601%20N%20Tucson%20Blvd%20STE%2024%2C%20Tucson%2C%20AZ%2085716%2C%20USA,http://www.robillarddentistry.com/,2,,0,has website,190,false,ChIJX7vC9rpx1oYR7nS7I5cphn0,4.8,14
Norton Connie,"1601 N Tucson Blvd Ste 12C, Tucson, AZ 85716, USA",+1 520-327-4224,dentist,sam-hughes-university,https://maps.google.com/?q=Norton%20Connie%201601%20N%20Tucson%20Blvd%20Ste%2012C%2C%20Tucson%2C%20AZ%2085716%2C%20USA,,1,,0,no website,191,false,ChIJX7vC9rpx1oYRaam3oyOem8U,,
Aeris Dental Downtown -- Downtown Dental Implants,"1 E Congress St Suite 153, Tucson, AZ 85701, USA",+1 520-448-4477,dentist,sam-hughes-university,https://maps.google.com/?q=Aeris%20Dental%20Downtown%20--%20Downtown%20Dental%20Implants%201%20E%20Congress%20St%20Suite%20153%2C%20Tucson%2C%20AZ%2085701%2C%20USA,http://www.tucsonimplants.com/,2,,0,has website,192,false,ChIJwwDB8Zhx1oYR0UEc2WMu1c8,5,5
Kutz Anthony J DDS,"1601 N Tucson Blvd #27, Tucson, AZ 85716, USA",+1 520-795-4377,dentist,sam-hughes-university,https://maps.google.com/?q=Kutz%20Anthony%20J%20DDS%201601%20N%20Tucson%20Blvd%20%2327%2C%20Tucson%2C%20AZ%2085716%2C%20USA,,1,,0,no website,193,false,ChIJX7vC9rpx1oYRZqt2xvuCeZc,,
"Ahmed Ibraheem, DDS, MSD","1601 N Tucson Blvd Ste 12C, Tucson, AZ 85716, USA",+1 520-579-8166,dentist,sam-hughes-university,https://maps.google.com/?q=Ahmed%20Ibraheem%2C%20DDS%2C%20MSD%201601%20N%20Tucson%20Blvd%20Ste%2012C%2C%20Tucson%2C%20AZ%2085716%2C%20USA,,1,,0,no website,194,false,ChIJk2t3FkjNFogR9g_L6PXLmw0,3,2
"Joseph D'Aniello, DMD","1601 N Tucson Blvd Building 12C, Tucson, AZ 85716, USA",+1 520-327-4224,dentist,sam-hughes-university,https://maps.google.com/?q=Joseph%20D%27Aniello%2C%20DMD%201601%20N%20Tucson%20Blvd%20Building%2012C%2C%20Tucson%2C%20AZ%2085716%2C%20USA,http://www.southerndentalspecialtiesoftucson.com/,2,,0,has website,195,false,ChIJ6_rf84Y7RYYRX176EOIOm_g,5,4
Coronado Dental,"622 N Country Club Rd suite b, Tucson, AZ 85716, USA",+1 520-527-5788,dentist,sam-hughes-university,https://maps.google.com/?q=Coronado%20Dental%20622%20N%20Country%20Club%20Rd%20suite%20b%2C%20Tucson%2C%20AZ%2085716%2C%20USA,https://www.coronadodental.com/,2,,0,has website,196,false,ChIJrSaiHwlx1oYRxADKh9s4egU,5,8
Dr. Lauren Hobeich,"716 N Country Club Rd, Tucson, AZ 85716, USA",+1 520-326-8516,dentist,sam-hughes-university,https://maps.google.com/?q=Dr.%20Lauren%20Hobeich%20716%20N%20Country%20Club%20Rd%2C%20Tucson%2C%20AZ%2085716%2C%20USA,,1,,0,no website,197,false,ChIJZexlVDVw1oYRoFcjGvc-lNc,,
"Dr. Augustus M. Moshe, DDS","1624 E 7th St, Tucson, AZ 85719, USA",+1 201-613-9455,doctor,sam-hughes-university,https://maps.google.com/?q=Dr.%20Augustus%20M.%20Moshe%2C%20DDS%201624%20E%207th%20St%2C%20Tucson%2C%20AZ%2085719%2C%20USA,,1,,0,no website,198,false,ChIJsUhJ46dx1oYRYeSlVuNK9AQ,,
"Marian E. Binder, PHD","1224 E Lowell St, Tucson, AZ 85719, USA",+1 520-621-3334,doctor,sam-hughes-university,https://maps.google.com/?q=Marian%20E.%20Binder%2C%20PHD%201224%20E%20Lowell%20St%2C%20Tucson%2C%20AZ%2085719%2C%20USA,,1,,0,no website,199,false,ChIJMxbSZABx1oYRV-GrFlK43Xk,,
Fox Ronald R MD,"1224 E Lowell St #95, Tucson, AZ 85721, USA",+1 520-621-9202,doctor,sam-hughes-university,https://maps.google.com/?q=Fox%20Ronald%20R%20MD%201224%20E%20Lowell%20St%20%2395%2C%20Tucson%2C%20AZ%2085721%2C%20USA,,1,,0,no website,200,false,ChIJMxbSZABx1oYRVJQfRZxYeUE,,
"STEPHEN PAUL, MD, ABFP, CAQ-SPORTS","Highland Commons, 1224 E Lowell St #95, Tucson, AZ 85721, USA",+1 520-621-6490,doctor,sam-hughes-university,https://maps.google.com/?q=STEPHEN%20PAUL%2C%20MD%2C%20ABFP%2C%20CAQ-SPORTS%20Highland%20Commons%2C%201224%20E%20Lowell%20St%20%2395%2C%20Tucson%2C%20AZ%2085721%2C%20USA,http://health.arizona.edu/,2,,0,has website,201,false,ChIJMxbSZABx1oYRzUAR42z3G3k,,
Morski Lynn MD,"1224 E Lowell St, Tucson, AZ 85721, USA",+1 480-330-3312,doctor,sam-hughes-university,https://maps.google.com/?q=Morski%20Lynn%20MD%201224%20E%20Lowell%20St%2C%20Tucson%2C%20AZ%2085721%2C%20USA,http://www.health.arizona.edu/,2,,0,has website,202,false,ChIJMxbSZABx1oYR6_marDxSDlI,,
"Dr. Michael R. Stilson, MD","Highland Commons, 1224 E Lowell St #95, Tucson, AZ 85721, USA",+1 520-621-6490,doctor,sam-hughes-university,https://maps.google.com/?q=Dr.%20Michael%20R.%20Stilson%2C%20MD%20Highland%20Commons%2C%201224%20E%20Lowell%20St%20%2395%2C%20Tucson%2C%20AZ%2085721%2C%20USA,,1,,0,no website,203,false,ChIJMxbSZABx1oYRXvPsfVgfgUI,,
"TEJAL PARIKH, MD","Highland Commons, 1224 E Lowell St #95, Tucson, AZ 85721, USA",+1 520-621-6490,doctor,sam-hughes-university,https://maps.google.com/?q=TEJAL%20PARIKH%2C%20MD%20Highland%20Commons%2C%201224%20E%20Lowell%20St%20%2395%2C%20Tucson%2C%20AZ%2085721%2C%20USA,http://health.arizona.edu/,2,,0,has website,204,false,ChIJMxbSZABx1oYRcleVl9qSiO8,,
"Dr. Steven M. Rachbach, MD","1224 E Lowell St, Tucson, AZ 85719, USA",+1 520-621-6490,doctor,sam-hughes-university,https://maps.google.com/?q=Dr.%20Steven%20M.%20Rachbach%2C%20MD%201224%20E%20Lowell%20St%2C%20Tucson%2C%20AZ%2085719%2C%20USA,http://www.health.arizona.edu/,2,,0,has website,205,false,ChIJMxbSZABx1oYRVKsgt0-lxcQ,,
Dr. Heather Walsh,"Highland Commons, 1224 E Lowell St #95, Tucson, AZ 85721, USA",+1 520-621-6490,doctor,sam-hughes-university,https://maps.google.com/?q=Dr.%20Heather%20Walsh%20Highland%20Commons%2C%201224%20E%20Lowell%20St%20%2395%2C%20Tucson%2C%20AZ%2085721%2C%20USA,,1,,0,no website,206,false,ChIJ___vZwBx1oYRhNdfPj3aepc,,
"Dr. Melvyn G. Weinberg, MD","1224 E Lowell St, Tucson, AZ 85719, USA",+1 520-621-6490,doctor,sam-hughes-university,https://maps.google.com/?q=Dr.%20Melvyn%20G.%20Weinberg%2C%20MD%201224%20E%20Lowell%20St%2C%20Tucson%2C%20AZ%2085719%2C%20USA,http://www.health.arizona.edu/,2,,0,has website,207,false,ChIJMxbSZABx1oYRdDXE3dyyfN4,,
"Jennifer Wilson Diez, MA","1224 E Lowell St, Tucson, AZ 85719, USA",+1 520-621-3334,doctor,sam-hughes-university,https://maps.google.com/?q=Jennifer%20Wilson%20Diez%2C%20MA%201224%20E%20Lowell%20St%2C%20Tucson%2C%20AZ%2085719%2C%20USA,https://www.jenniferwilsonlpc.com/,2,,0,has website,208,false,ChIJMxbSZABx1oYR23HEbxMrBdA,,
"Jill E. Grassman, LPC","1224 E Lowell St, Tucson, AZ 85719, USA",+1 520-621-3334,doctor,sam-hughes-university,https://maps.google.com/?q=Jill%20E.%20Grassman%2C%20LPC%201224%20E%20Lowell%20St%2C%20Tucson%2C%20AZ%2085719%2C%20USA,,1,,0,no website,209,false,ChIJMxbSZABx1oYRzHzW1Vj-E7U,,
"Harry Mcdermott, MD, MPH","Highland Commons, 1224 E Lowell St #95, Tucson, AZ 85721, USA",+1 520-621-9202,doctor,sam-hughes-university,https://maps.google.com/?q=Harry%20Mcdermott%2C%20MD%2C%20MPH%20Highland%20Commons%2C%201224%20E%20Lowell%20St%20%2395%2C%20Tucson%2C%20AZ%2085721%2C%20USA,http://health.arizona.edu/,2,,0,has website,210,false,ChIJMxbSZABx1oYRU0112he4STM,,
"BRUCE HELMING, MD","Highland Commons, 1224 E Lowell St #95, Tucson, AZ 85721, USA",+1 520-621-9202,doctor,sam-hughes-university,https://maps.google.com/?q=BRUCE%20HELMING%2C%20MD%20Highland%20Commons%2C%201224%20E%20Lowell%20St%20%2395%2C%20Tucson%2C%20AZ%2085721%2C%20USA,http://health.arizona.edu/,2,,0,has website,211,false,ChIJMxbSZABx1oYRz4u2Uv7DwQY,,
Waterbrook Anna L MD,"1 N National Championship Dr, Tucson, AZ 85721, USA",+1 520-621-3547,doctor,sam-hughes-university,https://maps.google.com/?q=Waterbrook%20Anna%20L%20MD%201%20N%20National%20Championship%20Dr%2C%20Tucson%2C%20AZ%2085721%2C%20USA,,1,,0,no website,212,false,ChIJDwAsG6tx1oYRQDcIqwk8ZAs,3,1
Porter Donald DO,"Mckale Ctr, # 128, Tucson, AZ 85721, USA",+1 520-621-2724,doctor,sam-hughes-university,https://maps.google.com/?q=Porter%20Donald%20DO%20Mckale%20Ctr%2C%20%23%20128%2C%20Tucson%2C%20AZ%2085721%2C%20USA,,1,,0,no website,213,false,ChIJDwAsG6tx1oYRXIRlk_TwCSI,,
"Dr. Horacio A. Ore-Giron, MD","1101 E Broadway Blvd, Tucson, AZ 85719, USA",+1 520-624-7750,doctor,sam-hughes-university,https://maps.google.com/?q=Dr.%20Horacio%20A.%20Ore-Giron%2C%20MD%201101%20E%20Broadway%20Blvd%2C%20Tucson%2C%20AZ%2085719%2C%20USA,https://weence.com/medical/doctors/tucson/dr-horacio-a-ore-giron-md/,2,,0,has website,214,false,ChIJIbmD2_5w1oYRWei3faol9O4,4,1
Dr. Jorge Franco OLeary,"1101 E Broadway Blvd, Tucson, AZ 85719, USA",+1 520-670-3909,doctor,sam-hughes-university,https://maps.google.com/?q=Dr.%20Jorge%20Franco%20OLeary%201101%20E%20Broadway%20Blvd%2C%20Tucson%2C%20AZ%2085719%2C%20USA,https://weence.com/medical/doctors/tucson/dr-jorge-franco-oleary/,2,,0,has website,215,false,ChIJIbmD2_5w1oYR30EcC5Ay4XA,4.7,3
Dr. Rogelio Samorano,"1101 E Broadway Blvd, Tucson, AZ 85719, USA",+1 520-670-3909,doctor,sam-hughes-university,https://maps.google.com/?q=Dr.%20Rogelio%20Samorano%201101%20E%20Broadway%20Blvd%2C%20Tucson%2C%20AZ%2085719%2C%20USA,,1,,0,no website,216,false,ChIJtxEww_5w1oYRbCknpAYIcPo,,
"Dr. Roberto Zamudio-Millan, MD","1101 E Broadway Blvd, Tucson, AZ 85711, USA",+1 520-670-3909,doctor,sam-hughes-university,https://maps.google.com/?q=Dr.%20Roberto%20Zamudio-Millan%2C%20MD%201101%20E%20Broadway%20Blvd%2C%20Tucson%2C%20AZ%2085711%2C%20USA,http://www.elrio.org/,2,,0,has website,217,false,ChIJta1j2_5w1oYRGYAYz_LuY7c,,
"Jonathan E. Gress, PT","1224 E Lowell St, Tucson, AZ 85719, USA",+1 520-626-6363,physiotherapist,sam-hughes-university,https://maps.google.com/?q=Jonathan%20E.%20Gress%2C%20PT%201224%20E%20Lowell%20St%2C%20Tucson%2C%20AZ%2085719%2C%20USA,,1,,0,no website,218,false,ChIJ6-jWawBx1oYRKE1-qLC-Iis,,
Banken Sharon,"1010 E 10th St, Tucson, AZ 85719, USA",+1 520-762-9838,physiotherapist,sam-hughes-university,https://maps.google.com/?q=Banken%20Sharon%201010%20E%2010th%20St%2C%20Tucson%2C%20AZ%2085719%2C%20USA,,1,,0,no website,219,false,ChIJT7JskP5w1oYRQAl45T00YxI,,
"Modern Sports Medicine Physical Therapy and Orthopedics of Tucson, AZ","2900 E Broadway Blvd #132, Tucson, AZ 85716, USA",+1 520-889-1622,physiotherapist,sam-hughes-university,https://maps.google.com/?q=Modern%20Sports%20Medicine%20Physical%20Therapy%20and%20Orthopedics%20of%20Tucson%2C%20AZ%202900%20E%20Broadway%20Blvd%20%23132%2C%20Tucson%2C%20AZ%2085716%2C%20USA,https://getmodernmedicine.com/tucsonaz/,2,,0,has website,220,false,ChIJ8aO0XUhw1oYRl1dNY64SJs4,5,102
Lunda & Associates,"2900 E Broadway Blvd #132, Tucson, AZ 85716, USA",+1 520-319-2232,physiotherapist,sam-hughes-university,https://maps.google.com/?q=Lunda%20%26%20Associates%202900%20E%20Broadway%20Blvd%20%23132%2C%20Tucson%2C%20AZ%2085716%2C%20USA,http://www.lundaandassociates.com/,2,,0,has website,221,false,ChIJSSKpES5u1oYRDDJuCAcHU3w,,
Dr. Mark Pirtle,"2506 E Drachman St, Tucson, AZ 85716, USA",+1 520-795-3563,physiotherapist,sam-hughes-university,https://maps.google.com/?q=Dr.%20Mark%20Pirtle%202506%20E%20Drachman%20St%2C%20Tucson%2C%20AZ%2085716%2C%20USA,https://www.drmarkpirtle.com/,2,,0,has website,222,false,ChIJNS0Nt1Fx1oYR0Eh5-exDhm0,,
Allison Whiteside,"1601 N Tucson Blvd #6, Tucson, AZ 85716, USA",+1 520-829-9635,physiotherapist,sam-hughes-university,https://maps.google.com/?q=Allison%20Whiteside%201601%20N%20Tucson%20Blvd%20%236%2C%20Tucson%2C%20AZ%2085716%2C%20USA,,1,,0,no website,223,false,ChIJQZCb_7px1oYRq2QtDTPS1iQ,,
Rooted Integrative Wellness,"1600 N Tucson Blvd Suite 100 & 120, Tucson, AZ 85716, USA",+1 520-326-8300,physiotherapist,sam-hughes-university,https://maps.google.com/?q=Rooted%20Integrative%20Wellness%201600%20N%20Tucson%20Blvd%20Suite%20100%20%26%20120%2C%20Tucson%2C%20AZ%2085716%2C%20USA,http://www.rootedintegrativewellness.com/,2,,0,has website,224,false,ChIJC4y2Rbpx1oYR6jldqQ9XaVA,5,278
Subtle Harmony Physical Therapy,"1600 N Tucson Blvd, Tucson, AZ 85716, USA",+1 347-423-3625,physiotherapist,sam-hughes-university,https://maps.google.com/?q=Subtle%20Harmony%20Physical%20Therapy%201600%20N%20Tucson%20Blvd%2C%20Tucson%2C%20AZ%2085716%2C%20USA,https://subtleharmony.wixsite.com/osteo,2,,0,has website,225,false,ChIJOWfa91hx1oYRNCt2CvaPsgk,,
"Full Circle Physical Therapy, PLLC","16 E 15th St, Tucson, AZ 85701, USA",+1 520-222-6216,physiotherapist,sam-hughes-university,https://maps.google.com/?q=Full%20Circle%20Physical%20Therapy%2C%20PLLC%2016%20E%2015th%20St%2C%20Tucson%2C%20AZ%2085701%2C%20USA,https://fullcircleptaz.com/?utm_source=google&utm_medium=organic&utm_campaign=gbp,2,,0,has website,226,false,ChIJwSidvdtx1oYRvuXqzaWmM-g,5,11
Athletico Physical Therapy - Tucson (Miramonte),"3234 E Speedway Blvd, Tucson, AZ 85716, USA",+1 520-232-2459,physiotherapist,sam-hughes-university,https://maps.google.com/?q=Athletico%20Physical%20Therapy%20-%20Tucson%20%28Miramonte%29%203234%20E%20Speedway%20Blvd%2C%20Tucson%2C%20AZ%2085716%2C%20USA,https://www.athletico.com/locations/tucson-miramonte/?utm_source=google-miramonte&utm_medium=web&utm_campaign=google-listings,2,,0,has website,227,false,ChIJle1hP_Rx1oYRuNPdsHaqRZk,4.9,120
"Jean M. Haberman, PTA","3402 E Broadway Blvd, Tucson, AZ 85716, USA",+1 520-881-0050,physiotherapist,sam-hughes-university,https://maps.google.com/?q=Jean%20M.%20Haberman%2C%20PTA%203402%20E%20Broadway%20Blvd%2C%20Tucson%2C%20AZ%2085716%2C%20USA,,1,,0,no website,228,false,ChIJj1fDpTBw1oYRzY_1AY2kv64,,
"John Hendrix, PT","3402 E Broadway Blvd, Tucson, AZ 85716, USA",+1 615-778-4066,physiotherapist,sam-hughes-university,https://maps.google.com/?q=John%20Hendrix%2C%20PT%203402%20E%20Broadway%20Blvd%2C%20Tucson%2C%20AZ%2085716%2C%20USA,,1,,0,no website,229,false,ChIJj1fDpTBw1oYRCF-5I-6Stak,,
Bodycentral Physical Therapy - Tucson,"3501 E Speedway Blvd #145, Tucson, AZ 85716, USA",+1 520-325-4002,physiotherapist,sam-hughes-university,https://maps.google.com/?q=Bodycentral%20Physical%20Therapy%20-%20Tucson%203501%20E%20Speedway%20Blvd%20%23145%2C%20Tucson%2C%20AZ%2085716%2C%20USA,https://therapypartnersgroup.com/location/3501-e-speedway-blvd/?utm_source=google&utm_medium=organic&utm_campaign=gmb_speedway,2,,0,has website,230,false,ChIJb6HkmMNt1oYR8MeTtViLdNM,4.9,224
Banana Bones Co,"575 N Highland Ave, Tucson, AZ 85719, USA",+1 816-605-5783,clothing_store,sam-hughes-university,https://maps.google.com/?q=Banana%20Bones%20Co%20575%20N%20Highland%20Ave%2C%20Tucson%2C%20AZ%2085719%2C%20USA,,1,,0,no website,231,false,ChIJSSnfgzVx1oYR3iUIdDUydFQ,,
A-Store at McKale,"1721 E Enke Dr, Tucson, AZ 85719, USA",+1 520-621-2183,clothing_store,sam-hughes-university,https://maps.google.com/?q=A-Store%20at%20McKale%201721%20E%20Enke%20Dr%2C%20Tucson%2C%20AZ%2085719%2C%20USA,http://shop.arizona.edu/,2,,0,has website,232,false,ChIJoVm3x4Jx1oYRAVt6QVBWbAc,3.3,4
The Tucson Boot Co.,"1628 E 12th St, Tucson, AZ 85719, USA",+1 520-599-1104,clothing_store,sam-hughes-university,https://maps.google.com/?q=The%20Tucson%20Boot%20Co.%201628%20E%2012th%20St%2C%20Tucson%2C%20AZ%2085719%2C%20USA,https://www.tucsonbootcompany.com/,2,,0,has website,233,false,ChIJhSOTXsxx1oYRhmzaeJcXNWE,5,1
Mirelle,"314 N Tyndall Ave, Tucson, AZ 85719, USA",+1 424-386-8021,clothing_store,sam-hughes-university,https://maps.google.com/?q=Mirelle%20314%20N%20Tyndall%20Ave%2C%20Tucson%2C%20AZ%2085719%2C%20USA,,1,,0,no website,234,false,ChIJ_wargldx1oYRxWIfRFO4W5g,,
A-City,"936 E University Blvd, Tucson, AZ 85719, USA",+1 520-628-7622,clothing_store,sam-hughes-university,https://maps.google.com/?q=A-City%20936%20E%20University%20Blvd%2C%20Tucson%2C%20AZ%2085719%2C%20USA,http://shopjustsports.com/,2,,0,has website,235,false,ChIJ9f1uEARx1oYRGQGJIVB0MkY,3,22
Boutique 816,"943 E University Blvd, Tucson, AZ 85719, USA",+1 520-624-4006,clothing_store,sam-hughes-university,https://maps.google.com/?q=Boutique%20816%20943%20E%20University%20Blvd%2C%20Tucson%2C%20AZ%2085719%2C%20USA,,1,,0,no website,236,false,ChIJ00Z1GQRx1oYRRjyO5KTFqlo,3.6,22
Pitaya,"943 E University Blvd #135, Tucson, AZ 85719, USA",+1 520-622-2800,clothing_store,sam-hughes-university,https://maps.google.com/?q=Pitaya%20943%20E%20University%20Blvd%20%23135%2C%20Tucson%2C%20AZ%2085719%2C%20USA,http://www.pitaya.com/,2,,0,has website,237,false,ChIJPYeUGQRx1oYReuYNhPJv6XM,3.2,5
Swindlers,"906 E University Blvd, Tucson, AZ 85719, USA",+1 520-306-7969,clothing_store,sam-hughes-university,https://maps.google.com/?q=Swindlers%20906%20E%20University%20Blvd%2C%20Tucson%2C%20AZ%2085719%2C%20USA,https://swindlers.com/,2,,0,has website,238,false,ChIJET3yEQRx1oYRpKGP41CiqNw,3.5,23
Collette Clothing,"905 E University Blvd, Tucson, AZ 85719, USA",+1 520-622-2673,clothing_store,sam-hughes-university,https://maps.google.com/?q=Collette%20Clothing%20905%20E%20University%20Blvd%2C%20Tucson%2C%20AZ%2085719%2C%20USA,,1,,0,no website,239,false,ChIJ5yyGEwRx1oYR3YpKFdeLIn0,4.2,10
Urban Outfitters,"901 E University Blvd, Tucson, AZ 85719, USA",+1 520-791-3800,clothing_store,sam-hughes-university,https://maps.google.com/?q=Urban%20Outfitters%20901%20E%20University%20Blvd%2C%20Tucson%2C%20AZ%2085719%2C%20USA,https://www.urbanoutfitters.com/stores/tucson?utm_medium=organic&utm_source=google&utm_campaign=local&utm_content=38,2,,0,has website,240,false,ChIJ_f-aFgRx1oYRNZDnd0ewBwQ,3.7,155
Brandy Melville - Tucson,"845 E University Blvd #105, Tucson, AZ 85719, USA",+1 520-372-2791,clothing_store,sam-hughes-university,https://maps.google.com/?q=Brandy%20Melville%20-%20Tucson%20845%20E%20University%20Blvd%20%23105%2C%20Tucson%2C%20AZ%2085719%2C%20USA,https://us.brandymelville.com/,2,,0,has website,241,false,ChIJVTLaXgBx1oYR2Kcxg-weYeI,3.3,24
Mission Linen and Uniform Service,"301 S Park Ave, Tucson, AZ 85719, USA",+1 520-622-4811,clothing_store,sam-hughes-university,https://maps.google.com/?q=Mission%20Linen%20and%20Uniform%20Service%20301%20S%20Park%20Ave%2C%20Tucson%2C%20AZ%2085719%2C%20USA,http://www.missionlinen.com/,2,,0,has website,242,false,ChIJ9V6CY_lw1oYRYsbCTY88ahY,4.2,13
Catalina Scout Shop,"2250 E Broadway Blvd, Tucson, AZ 85719, USA",+1 520-750-9877,clothing_store,sam-hughes-university,https://maps.google.com/?q=Catalina%20Scout%20Shop%202250%20E%20Broadway%20Blvd%2C%20Tucson%2C%20AZ%2085719%2C%20USA,https://www.facebook.com/CatalinaScoutShopAZ/,2,,0,has website,243,false,ChIJcVzEIMRv1oYRyI49Q_gUXR4,4.8,17
Cap Soul,"730 E University Blvd, Tucson, AZ 85719, USA",,clothing_store,sam-hughes-university,https://maps.google.com/?q=Cap%20Soul%20730%20E%20University%20Blvd%2C%20Tucson%2C%20AZ%2085719%2C%20USA,https://capsoul.shop/password.,2,,0,has website,245,false,ChIJT6Wyy-9x1oYR6d8N8qQdoN0,,
Absurditees,"950 N Tyndall Ave, Tucson, AZ 85719, USA",+1 971-276-4485,clothing_store,sam-hughes-university,https://maps.google.com/?q=Absurditees%20950%20N%20Tyndall%20Ave%2C%20Tucson%2C%20AZ%2085719%2C%20USA,,1,,0,no website,246,false,ChIJK-Pu4Fxx1oYRyXjx3mxfHV4,,
Buffalo Exchange,"2001 E Speedway Blvd, Tucson, AZ 85719, USA",+1 520-795-0508,clothing_store,sam-hughes-university,https://maps.google.com/?q=Buffalo%20Exchange%202001%20E%20Speedway%20Blvd%2C%20Tucson%2C%20AZ%2085719%2C%20USA,https://buffaloexchange.com/location/speedway-tucson/,2,,0,has website,247,false,ChIJYZr0A69x1oYR5dXlnQRs_b4,3.4,445
Arte de la Vida,"37 N Tucson Blvd, Tucson, AZ 85716, USA",+1 520-398-6720,clothing_store,sam-hughes-university,https://maps.google.com/?q=Arte%20de%20la%20Vida%2037%20N%20Tucson%20Blvd%2C%20Tucson%2C%20AZ%2085716%2C%20USA,http://www.artedelavidatucson.com/,2,,0,has website,248,false,ChIJcbta9E5w1oYRiUmM9f4x45g,4.8,123
Avenue,"2512 E 6th St, Tucson, AZ 85716, USA",,clothing_store,sam-hughes-university,https://maps.google.com/?q=Avenue%202512%20E%206th%20St%2C%20Tucson%2C%20AZ%2085716%2C%20USA,http://avenuetucson.com/,2,,0,has website,249,false,ChIJK-JQJEhw1oYRJMtFV8x1OgE,3.9,23
Valencia Jewelry and Watch Battery,"2030 E Broadway Blvd Suite 213 Second Floor EAST COURTYARD, Tucson, AZ 85719, USA",+1 520-891-8526,jewelry_store,sam-hughes-university,https://maps.google.com/?q=Valencia%20Jewelry%20and%20Watch%20Battery%202030%20E%20Broadway%20Blvd%20Suite%20213%20Second%20Floor%20EAST%20COURTYARD%2C%20Tucson%2C%20AZ%2085719%2C%20USA,https://www.vjwb.net/,2,,0,has website,250,false,ChIJp4s5Fphx1oYRfOi-6S8cV5k,4.9,203
8 wonder minerals,"2030 E Broadway Blvd #8, Tucson, AZ 85719, USA",+1 520-634-9343,jewelry_store,sam-hughes-university,https://maps.google.com/?q=8%20wonder%20minerals%202030%20E%20Broadway%20Blvd%20%238%2C%20Tucson%2C%20AZ%2085719%2C%20USA,https://8-wonder-minerals.square.site/,2,,0,has website,251,false,ChIJA6YuLv1x1oYRDD6QTJlOYE8,5,7
Morning Star Traders Inc,"2029 E 14th St, Tucson, AZ 85719, USA",+1 520-881-2112,jewelry_store,sam-hughes-university,https://maps.google.com/?q=Morning%20Star%20Traders%20Inc%202029%20E%2014th%20St%2C%20Tucson%2C%20AZ%2085719%2C%20USA,http://www.morningstartraders.com/,2,,0,has website,252,false,ChIJJ66j_q5x1oYR0kgNVHNX5jM,4.6,26
Villagetucson,"2501 E 6th St, Tucson, AZ 85716, USA",+1 520-322-2940,jewelry_store,sam-hughes-university,https://maps.google.com/?q=Villagetucson%202501%20E%206th%20St%2C%20Tucson%2C%20AZ%2085716%2C%20USA,,1,,0,no website,253,false,ChIJF03I3Uxw1oYReZ9hue5rTLs,,
Verabelle,"2527 E 6th St, Tucson, AZ 85716, USA",,jewelry_store,sam-hughes-university,https://maps.google.com/?q=Verabelle%202527%20E%206th%20St%2C%20Tucson%2C%20AZ%2085716%2C%20USA,,1,,0,no website,254,false,ChIJVVU5wUxw1oYRHeATrZHby7Y,,
Silver Sea Jewelry,"330 N 4th Ave, Tucson, AZ 85705, USA",+1 520-624-9954,jewelry_store,sam-hughes-university,https://maps.google.com/?q=Silver%20Sea%20Jewelry%20330%20N%204th%20Ave%2C%20Tucson%2C%20AZ%2085705%2C%20USA,,1,,0,no website,255,false,ChIJdYIuDx1x1oYRmVVp_Yv0iXg,4.9,76
Bani,"423 N 4th Ave, Tucson, AZ 85705, USA",+1 802-212-1518,jewelry_store,sam-hughes-university,https://maps.google.com/?q=Bani%20423%20N%204th%20Ave%2C%20Tucson%2C%20AZ%2085705%2C%20USA,,1,,0,no website,256,false,ChIJN6mvBQBx1oYRqjkysMZe4kU,5,7
4th Avenue Gems,"604 N 4th Ave, Tucson, AZ 85705, USA",,jewelry_store,sam-hughes-university,https://maps.google.com/?q=4th%20Avenue%20Gems%20604%20N%204th%20Ave%2C%20Tucson%2C%20AZ%2085705%2C%20USA,,1,,0,no website,257,false,ChIJW1ymorFx1oYRFpCAXcEsD2Y,5,4
AC STUDIO,"549 N 4th Ave, Tucson, AZ 85705, USA",+1 520-720-3600,jewelry_store,sam-hughes-university,https://maps.google.com/?q=AC%20STUDIO%20549%20N%204th%20Ave%2C%20Tucson%2C%20AZ%2085705%2C%20USA,https://acstudiotucson.com/,2,,0,has website,258,false,ChIJZ4eEzM1x1oYRnM-fdB78u9o,5,2
"S & R LLC, dba Del Sol Stores","329 E 6th St, Tucson, AZ 85705, USA",+1 520-620-1311,jewelry_store,sam-hughes-university,https://maps.google.com/?q=S%20%26%20R%20LLC%2C%20dba%20Del%20Sol%20Stores%20329%20E%206th%20St%2C%20Tucson%2C%20AZ%2085705%2C%20USA,http://delsolstores.com/,2,,0,has website,259,false,ChIJOd_lWRxx1oYRwAq5ESCGB5Y,4.2,10
Fusion Permanent Jewelry,"347 E 4th St, Tucson, AZ 85705, USA",,jewelry_store,sam-hughes-university,https://maps.google.com/?q=Fusion%20Permanent%20Jewelry%20347%20E%204th%20St%2C%20Tucson%2C%20AZ%2085705%2C%20USA,http://www.fusionweldedjewelry.com/,2,,0,has website,260,false,ChIJ41iAXBjh1YYRkL6wStf6554,4.9,65
Solara,"300 E Congress St, Tucson, AZ 85701, USA",,jewelry_store,sam-hughes-university,https://maps.google.com/?q=Solara%20300%20E%20Congress%20St%2C%20Tucson%2C%20AZ%2085701%2C%20USA,,1,,0,no website,261,false,ChIJSbVdrIhx1oYRzKKxS65en9Y,,
ejewelry,"182 E Broadway Blvd, Tucson, AZ 85701, USA",+1 480-270-4317,jewelry_store,sam-hughes-university,https://maps.google.com/?q=ejewelry%20182%20E%20Broadway%20Blvd%2C%20Tucson%2C%20AZ%2085701%2C%20USA,,1,,0,no website,262,false,ChIJR6DA461x1oYRICM7G8LYhrI,,
14k Jewelers,"9 N 6th Ave, Tucson, AZ 85701, USA",+1 520-617-0398,jewelry_store,sam-hughes-university,https://maps.google.com/?q=14k%20Jewelers%209%20N%206th%20Ave%2C%20Tucson%2C%20AZ%2085701%2C%20USA,,1,,0,no website,263,false,ChIJ42K4TVlx1oYRiSRvouDVn1s,,
Gold Return,"9 N 6th Ave, Tucson, AZ 85701, USA",+1 520-617-0398,jewelry_store,sam-hughes-university,https://maps.google.com/?q=Gold%20Return%209%20N%206th%20Ave%2C%20Tucson%2C%20AZ%2085701%2C%20USA,,1,,0,no website,264,false,ChIJQZ1n9OFw1oYRZ0wy-p9FBDU,,
R&J Jewelry and Watch Repairs,"2900 E Broadway Blvd Suite 138, Tucson, AZ 85716, USA",+1 520-274-7872,jewelry_store,sam-hughes-university,https://maps.google.com/?q=R%26J%20Jewelry%20and%20Watch%20Repairs%202900%20E%20Broadway%20Blvd%20Suite%20138%2C%20Tucson%2C%20AZ%2085716%2C%20USA,,1,,0,no website,265,false,ChIJO6w8jKFx1oYR1DjOfA_o2bk,5,127
Camino Lenor,"307 S 6th Ave, Tucson, AZ 85701, USA",+1 520-409-9892,jewelry_store,sam-hughes-university,https://maps.google.com/?q=Camino%20Lenor%20307%20S%206th%20Ave%2C%20Tucson%2C%20AZ%2085701%2C%20USA,https://www.caminolenor.com/,2,,0,has website,266,false,ChIJiw9Ab61x1oYRGveojLCeqPI,,
Krikawa Custom Jewelers,"21 E Congress St, Tucson, AZ 85701, USA",+1 520-322-6090,jewelry_store,sam-hughes-university,https://maps.google.com/?q=Krikawa%20Custom%20Jewelers%2021%20E%20Congress%20St%2C%20Tucson%2C%20AZ%2085701%2C%20USA,https://www.krikawa.com/,2,,0,has website,267,false,ChIJR9-NCzFy1oYRrhYIH43bNYI,5,391
Perri Jewelers,"1 E Congress St #111, Tucson, AZ 85701, USA",+1 520-624-4311,jewelry_store,sam-hughes-university,https://maps.google.com/?q=Perri%20Jewelers%201%20E%20Congress%20St%20%23111%2C%20Tucson%2C%20AZ%2085701%2C%20USA,http://www.perrijewelers.com/,2,,0,has website,268,false,ChIJHxFfzOFw1oYRq-91Y_nkSqA,5,49
Tribalinks,"267 S Stone Ave # F, Tucson, AZ 85701, USA",+1 917-657-7608,jewelry_store,sam-hughes-university,https://maps.google.com/?q=Tribalinks%20267%20S%20Stone%20Ave%20%23%20F%2C%20Tucson%2C%20AZ%2085701%2C%20USA,,1,,0,no website,269,false,ChIJzaGHNuFw1oYRRkWTzMbxybk,,
Inglis Florists,"2362 E Broadway Blvd, Tucson, AZ 85719, USA",+1 520-622-4641,florist,sam-hughes-university,https://maps.google.com/?q=Inglis%20Florists%202362%20E%20Broadway%20Blvd%2C%20Tucson%2C%20AZ%2085719%2C%20USA,https://www.inglisflorists.com/?utm_source=GBP+Link&utm_medium=GBP+Link&utm_campaign=GBP+Link&utm_id=GBP+Link&utm_term=GBP+Link&utm_content=GBP+Link,2,,0,has website,270,false,ChIJ_4kvTk5w1oYRD8OrNRFuJ78,4.7,299
Apri Services,"500 N Tucson Blvd # 100, Tucson, AZ 85716, USA",+1 520-322-2940,florist,sam-hughes-university,https://maps.google.com/?q=Apri%20Services%20500%20N%20Tucson%20Blvd%20%23%20100%2C%20Tucson%2C%20AZ%2085716%2C%20USA,,1,,0,no website,271,false,ChIJuSqIz0xw1oYRWOpURxvSVu8,,
Arizona Flower Market,"500 N Tucson Blvd #190, Tucson, AZ 85716, USA",+1 520-322-7673,florist,sam-hughes-university,https://maps.google.com/?q=Arizona%20Flower%20Market%20500%20N%20Tucson%20Blvd%20%23190%2C%20Tucson%2C%20AZ%2085716%2C%20USA,,1,,0,no website,272,false,ChIJuSqIz0xw1oYRWhMrRezDRJ4,5,30
SavOn Flowers,"1665 E 18th St Ste 111, Tucson, AZ 85719, USA",+1 520-323-7323,florist,sam-hughes-university,https://maps.google.com/?q=SavOn%20Flowers%201665%20E%2018th%20St%20Ste%20111%2C%20Tucson%2C%20AZ%2085719%2C%20USA,http://www.savonflowers.com/,2,,0,has website,273,false,ChIJL_Yef7Zx1oYR_yJ_lYOsT_A,4.4,37
440 & Co.,"440 N 4th Ave, Tucson, AZ 85705, USA",+1 520-651-7404,florist,sam-hughes-university,https://maps.google.com/?q=440%20%26%20Co.%20440%20N%204th%20Ave%2C%20Tucson%2C%20AZ%2085705%2C%20USA,https://fourfortyco.com/,2,,0,has website,274,false,ChIJVVWVdCRx1oYRhzqTwsWH_GY,5,35
Flores Concepts,"843 E 18th St, Tucson, AZ 85719, USA",,florist,sam-hughes-university,https://maps.google.com/?q=Flores%20Concepts%20843%20E%2018th%20St%2C%20Tucson%2C%20AZ%2085719%2C%20USA,https://www.floresconcepts.com/careers/index.html,2,,0,has website,275,false,ChIJXxdR2_Bw1oYRmHMq88tR0CA,,
Thistle,"439 N 6th Ave #179, Tucson, AZ 85705, USA",+1 520-812-2687,florist,sam-hughes-university,https://maps.google.com/?q=Thistle%20439%20N%206th%20Ave%20%23179%2C%20Tucson%2C%20AZ%2085705%2C%20USA,http://thistletucson.com/,2,,0,has website,276,false,ChIJJ6ZiTzBx1oYRvNqW4PcNGw0,4.9,53
The Green Room Flowers LLC,"71 E Pennington St, Tucson, AZ 85701, USA",+1 520-273-1986,florist,sam-hughes-university,https://maps.google.com/?q=The%20Green%20Room%20Flowers%20LLC%2071%20E%20Pennington%20St%2C%20Tucson%2C%20AZ%2085701%2C%20USA,https://thegreenroomflowers.com/,2,,0,has website,277,false,ChIJCdm1E7tx1oYRRDXhm3gNpZ0,4,41
Buds Blooms and Bad Asses LLC,"101 W 6th St, Tucson, AZ 85701, USA",+1 520-789-5173,florist,sam-hughes-university,https://maps.google.com/?q=Buds%20Blooms%20and%20Bad%20Asses%20LLC%20101%20W%206th%20St%2C%20Tucson%2C%20AZ%2085701%2C%20USA,http://budsbloomsandbadasses.com/,2,,0,has website,278,false,ChIJD9r_vTJx1oYRSxzOT0gSbAU,4.9,125
Five Points Flowers,"804 S 6th Ave, Tucson, AZ 85701, USA",+1 520-248-5948,florist,sam-hughes-university,https://maps.google.com/?q=Five%20Points%20Flowers%20804%20S%206th%20Ave%2C%20Tucson%2C%20AZ%2085701%2C%20USA,http://www.fivepointsflowerstucson.com/,2,,0,has website,279,false,ChIJq6oesuhw1oYR76O-pm6cpX0,4.4,16
Studio Brambles,"657 W St Marys Rd, Tucson, AZ 85701, USA",,florist,sam-hughes-university,https://maps.google.com/?q=Studio%20Brambles%20657%20W%20St%20Marys%20Rd%2C%20Tucson%2C%20AZ%2085701%2C%20USA,http://studiobrambles.com/,2,,0,has website,280,false,ChIJqwAoJZX1KEQRVSHAwkJA1Eg,4.8,6
Peyote Flowers Huichol Culture,"168 S Freeway, Tucson, AZ 85745, USA",,florist,sam-hughes-university,https://maps.google.com/?q=Peyote%20Flowers%20Huichol%20Culture%20168%20S%20Freeway%2C%20Tucson%2C%20AZ%2085745%2C%20USA,,1,,0,no website,281,false,ChIJj2GQy9hw1oYRXytSp0zde3o,,
Lily's Price Davis Flower Delivery,"1420 N Oracle Rd, Tucson, AZ 85705, USA",+1 520-524-6710,florist,sam-hughes-university,https://maps.google.com/?q=Lily%27s%20Price%20Davis%20Flower%20Delivery%201420%20N%20Oracle%20Rd%2C%20Tucson%2C%20AZ%2085705%2C%20USA,,1,,0,no website,282,false,ChIJpYcJ2jZx1oYREXpoz4jt_Xk,2,2
Fry's Food And Drug,"555 E Grant Rd, Tucson, AZ 85705, USA",+1 520-622-1976,florist,sam-hughes-university,https://maps.google.com/?q=Fry%27s%20Food%20And%20Drug%20555%20E%20Grant%20Rd%2C%20Tucson%2C%20AZ%2085705%2C%20USA,http://www.frysfood.com/stores/details/660/00021?cid=loc66000021_gmb,2,,0,has website,283,false,ChIJz-CP_3Fx1oYRl7_I6NusDgo,4,2016
Florist of Tucson,"710 W Carmen Pl, Tucson, AZ 85705, USA",+1 520-433-1920,florist,sam-hughes-university,https://maps.google.com/?q=Florist%20of%20Tucson%20710%20W%20Carmen%20Pl%2C%20Tucson%2C%20AZ%2085705%2C%20USA,,1,,0,no website,284,false,ChIJ15aP34lx1oYRDV6R0yjdN8I,4.9,36
University of Arizona Campus Store,"1209 E University Blvd, Tucson, AZ 85721, USA",+1 520-621-2426,book_store,sam-hughes-university,https://maps.google.com/?q=University%20of%20Arizona%20Campus%20Store%201209%20E%20University%20Blvd%2C%20Tucson%2C%20AZ%2085721%2C%20USA,http://shop.arizona.edu/,2,,0,has website,285,false,ChIJWe0cPAdx1oYRdp1IZlVus8o,4.5,1375
UA Medical BookStore (AHSC),"1501 N Campbell Ave, Tucson, AZ 85724, USA",+1 520-626-6669,book_store,sam-hughes-university,https://maps.google.com/?q=UA%20Medical%20BookStore%20%28AHSC%29%201501%20N%20Campbell%20Ave%2C%20Tucson%2C%20AZ%2085724%2C%20USA,https://shop.arizona.edu/medical,2,,0,has website,286,false,ChIJ_cJWQaZx1oYRQvs-N1UQ1as,4,8
Book Stop,"214 N 4th Ave, Tucson, AZ 85705, USA",+1 520-326-6661,book_store,sam-hughes-university,https://maps.google.com/?q=Book%20Stop%20214%20N%204th%20Ave%2C%20Tucson%2C%20AZ%2085705%2C%20USA,http://www.bookstoptucson.com/,2,,0,has website,287,false,ChIJEQnNfR1x1oYR5pJPiI8UK0I,4.6,145
Antigone Books,"411 N 4th Ave, Tucson, AZ 85705, USA",+1 520-792-3715,book_store,sam-hughes-university,https://maps.google.com/?q=Antigone%20Books%20411%20N%204th%20Ave%2C%20Tucson%2C%20AZ%2085705%2C%20USA,http://www.antigonebooks.com/,2,,0,has website,288,false,ChIJRzk_VRxx1oYRxbBFQh6HNyM,4.7,862
The Collectors' Territory,"330 E 7th St, Tucson, AZ 85705, USA",+1 520-624-4418,book_store,sam-hughes-university,https://maps.google.com/?q=The%20Collectors%27%20Territory%20330%20E%207th%20St%2C%20Tucson%2C%20AZ%2085705%2C%20USA,https://www.harleystoysandcomics.com/,2,,0,has website,289,false,ChIJPS2uT9dz1oYR0fDxqEyvBKY,4.1,224
Otaku Nation,"2900 E Broadway Blvd #134, Tucson, AZ 85716, USA",+1 520-207-6885,book_store,sam-hughes-university,https://maps.google.com/?q=Otaku%20Nation%202900%20E%20Broadway%20Blvd%20%23134%2C%20Tucson%2C%20AZ%2085716%2C%20USA,https://otakunationaz.shop/,2,,0,has website,290,false,ChIJ6eQmU9dx1oYRGiFhpRILEoQ,4,215
"Tucson Comic Con, LLC","260 S Church Ave, Tucson, AZ 85701, USA",,book_store,sam-hughes-university,https://maps.google.com/?q=Tucson%20Comic%20Con%2C%20LLC%20260%20S%20Church%20Ave%2C%20Tucson%2C%20AZ%2085701%2C%20USA,https://www.tucsoncomic-con.com/,2,,0,has website,291,false,ChIJ0RbxSPJx1oYRmzZr6n3A-Ww,5,3
Pima Community College Bookstore - Downtown,"1255 N Stone Ave, Tucson, AZ 85709, USA",+1 520-206-7272,book_store,sam-hughes-university,https://maps.google.com/?q=Pima%20Community%20College%20Bookstore%20-%20Downtown%201255%20N%20Stone%20Ave%2C%20Tucson%2C%20AZ%2085709%2C%20USA,https://pima.bncollege.com/,2,,0,has website,292,false,ChIJzfy4YBZx1oYR0MtmEIRP2-g,4.5,12
Follett Higher Education Group,"1255 N Stone Ave, Tucson, AZ 85709, USA",+1 520-628-1115,book_store,sam-hughes-university,https://maps.google.com/?q=Follett%20Higher%20Education%20Group%201255%20N%20Stone%20Ave%2C%20Tucson%2C%20AZ%2085709%2C%20USA,https://www.follett.com/higher-ed,2,,0,has website,293,false,ChIJtXDbaxZx1oYRmRZueRIAwqY,5,1
"Midtown Mercantile Merchants, LLC","3330 E Speedway Blvd, Tucson, AZ 85716, USA",+1 520-777-7275,book_store,sam-hughes-university,https://maps.google.com/?q=Midtown%20Mercantile%20Merchants%2C%20LLC%203330%20E%20Speedway%20Blvd%2C%20Tucson%2C%20AZ%2085716%2C%20USA,http://midtownmm.com/,2,,0,has website,294,false,ChIJrc1zRitu1oYRw6HvjbbZrGM,4.6,662
R-Galaxy,"2406 N Campbell Ave, Tucson, AZ 85719, USA",+1 520-322-0422,book_store,sam-hughes-university,https://maps.google.com/?q=R-Galaxy%202406%20N%20Campbell%20Ave%2C%20Tucson%2C%20AZ%2085719%2C%20USA,https://r-galaxy.com/comics/,2,,0,has website,295,false,ChIJs2IjuJhx1oYRR5jOYJsaDLs,4.5,287
Fantasy Comics,"2595 N 1st Ave, Tucson, AZ 85719, USA",+1 520-670-0100,book_store,sam-hughes-university,https://maps.google.com/?q=Fantasy%20Comics%202595%20N%201st%20Ave%2C%20Tucson%2C%20AZ%2085719%2C%20USA,http://www.fantasycomics2595.com/,2,,0,has website,297,false,ChIJNwdqyHFx1oYRW9DQ6KmxilQ,4.6,399
Friends Book Barn,"2230 N Country Club Rd, Tucson, AZ 85716, USA",+1 520-795-3763,book_store,sam-hughes-university,https://maps.google.com/?q=Friends%20Book%20Barn%202230%20N%20Country%20Club%20Rd%2C%20Tucson%2C%20AZ%2085716%2C%20USA,http://www.pimafriends.com/,2,,0,has website,298,false,ChIJH_DFDnNx1oYRYNBnuEDd7cw,4.5,19
Desierto Books,"267 South Avenida del Convento STE 105, Tucson, AZ 85745, USA",+1 520-372-7553,book_store,sam-hughes-university,https://maps.google.com/?q=Desierto%20Books%20267%20South%20Avenida%20del%20Convento%20STE%20105%2C%20Tucson%2C%20AZ%2085745%2C%20USA,http://www.desiertobooks.com/,2,,0,has website,299,false,ChIJg8N4PVFx1oYRpMQIpTx6o4Y,4.9,26
Carmelite Media,"1540 E Glenn St, Tucson, AZ 85719, USA",+1 630-929-4040,book_store,sam-hughes-university,https://maps.google.com/?q=Carmelite%20Media%201540%20E%20Glenn%20St%2C%20Tucson%2C%20AZ%2085719%2C%20USA,https://publications.carmelitemedia.org/pages/contact-us,2,,0,has website,300,false,ChIJQQUGDZ1x1oYROfIHEiwQeHM,,
Arunachalananda SEVA Center,"2448 N Estrella Ave, Tucson, AZ 85705, USA",+1 520-616-8020,book_store,sam-hughes-university,https://maps.google.com/?q=Arunachalananda%20SEVA%20Center%202448%20N%20Estrella%20Ave%2C%20Tucson%2C%20AZ%2085705%2C%20USA,,1,,0,no website,301,false,ChIJa-MWOWlx1oYRS-56I7_Pr98,,
Flandrau Science Center and Planetarium,"1601 E University Blvd, Tucson, AZ 85721, USA",+1 520-621-4516,gift_shop,sam-hughes-university,https://maps.google.com/?q=Flandrau%20Science%20Center%20and%20Planetarium%201601%20E%20University%20Blvd%2C%20Tucson%2C%20AZ%2085721%2C%20USA,https://flandrau.org/,2,,0,has website,302,false,ChIJp3UeLqpx1oYRRe6Rx9wXi2c,4.5,276
Shop by FORS,"2020 E Broadway Blvd, Tucson, AZ 85719, USA",+1 520-795-9888,gift_shop,sam-hughes-university,https://maps.google.com/?q=Shop%20by%20FORS%202020%20E%20Broadway%20Blvd%2C%20Tucson%2C%20AZ%2085719%2C%20USA,http://forsshop.com/,2,,0,has website,303,false,ChIJmXfpPeJw1oYRTQwiWfEhR48,5,4
Tucson Eclectic Treasures,"139 S Olsen Ave, Tucson, AZ 85719, USA",+1 520-333-7879,gift_shop,sam-hughes-university,https://maps.google.com/?q=Tucson%20Eclectic%20Treasures%20139%20S%20Olsen%20Ave%2C%20Tucson%2C%20AZ%2085719%2C%20USA,http://mkt.com/tucson-eclectic-treasures,2,,0,has website,304,false,ChIJ41eotlFw1oYRpSA66D6egW0,5,1
Pink Moon Mercantile,"845 N Park Ave, Tucson, AZ 85719, USA",+1 520-372-7380,gift_shop,sam-hughes-university,https://maps.google.com/?q=Pink%20Moon%20Mercantile%20845%20N%20Park%20Ave%2C%20Tucson%2C%20AZ%2085719%2C%20USA,http://www.pinkmoonmercantile.com/,2,,0,has website,305,false,ChIJxVOKYRFx1oYRsAy4LDi22Lw,4.4,16
Ben's Bells | Main Gate Studio,"816 E University Blvd, Tucson, AZ 85719, USA",+1 520-622-1379,gift_shop,sam-hughes-university,https://maps.google.com/?q=Ben%27s%20Bells%20%7C%20Main%20Gate%20Studio%20816%20E%20University%20Blvd%2C%20Tucson%2C%20AZ%2085719%2C%20USA,https://bensbells.org/,2,,0,has website,306,false,ChIJJ3STaARx1oYRpC5vkx7U4ds,4.9,14
Miller Curio Co,"1724 E Speedway Blvd, Tucson, AZ 85719, USA",+1 520-235-8855,gift_shop,sam-hughes-university,https://maps.google.com/?q=Miller%20Curio%20Co%201724%20E%20Speedway%20Blvd%2C%20Tucson%2C%20AZ%2085719%2C%20USA,,1,,0,no website,307,false,ChIJr-9D3qhx1oYRSZwLzigCpMo,4.5,4
Deco: An Illuminating Experience,"331 S Olsen Ave, Tucson, AZ 85719, USA",+1 520-319-0888,gift_shop,sam-hughes-university,https://maps.google.com/?q=Deco%3A%20An%20Illuminating%20Experience%20331%20S%20Olsen%20Ave%2C%20Tucson%2C%20AZ%2085719%2C%20USA,http://ignitemuseum.com/,2,,0,has website,308,false,ChIJm9anKE9w1oYRuC7SqBJuJtc,5,2
Broken Heart Art,"1377 E 17th St, Tucson, AZ 85719, USA",+1 520-349-8170,gift_shop,sam-hughes-university,https://maps.google.com/?q=Broken%20Heart%20Art%201377%20E%2017th%20St%2C%20Tucson%2C%20AZ%2085719%2C%20USA,,1,,0,no website,309,false,ChIJg_vTCHBx1oYRQ5sVCZ_95jQ,3,2
Hola Chingona,"412 E 7th St, Tucson, AZ 85705, USA",,gift_shop,sam-hughes-university,https://maps.google.com/?q=Hola%20Chingona%20412%20E%207th%20St%2C%20Tucson%2C%20AZ%2085705%2C%20USA,http://shopholachingona.com/,2,,0,has website,310,false,ChIJqWW-FFxx1oYRQ_ZTlq3iyW4,3.6,9
"Sunny Days Gifts, Decor & More","2605 E Broadway Blvd, Tucson, AZ 85716, USA",+1 520-724-0535,gift_shop,sam-hughes-university,https://maps.google.com/?q=Sunny%20Days%20Gifts%2C%20Decor%20%26%20More%202605%20E%20Broadway%20Blvd%2C%20Tucson%2C%20AZ%2085716%2C%20USA,https://sunnydaystucson.com/,2,,0,has website,311,false,ChIJfXxpMS3a4GQRNkshrpUGzwM,5,5
Pop Cycle,"422 N 4th Ave, Tucson, AZ 85705, USA",+1 520-622-3297,gift_shop,sam-hughes-university,https://maps.google.com/?q=Pop%20Cycle%20422%20N%204th%20Ave%2C%20Tucson%2C%20AZ%2085705%2C%20USA,http://www.popcycleshop.com/?utm_source=GMBListing&utm_medium=organic,2,,0,has website,312,false,ChIJf_oPVhxx1oYRDkRXjUaeGCs,4.8,192
El Regalo,"320 E Congress St, Tucson, AZ 85701, USA",+1 520-740-1000,gift_shop,sam-hughes-university,https://maps.google.com/?q=El%20Regalo%20320%20E%20Congress%20St%2C%20Tucson%2C%20AZ%2085701%2C%20USA,https://elregalotucson.com/,2,,0,has website,313,false,ChIJnYLRDplx1oYRrOo-OVVsXRE,,
Sagebrush | Saguaro,"735 N 4th Ave, Tucson, AZ 85705, USA",+1 520-443-0520,gift_shop,sam-hughes-university,https://maps.google.com/?q=Sagebrush%20%7C%20Saguaro%20735%20N%204th%20Ave%2C%20Tucson%2C%20AZ%2085705%2C%20USA,https://www.sagebrushsaguaro.com/,2,,0,has website,314,false,ChIJWVe78ahx1oYRgftp11IUW28,5,10
Arizona Poppy,"150 S 4th Ave, Tucson, AZ 85701, USA",+1 480-297-6211,gift_shop,sam-hughes-university,https://maps.google.com/?q=Arizona%20Poppy%20150%20S%204th%20Ave%2C%20Tucson%2C%20AZ%2085701%2C%20USA,http://www.instagram.com/arizonapoppyshop,2,,0,has website,315,false,ChIJvRTfzNtx1oYR5UNAx4Vbf7Y,5,187
Brake Masters #102,"1935 E Broadway Blvd, Tucson, AZ 85719, USA",+1 520-762-4014,car_repair,sam-hughes-university,https://maps.google.com/?q=Brake%20Masters%20%23102%201935%20E%20Broadway%20Blvd%2C%20Tucson%2C%20AZ%2085719%2C%20USA,https://www.brakemasters.com/stores/1935-e-broadway-tucson-az/,2,,0,has website,316,false,ChIJX8oLb1Fw1oYRNtXT0_ZhTlo,4.4,370
Complete Car Care,"Tucson, AZ 85719, USA",,car_repair,sam-hughes-university,https://maps.google.com/?q=Complete%20Car%20Care%20Tucson%2C%20AZ%2085719%2C%20USA,,1,,0,no website,317,false,ChIJL365ZVFw1oYRt-3-FEhqa54,,
Aapak Auto Truck & Ac Parts,"1026 E Broadway Blvd, Tucson, AZ 85719, USA",,car_repair,sam-hughes-university,https://maps.google.com/?q=Aapak%20Auto%20Truck%20%26%20Ac%20Parts%201026%20E%20Broadway%20Blvd%2C%20Tucson%2C%20AZ%2085719%2C%20USA,,1,,0,no website,318,false,ChIJPTzeu_5w1oYRSkhFSKvpCW4,5,1
"AAG Collision, Glass & Tint","227 South Kino Pkwy, Tucson, AZ 85719, USA",+1 520-263-9333,car_repair,sam-hughes-university,https://maps.google.com/?q=AAG%20Collision%2C%20Glass%20%26%20Tint%20227%20South%20Kino%20Pkwy%2C%20Tucson%2C%20AZ%2085719%2C%20USA,https://www.collisionandglasstucson.com/,2,,0,has website,319,false,ChIJK6QRIvxu1oYRVAJkN5kEWd0,4.6,394
Wrapp Starr,"2030 E Broadway Blvd Suite 222, Tucson, AZ 85719, USA",+1 520-600-1149,car_repair,sam-hughes-university,https://maps.google.com/?q=Wrapp%20Starr%202030%20E%20Broadway%20Blvd%20Suite%20222%2C%20Tucson%2C%20AZ%2085719%2C%20USA,http://wrappstarr.fun/,2,,0,has website,320,false,ChIJdT3dYANx1oYRMnFGUdW6r9g,4.6,29
Tony's Automotive,"130 S Olsen Ave, Tucson, AZ 85719, USA",+1 520-882-3645,car_repair,sam-hughes-university,https://maps.google.com/?q=Tony%27s%20Automotive%20130%20S%20Olsen%20Ave%2C%20Tucson%2C%20AZ%2085719%2C%20USA,,1,,0,no website,321,false,ChIJ7ZxRr1Fw1oYRK6ADHI4HOPs,4.7,47
Hammett's Garage,"145 S Olsen Ave, Tucson, AZ 85719, USA",+1 520-623-7686,car_repair,sam-hughes-university,https://maps.google.com/?q=Hammett%27s%20Garage%20145%20S%20Olsen%20Ave%2C%20Tucson%2C%20AZ%2085719%2C%20USA,http://hammettsgarage.com/,2,,0,has website,322,false,ChIJt5guslFw1oYRU1UptNL3jgc,4.7,144
Intoxalock Ignition Interlock,"145 S Olsen Ave, Tucson, AZ 85719, USA",+1 520-829-4397,car_repair,sam-hughes-university,https://maps.google.com/?q=Intoxalock%20Ignition%20Interlock%20145%20S%20Olsen%20Ave%2C%20Tucson%2C%20AZ%2085719%2C%20USA,https://www.intoxalock.com/locations/az/tucson/145-s-olsen-ave-10372?utm_medium=yext&utm_source=GMB&y_source=1_MjkwNjgzMzQtNzE1LWxvY2F0aW9uLndlYnNpdGU%3D,2,,0,has website,323,false,ChIJywS5bdZx1oYRvfPpB4hrKXY,,
Intoxalock Ignition Interlock,"242 S Olsen Ave, Tucson, AZ 85719, USA",+1 520-600-2128,car_repair,sam-hughes-university,https://maps.google.com/?q=Intoxalock%20Ignition%20Interlock%20242%20S%20Olsen%20Ave%2C%20Tucson%2C%20AZ%2085719%2C%20USA,https://www.intoxalock.com/locations/az/tucson/242-s-olsen-ave-6611?utm_medium=yext&utm_source=GMB&y_source=1_MTUzNzk1MTMtNzE1LWxvY2F0aW9uLndlYnNpdGU%3D,2,,0,has website,324,false,ChIJm-b7LyNx1oYR6-sqI2dNMg8,4.3,23
Breathe Easy Automotive,"242 S Olsen Ave, Tucson, AZ 85719, USA",+1 520-623-9518,car_repair,sam-hughes-university,https://maps.google.com/?q=Breathe%20Easy%20Automotive%20242%20S%20Olsen%20Ave%2C%20Tucson%2C%20AZ%2085719%2C%20USA,http://www.breatheeasyautotucson.com/,2,,0,has website,326,false,ChIJdzEQWj5x1oYRnQbxY63a0KQ,4.7,198
Milligan's Auto Repair,"1914 E 14th St, Tucson, AZ 85719, USA",+1 520-884-8954,car_repair,sam-hughes-university,https://maps.google.com/?q=Milligan%27s%20Auto%20Repair%201914%20E%2014th%20St%2C%20Tucson%2C%20AZ%2085719%2C%20USA,,1,,0,no website,327,false,ChIJ_YXVoVBw1oYRVHaSW7iiKhA,4.5,22
Affordable Auto Painting,"282 S Plumer Ave, Tucson, AZ 85719, USA",+1 520-745-8023,car_repair,sam-hughes-university,https://maps.google.com/?q=Affordable%20Auto%20Painting%20282%20S%20Plumer%20Ave%2C%20Tucson%2C%20AZ%2085719%2C%20USA,http://affordableautopaintingtucson.com/,2,,0,has website,328,false,ChIJ5-FTFlBw1oYR-4hzfqB6gd0,4.7,187
Albert's Auto Care,"191 S Plumer Ave, Tucson, AZ 85719, USA",+1 520-622-7270,car_repair,sam-hughes-university,https://maps.google.com/?q=Albert%27s%20Auto%20Care%20191%20S%20Plumer%20Ave%2C%20Tucson%2C%20AZ%2085719%2C%20USA,https://www.albertsautocare.com/,2,,0,has website,329,false,ChIJidbQMPJx1oYRWGpO9vMsEC8,5,9
Geico Auto Repair Xpress,"S Euclid Ave, Tucson, AZ 85719, USA",,car_repair,sam-hughes-university,https://maps.google.com/?q=Geico%20Auto%20Repair%20Xpress%20S%20Euclid%20Ave%2C%20Tucson%2C%20AZ%2085719%2C%20USA,,1,,0,no website,330,false,ChIJBZaoYvxw1oYR_oh-U_Y3FYE,1,1
Jc Ramirez Automatic Transmission & Automotive LLC,"341 S Olsen Ave, Tucson, AZ 85719, USA",,car_repair,sam-hughes-university,https://maps.google.com/?q=Jc%20Ramirez%20Automatic%20Transmission%20%26%20Automotive%20LLC%20341%20S%20Olsen%20Ave%2C%20Tucson%2C%20AZ%2085719%2C%20USA,,1,,0,no website,331,false,ChIJbVI0PABx1oYR6KwglbouoKw,,
A-Z mobile auto mechanic LLC,"341 S Olsen Ave, Tucson, AZ 85719, USA",+1 520-891-8632,car_repair,sam-hughes-university,https://maps.google.com/?q=A-Z%20mobile%20auto%20mechanic%20LLC%20341%20S%20Olsen%20Ave%2C%20Tucson%2C%20AZ%2085719%2C%20USA,,1,,0,no website,332,false,ChIJfx_-vEN71oYRAYNpJmp53K8,4.4,13
Intoxalock Ignition Interlock,"341 S Olsen Ave, Tucson, AZ 85719, USA",+1 520-600-2121,car_repair,sam-hughes-university,https://maps.google.com/?q=Intoxalock%20Ignition%20Interlock%20341%20S%20Olsen%20Ave%2C%20Tucson%2C%20AZ%2085719%2C%20USA,https://www.intoxalock.com/locations/az/tucson/3353-n-1st-ave-5180?utm_medium=yext&utm_source=GMB&y_source=1_MTUzNzg2MTQtNzE1LWxvY2F0aW9uLndlYnNpdGU%3D,2,,0,has website,333,false,ChIJ2-n-Iy9z1oYROi2rps9g1L0,2.3,7
Caliber Auto Glass,"721 E 12th St, Tucson, AZ 85719, USA",+1 888-461-0010,car_repair,sam-hughes-university,https://maps.google.com/?q=Caliber%20Auto%20Glass%20721%20E%2012th%20St%2C%20Tucson%2C%20AZ%2085719%2C%20USA,https://www.caliber.com/find-a-location/Tucson-glass-85719?utm_source=google&utm_medium=gbp-profile&utm_campaign=webform-GBPwebsite&utm_content=&utm_term=&utm_id=0967,2,,0,has website,334,false,ChIJccn0r6511oYRg82l9vyYKnI,4.9,62
Caliber Collision,"721 E 12th St, Tucson, AZ 85719, USA",+1 520-903-9119,car_repair,sam-hughes-university,https://maps.google.com/?q=Caliber%20Collision%20721%20E%2012th%20St%2C%20Tucson%2C%20AZ%2085719%2C%20USA,https://www.caliber.com/find-a-location/tucson-university?utm_source=google&utm_medium=gbp-profile&utm_campaign=webform-GBPwebsite&utm_content=&utm_term=&utm_id=0966,2,,0,has website,335,false,ChIJa_Ckhvxw1oYRUSTsA_M_f8Y,4.7,798
Car Genie Mobile Car Wash and Detail,"1788 E Speedway Blvd, Tucson, AZ 85719, USA",+1 877-339-3133,car_wash,sam-hughes-university,https://maps.google.com/?q=Car%20Genie%20Mobile%20Car%20Wash%20and%20Detail%201788%20E%20Speedway%20Blvd%2C%20Tucson%2C%20AZ%2085719%2C%20USA,https://www.cargeniemobiledetail.com/,2,,0,has website,336,false,ChIJG_Ta0Khx1oYRpspmOD_ppkQ,2.7,6
Mister Car Wash,"730 E Broadway Blvd, Tucson, AZ 85719, USA",+1 520-623-2923,car_wash,sam-hughes-university,https://maps.google.com/?q=Mister%20Car%20Wash%20730%20E%20Broadway%20Blvd%2C%20Tucson%2C%20AZ%2085719%2C%20USA,https://mistercarwash.com/store/euclid/?utm_source=google&utm_medium=organic&utm_campaign=gbp,2,,0,has website,337,false,ChIJZVdUZYFx1oYRKOn4M-v7n7k,4.4,371
Kevin’s Auto shine 520,"127 S 4th Ave, Tucson, AZ 85713, USA",+1 708-275-5896,car_wash,sam-hughes-university,https://maps.google.com/?q=Kevin%E2%80%99s%20Auto%20shine%20520%20127%20S%204th%20Ave%2C%20Tucson%2C%20AZ%2085713%2C%20USA,,1,,0,no website,338,false,ChIJFbl0KV9x1oYRJur8ap_zLR0,,
Mister Car Wash Headquarters,"222 East 5th Street, Tucson, AZ 85705, USA",+1 520-615-4000,car_wash,sam-hughes-university,https://maps.google.com/?q=Mister%20Car%20Wash%20Headquarters%20222%20East%205th%20Street%2C%20Tucson%2C%20AZ%2085705%2C%20USA,https://mistercarwash.com/,2,,0,has website,339,false,ChIJSyyzi0Zx1oYR9-A3MTkYKp0,2.6,110
Mister Car Wash South Campus Headquarters,"415 N 6th Ave, Tucson, AZ 85705, USA",+1 520-615-4000,car_wash,sam-hughes-university,https://maps.google.com/?q=Mister%20Car%20Wash%20South%20Campus%20Headquarters%20415%20N%206th%20Ave%2C%20Tucson%2C%20AZ%2085705%2C%20USA,http://www.mistercarwash.com/,2,,0,has website,340,false,ChIJdbOEmx5x1oYR5cwF7bnrL2A,4.1,17
Hurricane Car Wash,"909 E 22nd St, Tucson, AZ 85713, USA",+1 520-345-2648,car_wash,sam-hughes-university,https://maps.google.com/?q=Hurricane%20Car%20Wash%20909%20E%2022nd%20St%2C%20Tucson%2C%20AZ%2085713%2C%20USA,https://dynamitecwc.com/hurricane-car-wash/,2,,0,has website,341,false,ChIJpVvhZPRw1oYRr91Q6OGoZBs,3,178
Mister Car Wash,"3101 E Speedway Blvd, Tucson, AZ 85716, USA",+1 520-327-5656,car_wash,sam-hughes-university,https://maps.google.com/?q=Mister%20Car%20Wash%203101%20E%20Speedway%20Blvd%2C%20Tucson%2C%20AZ%2085716%2C%20USA,https://mistercarwash.com/store/speedway/?utm_source=google&utm_medium=organic&utm_campaign=gbp,2,,0,has website,342,false,ChIJ9ywT6XNx1oYR3mh-0TIRMLc,4,675
Tucson Self Wash,"2630 E 22nd St, Tucson, AZ 85713, USA",+1 520-909-0975,car_wash,sam-hughes-university,https://maps.google.com/?q=Tucson%20Self%20Wash%202630%20E%2022nd%20St%2C%20Tucson%2C%20AZ%2085713%2C%20USA,http://tucsonselfwash.com/,2,,0,has website,343,false,ChIJs1t5WjJx1oYR-FaTrSk_gO0,4,207
Viking Car Wash,"1120 S 6th Ave, Tucson, AZ 85701, USA",+1 520-882-2702,car_wash,sam-hughes-university,https://maps.google.com/?q=Viking%20Car%20Wash%201120%20S%206th%20Ave%2C%20Tucson%2C%20AZ%2085701%2C%20USA,http://vikingcarwashtucson.com/,2,,0,has website,344,false,ChIJlbWMwY5x1oYR35JMM0HYFCU,2.7,177
Car Wash,"420 W 22nd St, Tucson, AZ 85713, USA",,car_wash,sam-hughes-university,https://maps.google.com/?q=Car%20Wash%20420%20W%2022nd%20St%2C%20Tucson%2C%20AZ%2085713%2C%20USA,,1,,0,no website,345,false,ChIJrd-izZlx1oYR5MHcANcoLY8,3.7,106
Rapid Spray Car Wash,"2628 N 1st Ave, Tucson, AZ 85719, USA",+1 520-325-3250,car_wash,sam-hughes-university,https://maps.google.com/?q=Rapid%20Spray%20Car%20Wash%202628%20N%201st%20Ave%2C%20Tucson%2C%20AZ%2085719%2C%20USA,,1,,0,no website,346,false,ChIJxXvNTHBx1oYRNv_xZJp76To,4.5,250
Mister Car Wash,"3150 E Grant Rd, Tucson, AZ 85716, USA",+1 520-881-1486,car_wash,sam-hughes-university,https://maps.google.com/?q=Mister%20Car%20Wash%203150%20E%20Grant%20Rd%2C%20Tucson%2C%20AZ%2085716%2C%20USA,https://mistercarwash.com/store/e-grant/?utm_source=google&utm_medium=organic&utm_campaign=gbp,2,,0,has website,347,false,ChIJ7-2ZHzdx1oYRAJejBhUIBrs,4.3,632
Cool Cat Laundry,"1108 E 6th St, Tucson, AZ 85719, USA",+1 520-272-7351,laundry,sam-hughes-university,https://maps.google.com/?q=Cool%20Cat%20Laundry%201108%20E%206th%20St%2C%20Tucson%2C%20AZ%2085719%2C%20USA,,1,,0,no website,348,false,ChIJedeXuQFx1oYRLw3LzDkKtfo,4,131
Tucson Commercial Cleaning Services,"2030 E Broadway Blvd #5, Tucson, AZ 85719, USA",+1 520-301-7733,laundry,sam-hughes-university,https://maps.google.com/?q=Tucson%20Commercial%20Cleaning%20Services%202030%20E%20Broadway%20Blvd%20%235%2C%20Tucson%2C%20AZ%2085719%2C%20USA,https://commercialcleaningtucsonaz.com/,2,,0,has website,349,false,ChIJCxvf589x1oYR5cgC9Cimdt8,5,10
Sparkle Cleaners - Tucson,"2449 E 6th St, Tucson, AZ 85719, USA",+1 520-277-2721,laundry,sam-hughes-university,https://maps.google.com/?q=Sparkle%20Cleaners%20-%20Tucson%202449%20E%206th%20St%2C%20Tucson%2C%20AZ%2085719%2C%20USA,https://www.sparklecleaners.com/,2,,0,has website,350,false,ChIJVUTZ2Exw1oYRJwAG6-01zxM,4.8,1290
Jani-King Commercial Cleaning of Tucson,"2525 E Broadway Blvd UNIT 105, Tucson, AZ 85716, USA",+1 520-745-6555,laundry,sam-hughes-university,https://maps.google.com/?q=Jani-King%20Commercial%20Cleaning%20of%20Tucson%202525%20E%20Broadway%20Blvd%20UNIT%20105%2C%20Tucson%2C%20AZ%2085716%2C%20USA,https://www.janiking.com/commercial-cleaning/tucson/,2,,0,has website,351,false,ChIJrz7ZyM1x1oYRtd7HZSvvuzM,4.2,18
Eldon Drapery Carpet & Upholstery Cleaners,"1406 N 1st Ave, Tucson, AZ 85719, USA",+1 520-622-7774,laundry,sam-hughes-university,https://maps.google.com/?q=Eldon%20Drapery%20Carpet%20%26%20Upholstery%20Cleaners%201406%20N%201st%20Ave%2C%20Tucson%2C%20AZ%2085719%2C%20USA,http://eldontucson.com/,2,,0,has website,352,false,ChIJpzsQag5x1oYR0PQ4u-MvpSQ,4.8,16
Sparkle Cleaners - Drachman,"16 W Drachman St, Tucson, AZ 85705, USA",+1 520-438-5788,laundry,sam-hughes-university,https://maps.google.com/?q=Sparkle%20Cleaners%20-%20Drachman%2016%20W%20Drachman%20St%2C%20Tucson%2C%20AZ%2085705%2C%20USA,http://www.sparklecleaners.com/,2,,0,has website,353,false,ChIJh-5m0BVx1oYRdrMihBNDBDY,4.7,823
Garcia Cleaners & Shirt Laundry,"205 E 22nd St, Tucson, AZ 85713, USA",+1 520-622-8174,laundry,sam-hughes-university,https://maps.google.com/?q=Garcia%20Cleaners%20%26%20Shirt%20Laundry%20205%20E%2022nd%20St%2C%20Tucson%2C%20AZ%2085713%2C%20USA,,1,,0,no website,354,false,ChIJZR-oI-xw1oYRPYhmcZPYMBw,4.4,71
Mendel's Wife the Tailor - Stone,"1495 N Stone Ave #305, Tucson, AZ 85705, USA",+1 520-464-4649,laundry,sam-hughes-university,https://maps.google.com/?q=Mendel%27s%20Wife%20the%20Tailor%20-%20Stone%201495%20N%20Stone%20Ave%20%23305%2C%20Tucson%2C%20AZ%2085705%2C%20USA,https://www.sparklecleaners.com/alterations-repairs/,2,,0,has website,355,false,ChIJj0RpyBVx1oYRkwEZBIju9R8,4.1,70
Santa Rita Suds Laundromat,"1351 S 4th Ave, Tucson, AZ 85713, USA",+1 520-627-1784,laundry,sam-hughes-university,https://maps.google.com/?q=Santa%20Rita%20Suds%20Laundromat%201351%20S%204th%20Ave%2C%20Tucson%2C%20AZ%2085713%2C%20USA,https://www.facebook.com/profile.php?id=61555723625027,2,,0,has website,356,false,ChIJQYDZA-1w1oYRk9rvi4GXgPw,4.2,129
Asian Trade Rug Company,"2465 N Campbell Ave, Tucson, AZ 85719, USA",+1 520-326-7828,laundry,sam-hughes-university,https://maps.google.com/?q=Asian%20Trade%20Rug%20Company%202465%20N%20Campbell%20Ave%2C%20Tucson%2C%20AZ%2085719%2C%20USA,https://asiantraderugcompany.com/,2,,0,has website,357,false,ChIJdZFT_Ztx1oYRaWZQgr8FMqw,4.9,545
Express Carpet Care,"2501 N Campbell Ave, Tucson, AZ 85719, USA",+1 520-504-4255,laundry,sam-hughes-university,https://maps.google.com/?q=Express%20Carpet%20Care%202501%20N%20Campbell%20Ave%2C%20Tucson%2C%20AZ%2085719%2C%20USA,,1,,0,no website,358,false,ChIJdVLRXBVx1oYRcTLxXTL8xFY,5,6
Desert West Cleaning Specialist,"2509 N Campbell Ave, Tucson, AZ 85719, USA",+1 520-577-4808,laundry,sam-hughes-university,https://maps.google.com/?q=Desert%20West%20Cleaning%20Specialist%202509%20N%20Campbell%20Ave%2C%20Tucson%2C%20AZ%2085719%2C%20USA,http://desertwestcleaning.com/,2,,0,has website,359,false,ChIJne3XJ5lx1oYRS-QQflfCa7s,4.7,13
Tumblerama Laundromat,"3024 E 22nd St, Tucson, AZ 85713, USA",+1 520-335-9597,laundry,sam-hughes-university,https://maps.google.com/?q=Tumblerama%20Laundromat%203024%20E%2022nd%20St%2C%20Tucson%2C%20AZ%2085713%2C%20USA,https://www.tumblerama.com/,2,,0,has website,360,false,ChIJ4_1Rjztx1oYRXZLuyXJsnBY,4.5,18
Super Cleaners & Whole Sale,"515 E Grant Rd ste 151, Tucson, AZ 85705, USA",+1 520-354-7485,laundry,sam-hughes-university,https://maps.google.com/?q=Super%20Cleaners%20%26%20Whole%20Sale%20515%20E%20Grant%20Rd%20ste%20151%2C%20Tucson%2C%20AZ%2085705%2C%20USA,https://www.supercleaners.store/,2,,0,has website,361,false,ChIJDfekOppx1oYRKTNRzru2xQ8,4.8,34
Super Laundry X,"615 E Grant Rd #161, Tucson, AZ 85705, USA",+1 520-400-4485,laundry,sam-hughes-university,https://maps.google.com/?q=Super%20Laundry%20X%20615%20E%20Grant%20Rd%20%23161%2C%20Tucson%2C%20AZ%2085705%2C%20USA,http://www.superlaundryx.com/,2,,0,has website,362,false,ChIJw-UYHHJx1oYR6caRSDg5GEM,3.7,292
PuroClean of Northeast Tucson,"2517 N 1st Ave, Tucson, AZ 85719, USA",+1 520-524-6306,laundry,sam-hughes-university,https://maps.google.com/?q=PuroClean%20of%20Northeast%20Tucson%202517%20N%201st%20Ave%2C%20Tucson%2C%20AZ%2085719%2C%20USA,https://www.puroclean.com/tucson-az-puroclean-northeast-tucson/,2,,0,has website,363,false,ChIJRe962Ppx1oYRw-wgRVGsN-Y,4.8,16
Maggie's Professional cleaning and organizing Services,"3660 E 3rd St Apt C20, Tucson, AZ 85716, USA",+1 520-910-4509,laundry,sam-hughes-university,https://maps.google.com/?q=Maggie%27s%20Professional%20cleaning%20and%20organizing%20Services%203660%20E%203rd%20St%20Apt%20C20%2C%20Tucson%2C%20AZ%2085716%2C%20USA,,1,,0,no website,364,false,ChIJBbYdWepx1oYRr_-9_mczU18,,
Sparkle Cleaners - Campbell,"2701 N Campbell Ave, Tucson, AZ 85719, USA",+1 520-492-7295,laundry,sam-hughes-university,https://maps.google.com/?q=Sparkle%20Cleaners%20-%20Campbell%202701%20N%20Campbell%20Ave%2C%20Tucson%2C%20AZ%2085719%2C%20USA,http://www.sparklecleaners.com/,2,,0,has website,365,false,ChIJu-8X4ptx1oYRhSv4YszmWQY,4.8,737
Karimi Rugs,"2752 N Campbell Ave, Tucson, AZ 85719, USA",+1 520-319-8280,laundry,sam-hughes-university,https://maps.google.com/?q=Karimi%20Rugs%202752%20N%20Campbell%20Ave%2C%20Tucson%2C%20AZ%2085719%2C%20USA,https://karimitucson.com/,2,,0,has website,366,false,ChIJ03eW-e9x1oYRuVRGz78TjMc,4.7,66
Tucson Locksmith Experts,"2030 E Broadway Blvd Suite 9, Tucson, AZ 85719, USA",+1 520-595-5533,locksmith,sam-hughes-university,https://maps.google.com/?q=Tucson%20Locksmith%20Experts%202030%20E%20Broadway%20Blvd%20Suite%209%2C%20Tucson%2C%20AZ%2085719%2C%20USA,https://tucson-locksmith-experts.com/,2,,0,has website,367,false,ChIJR1iFo1Fw1oYRmc3WK8-uEG0,5,95
Wainwrights Inc,"2045 E 15th St, Tucson, AZ 85719, USA",+1 520-622-7102,locksmith,sam-hughes-university,https://maps.google.com/?q=Wainwrights%20Inc%202045%20E%2015th%20St%2C%20Tucson%2C%20AZ%2085719%2C%20USA,http://www.wainwrightsinc.net/,2,,0,has website,369,false,ChIJB11ujlpw1oYR-12Ch3-FtCY,4.7,60
KeyMe Locksmiths,"1001 E Speedway Blvd, Tucson, AZ 85719, USA",+1 520-217-7986,locksmith,sam-hughes-university,https://maps.google.com/?q=KeyMe%20Locksmiths%201001%20E%20Speedway%20Blvd%2C%20Tucson%2C%20AZ%2085719%2C%20USA,https://key.me/kiosks/arizona/tucson/tucson/key-copy-tucson-arizona,2,,0,has website,370,false,ChIJZyU6p6px1oYRNcW0ncxIe60,3.8,8
BullFrog Towing,"808 E Adams St, Tucson, AZ 85719, USA",+1 520-270-9269,locksmith,sam-hughes-university,https://maps.google.com/?q=BullFrog%20Towing%20808%20E%20Adams%20St%2C%20Tucson%2C%20AZ%2085719%2C%20USA,http://www.bullfrogtowing.co/,2,,0,has website,371,false,ChIJMWd5veMyXosRprtXUhys_Sg,4.5,23
Kaiser Lock and Key,"40 E Congress St Suite 102, Tucson, AZ 85701, USA",+1 520-248-4264,locksmith,sam-hughes-university,https://maps.google.com/?q=Kaiser%20Lock%20and%20Key%2040%20E%20Congress%20St%20Suite%20102%2C%20Tucson%2C%20AZ%2085701%2C%20USA,https://kaiserlockandkey.com/,2,,0,has website,372,false,ChIJJUh9Dn-a7IcRnFGiju4-eSU,5,15
Minute Key,"3435 E Broadway Blvd, Tucson, AZ 85716, USA",+1 805-472-6062,locksmith,sam-hughes-university,https://maps.google.com/?q=Minute%20Key%203435%20E%20Broadway%20Blvd%2C%20Tucson%2C%20AZ%2085716%2C%20USA,,1,,0,no website,373,false,ChIJXU2Nwj1x1oYRO0L5YrK4BtU,,
Locksmith Guru LLC,"1690 N Stone Ave #109, Tucson, AZ 85705, USA",+1 520-500-1205,locksmith,sam-hughes-university,https://maps.google.com/?q=Locksmith%20Guru%20LLC%201690%20N%20Stone%20Ave%20%23109%2C%20Tucson%2C%20AZ%2085705%2C%20USA,https://www.locksmithguruaz.com/,2,,0,has website,374,false,ChIJNdaTl6dx1oYRHj7uE7gN3Eg,4.8,66
KeyMe Locksmiths,"555 E Grant Rd, Tucson, AZ 85705, USA",+1 520-263-8079,locksmith,sam-hughes-university,https://maps.google.com/?q=KeyMe%20Locksmiths%20555%20E%20Grant%20Rd%2C%20Tucson%2C%20AZ%2085705%2C%20USA,https://key.me/kiosks/arizona/tucson/el-cortez/make-keys-el-cortez-az,2,,0,has website,375,false,ChIJ2_c0a_Nx1oYR1KDR-It_2VY,4.4,20
Minute Key,"3689 E Broadway Blvd, Tucson, AZ 85716, USA",+1 805-472-6062,locksmith,sam-hughes-university,https://maps.google.com/?q=Minute%20Key%203689%20E%20Broadway%20Blvd%2C%20Tucson%2C%20AZ%2085716%2C%20USA,https://www.minutekey.com/key-services/arizona/tucson/locksmith-key-copy-duplication-3689-e-broadway-blvd/33014/,2,,0,has website,377,false,ChIJMU-_M01x1oYRWP1A-qR8BPs,,
"On Call Locksmith LLC | Tucson, AZ","2578 N 1st Ave, Tucson, AZ 85719, USA",+1 520-442-5008,locksmith,sam-hughes-university,https://maps.google.com/?q=On%20Call%20Locksmith%20LLC%20%7C%20Tucson%2C%20AZ%202578%20N%201st%20Ave%2C%20Tucson%2C%20AZ%2085719%2C%20USA,https://www.oncalllocksmith.com/,2,,0,has website,378,false,ChIJs_uYdMZx1oYRwVMfzxpQINA,5,629
Sixx the Locksmith LLC,"107 W Sahuaro St Unit 1, Tucson, AZ 85705, USA",+1 520-585-6257,locksmith,sam-hughes-university,https://maps.google.com/?q=Sixx%20the%20Locksmith%20LLC%20107%20W%20Sahuaro%20St%20Unit%201%2C%20Tucson%2C%20AZ%2085705%2C%20USA,http://www.pixxbysixx.com/,2,,0,has website,379,false,ChIJwamO5v5v1oYRNY_hsDkUDTI,4.9,54
G&M Lock and Key,"2954 N Campbell Ave #141, Tucson, AZ 85719, USA",+1 520-322-6802,locksmith,sam-hughes-university,https://maps.google.com/?q=G%26M%20Lock%20and%20Key%202954%20N%20Campbell%20Ave%20%23141%2C%20Tucson%2C%20AZ%2085719%2C%20USA,http://www.gandmlockandkey.com/,2,,0,has website,380,false,ChIJ3WIQTZtx1oYRDStUe5b6bDo,3.8,12
Endeavor Studio,"130 E Congress St Suite 200, Tucson, AZ 85701, USA",,tailor,sam-hughes-university,https://maps.google.com/?q=Endeavor%20Studio%20130%20E%20Congress%20St%20Suite%20200%2C%20Tucson%2C%20AZ%2085701%2C%20USA,,1,,0,no website,381,false,ChIJSW5gHQBx1oYRs2X89Nsf6dw,,
Peanut's Clawset,"321 N 4th Ave, Tucson, AZ 85705, USA",+1 520-412-1296,pet_store,sam-hughes-university,https://maps.google.com/?q=Peanut%27s%20Clawset%20321%20N%204th%20Ave%2C%20Tucson%2C%20AZ%2085705%2C%20USA,http://peanutsclawset.com/,2,,0,has website,382,false,ChIJi8TurMtx1oYRubrP2JgOPcY,5,25
"EcoGro, LLC","657 W St Marys Rd, Tucson, AZ 85701, USA",+1 520-777-8307,pet_store,sam-hughes-university,https://maps.google.com/?q=EcoGro%2C%20LLC%20657%20W%20St%20Marys%20Rd%2C%20Tucson%2C%20AZ%2085701%2C%20USA,http://ecogro.com/,2,,0,has website,383,false,ChIJeRaH7SNx1oYROpzxN9P1Q_o,4.7,351
Abstract Aquariums & Cafe,"2567 N 1st Ave, Tucson, AZ 85719, USA",+1 520-203-8451,pet_store,sam-hughes-university,https://maps.google.com/?q=Abstract%20Aquariums%20%26%20Cafe%202567%20N%201st%20Ave%2C%20Tucson%2C%20AZ%2085719%2C%20USA,https://www.abstractaquariumscafe.com/,2,,0,has website,384,false,ChIJwejxKRlx1oYRcE1tRlto6ns,4.1,74
