business_name,address,phone,category,neighborhood,google_maps_url,website_url,quality_score,platform,registrar,est_monthly_cost,pain_points,priority_rank,outreach_doc_ready,place_id,rating,user_ratings_total,domain_suggestions
Rubio's Coastal Grill,"3421 E Broadway Blvd #101, Tucson, AZ 85716, USA",+1 520-326-1530,restaurant,broadway-corridor,https://maps.google.com/?q=Rubio%27s%20Coastal%20Grill%203421%20E%20Broadway%20Blvd%20%23101%2C%20Tucson%2C%20AZ%2085716%2C%20USA,https://www.rubios.com/restaurant-locations/arizona/tucson-broadway-blvd,2,wordpress,eNom,0,has website,1,false,ChIJA8dGhTBw1oYRTUScsQGvKAY,4.2,925,
Cheddar's Scratch Kitchen,"3455 E Broadway Blvd, Tucson, AZ 85716, USA",+1 520-327-0187,restaurant,broadway-corridor,https://maps.google.com/?q=Cheddar%27s%20Scratch%20Kitchen%203455%20E%20Broadway%20Blvd%2C%20Tucson%2C%20AZ%2085716%2C%20USA,https://www.cheddars.com/locations/az/tucson/tucson/2111?cmpid=br:csk_ag:ie_ch:loc_ca:CSKGMB_sn:gmb_gt:tucson-az-2111_pl:locurl_rd:1090,2,custom/unknown,MarkMonitor Inc.,0,has website,3,false,ChIJR5RGfTBw1oYRJ81s77OPQh4,4.4,5867,
Cinemark Century El Con 20 and XD,"3601 E Broadway Blvd, Tucson, AZ 85716, USA",+1 520-202-3358,restaurant,broadway-corridor,https://maps.google.com/?q=Cinemark%20Century%20El%20Con%2020%20and%20XD%203601%20E%20Broadway%20Blvd%2C%20Tucson%2C%20AZ%2085716%2C%20USA,https://www.cinemark.com/theatres/az-tucson/cinemark-century-el-con-20-and-xd?utm_medium=organic&utm_source=gmb&utm_campaign=local_listing_theater&utm_content=GMB_listing&y_source=1_MTc0OTMwMDEtNzE1LWxvY2F0aW9uLndlYnNpdGU%3D,2,custom/unknown,Network Solutions,0,has website,6,false,ChIJlVyPMzBw1oYR-naPSqhsYfA,4.3,8603,
In-N-Out Burger,"3711 E Broadway Blvd, Tucson, AZ 85716, USA",+1 800-786-1000,restaurant,broadway-corridor,https://maps.google.com/?q=In-N-Out%20Burger%203711%20E%20Broadway%20Blvd%2C%20Tucson%2C%20AZ%2085716%2C%20USA,https://locations.in-n-out.com/207,2,custom/unknown,unregistered,0,has website,7,false,ChIJV2SFVyVw1oYR0Yrux9lXW4A,4.6,5009,
Portillo's Tucson,"3761 E Broadway Blvd, Tucson, AZ 85716, USA",+1 520-246-2300,restaurant,broadway-corridor,https://maps.google.com/?q=Portillo%27s%20Tucson%203761%20E%20Broadway%20Blvd%2C%20Tucson%2C%20AZ%2085716%2C%20USA,https://www.portillos.com/index.html,2,,Network Solutions,0,has website,8,false,ChIJnd8CxY5x1oYRlnDq5igBDX0,4.4,1760,
Sushi Garden,"3048 E Broadway Blvd, Tucson, AZ 85716, USA",+1 520-326-4700,restaurant,broadway-corridor,https://maps.google.com/?q=Sushi%20Garden%203048%20E%20Broadway%20Blvd%2C%20Tucson%2C%20AZ%2085716%2C%20USA,https://sushigarden.com/,2,wordpress,GoDaddy.com,0,has website,9,false,ChIJWwOA3SVw1oYRlE-mQFOj5ss,4.1,2256,
Falora Pizza,"3000 E Broadway Blvd, Tucson, AZ 85716, USA",+1 520-325-9988,restaurant,broadway-corridor,https://maps.google.com/?q=Falora%20Pizza%203000%20E%20Broadway%20Blvd%2C%20Tucson%2C%20AZ%2085716%2C%20USA,http://www.falora.com/,2,weebly,IONOS SE,0,has website,10,false,ChIJt7bjOkhw1oYRc9UxBtfNKpM,4.4,427,
Bisbee Breakfast Club,"2936 E Broadway Blvd, Tucson, AZ 85716, USA",+1 520-327-0029,restaurant,broadway-corridor,https://maps.google.com/?q=Bisbee%20Breakfast%20Club%202936%20E%20Broadway%20Blvd%2C%20Tucson%2C%20AZ%2085716%2C%20USA,http://bisbeebreakfastclub.com/,2,wix,GoDaddy.com,0,has website,11,false,ChIJX3txPkhw1oYRfU8sOe6IyhQ,4.4,1074,
Angie's,"3805 E Broadway Blvd, Tucson, AZ 85716, USA",+1 623-471-8658,restaurant,broadway-corridor,https://maps.google.com/?q=Angie%27s%203805%20E%20Broadway%20Blvd%2C%20Tucson%2C%20AZ%2085716%2C%20USA,https://angiesprimegrill.com/,2,wix,GoDaddy.com,0,has website,12,false,ChIJYe-wR-Bx1oYR8HnZePi4wwg,3.4,175,
Kimchi Time,"2900 E Broadway Blvd, Tucson, AZ 85716, USA",+1 520-305-4900,restaurant,broadway-corridor,https://maps.google.com/?q=Kimchi%20Time%202900%20E%20Broadway%20Blvd%2C%20Tucson%2C%20AZ%2085716%2C%20USA,,1,,,0,no website,13,false,ChIJv09FXUhw1oYRS7lDioDUCRI,4.5,554,kimchitimetucson.com; kimchitimeaz.com
Laffs Comedy Caffé,"2900 E Broadway Blvd, Tucson, AZ 85716, USA",+1 520-323-8669,restaurant,broadway-corridor,https://maps.google.com/?q=Laffs%20Comedy%20Caff%C3%A9%202900%20E%20Broadway%20Blvd%2C%20Tucson%2C%20AZ%2085716%2C%20USA,http://www.laffstucson.com/,2,custom php,GoDaddy.com,0,has website,14,false,ChIJFVcR9Ehw1oYR43ORN1JtnGk,4.6,1472,
Smashburger,"3837 E Broadway Blvd, Tucson, AZ 85716, USA",+1 520-325-9553,restaurant,broadway-corridor,https://maps.google.com/?q=Smashburger%203837%20E%20Broadway%20Blvd%2C%20Tucson%2C%20AZ%2085716%2C%20USA,https://smashburger.com/locations/us/az/tucson/3837-e-broadway-blvd?utm_medium=organic&utm_source=local&utm_campaign=googlelistings&utm_content=website&utm_term=1800,2,custom/unknown,Nom-iq Ltd. dba COM LAUDE,0,has website,16,false,ChIJn_ZN7SVw1oYR9stMh6f_Ilw,4.1,989,
Bruegger's Bagels,"3843 E Broadway Blvd, Tucson, AZ 85716, USA",+1 520-323-0033,restaurant,broadway-corridor,https://maps.google.com/?q=Bruegger%27s%20Bagels%203843%20E%20Broadway%20Blvd%2C%20Tucson%2C%20AZ%2085716%2C%20USA,https://locations.brueggers.com/us/az/tucson/3843-east-broadway-blvd?y_source=1_OTczMjIxNi03MTUtbG9jYXRpb24ud2Vic2l0ZQ%3D%3D,2,wordpress,unregistered,0,has website,17,false,ChIJk54JkyVw1oYRY-kJzyOgI4M,4.4,332,
Azian,"15 N Alvernon Way, Tucson, AZ 85711, USA",+1 520-777-8311,restaurant,broadway-corridor,https://maps.google.com/?q=Azian%2015%20N%20Alvernon%20Way%2C%20Tucson%2C%20AZ%2085711%2C%20USA,https://www.aziansushitucson.com/,2,wordpress,Cloudflare,0,has website,18,false,ChIJZ-UC8SVw1oYRt7YD0Cq70G8,3.6,1346,
Zemam's Ethiopian Cuisine,"2731 E Broadway Blvd, Tucson, AZ 85716, USA",+1 520-239-5145,restaurant,broadway-corridor,https://maps.google.com/?q=Zemam%27s%20Ethiopian%20Cuisine%202731%20E%20Broadway%20Blvd%2C%20Tucson%2C%20AZ%2085716%2C%20USA,http://zemamsrestaurants.com/,2,squarespace,Tucows Domains Inc.,0,has website,19,false,ChIJTwqB4Ehw1oYRPdH5a6V1Ug0,4.8,697,
Locale Neighborhood Italian Restaurant,"60 N Alvernon Way, Tucson, AZ 85711, USA",+1 520-398-7553,restaurant,broadway-corridor,https://maps.google.com/?q=Locale%20Neighborhood%20Italian%20Restaurant%2060%20N%20Alvernon%20Way%2C%20Tucson%2C%20AZ%2085711%2C%20USA,https://www.localetucson.com/,2,squarespace,GoDaddy.com,0,has website,20,false,ChIJDUtJt7lx1oYRi7jhm_LP_Q4,4.5,2004,
SideCar,"139 S Eastbourne Ave, Tucson, AZ 85716, USA",+1 520-795-1819,bar,broadway-corridor,https://maps.google.com/?q=SideCar%20139%20S%20Eastbourne%20Ave%2C%20Tucson%2C%20AZ%2085716%2C%20USA,http://www.barsidecar.com/,2,squarespace,GoDaddy.com,0,has website,21,false,ChIJ6QQXF0hw1oYRtAu4KGv3vK8,4.7,351,
Zerai’s International Bar,"2725 E Broadway Blvd, Tucson, AZ 85716, USA",+1 520-239-5146,bar,broadway-corridor,https://maps.google.com/?q=Zerai%E2%80%99s%20International%20Bar%202725%20E%20Broadway%20Blvd%2C%20Tucson%2C%20AZ%2085716%2C%20USA,https://www.z-street.com/,2,wordpress,GoDaddy.com,0,has website,22,false,ChIJ3w1Uh01x1oYRwEAtBILIvFw,4.8,45,
The 1925 Bar & Grill,"600 S Alvernon Way, Tucson, AZ 85711, USA",+1 520-791-4346,bar,broadway-corridor,https://maps.google.com/?q=The%201925%20Bar%20%26%20Grill%20600%20S%20Alvernon%20Way%2C%20Tucson%2C%20AZ%2085711%2C%20USA,https://www.tucsoncitygolf.com/randolph-1925-bar-grill/,2,wordpress,Network Solutions,0,has website,23,false,ChIJ8cMuPSJw1oYR1unde6I3Cbk,4.3,66,
Javelina,"445 S Alvernon Way, Tucson, AZ 85711, USA",,bar,broadway-corridor,https://maps.google.com/?q=Javelina%20445%20S%20Alvernon%20Way%2C%20Tucson%2C%20AZ%2085711%2C%20USA,https://www.hilton.com/en/hotels/tusbtdt-doubletree-tucson-reid-park/dining/,2,,MarkMonitor Inc.,0,has website,24,false,ChIJgTFo1SNw1oYRFsRRVWRuVoE,4.5,36,
The Broadway Beer & Wine Bar,"2559 E Broadway Blvd, Tucson, AZ 85716, USA",+1 520-844-0815,bar,broadway-corridor,https://maps.google.com/?q=The%20Broadway%20Beer%20%26%20Wine%20Bar%202559%20E%20Broadway%20Blvd%2C%20Tucson%2C%20AZ%2085716%2C%20USA,https://www.thebroadwayaz.com/,2,squarespace,Squarespace Domains LLC,0,has website,25,false,ChIJY0dXRgBx1oYRtaMBkUvQJn0,4.9,33,
La Rosa,"800 N Country Club Rd, Tucson, AZ 85716, USA",+1 520-222-9833,bar,broadway-corridor,https://maps.google.com/?q=La%20Rosa%20800%20N%20Country%20Club%20Rd%2C%20Tucson%2C%20AZ%2085716%2C%20USA,https://www.larosatucson.org/,2,wordpress,Tucows Domains Inc.,0,has website,26,false,ChIJC8yJhMpx1oYRDpKEwS6-edM,4.6,118,
Redbird Scratch Kitchen + Bar (Sam Hughes),"2515 E 6th St, Tucson, AZ 85716, USA",+1 520-829-6477,bar,broadway-corridor,https://maps.google.com/?q=Redbird%20Scratch%20Kitchen%20%2B%20Bar%20%28Sam%20Hughes%29%202515%20E%206th%20St%2C%20Tucson%2C%20AZ%2085716%2C%20USA,http://redbirdrestaurants.com/,2,wix,GoDaddy.com,0,has website,27,false,ChIJAWHsXQBx1oYRXTIV_rLMaSs,4.8,357,
Sonoran House Sam Hughes,"2513 E 6th St, Tucson, AZ 85716, USA",+1 520-230-2812,bar,broadway-corridor,https://maps.google.com/?q=Sonoran%20House%20Sam%20Hughes%202513%20E%206th%20St%2C%20Tucson%2C%20AZ%2085716%2C%20USA,http://sonoranhouse.com/sam-hughes,2,squarespace,GoDaddy.com,0,has website,28,false,ChIJJ6UDJNNx1oYRXfsXkI8o8Bg,4.6,185,
Bob Dobb's Bar & Grill,"2501 E 6th St, Tucson, AZ 85716, USA",+1 520-325-3767,bar,broadway-corridor,https://maps.google.com/?q=Bob%20Dobb%27s%20Bar%20%26%20Grill%202501%20E%206th%20St%2C%20Tucson%2C%20AZ%2085716%2C%20USA,http://www.bobdobbs-tucson.com/,2,,GoDaddy.com,0,has website,29,false,ChIJF03I3Uxw1oYRB_SCQYojgXo,4.2,504,
Bashful Bandit Barbecue,"3686 E Speedway Blvd, Tucson, AZ 85716, USA",+1 520-526-2368,bar,broadway-corridor,https://maps.google.com/?q=Bashful%20Bandit%20Barbecue%203686%20E%20Speedway%20Blvd%2C%20Tucson%2C%20AZ%2085716%2C%20USA,http://bashfulbanditbbq.com/,2,squarespace,GoDaddy.com,0,has website,30,false,ChIJ3c2jYNJx1oYRrGCq7oI3C9Q,4.3,836,
Red Garter Saloon Bar & Grill,"3143 E Speedway Blvd, Tucson, AZ 85716, USA",+1 520-325-0483,bar,broadway-corridor,https://maps.google.com/?q=Red%20Garter%20Saloon%20Bar%20%26%20Grill%203143%20E%20Speedway%20Blvd%2C%20Tucson%2C%20AZ%2085716%2C%20USA,https://redgartertucson.com/,2,custom/unknown,GoDaddy.com,0,has website,31,false,ChIJ4-9si8lx1oYRIZv9XX2TUOc,4.5,1419,
Fresco Pizzeria & Pastaria,"3011 E Speedway Blvd, Tucson, AZ 85716, USA",+1 520-881-5555,bar,broadway-corridor,https://maps.google.com/?q=Fresco%20Pizzeria%20%26%20Pastaria%203011%20E%20Speedway%20Blvd%2C%20Tucson%2C%20AZ%2085716%2C%20USA,https://frescopizzeria.com/?utm_source=google&utm_medium=organic&utm_campaign=gmb,2,squarespace,Tucows Domains Inc.,0,has website,32,false,ChIJj03RALZx1oYRHqA-l8XIMA4,4.5,780,
Casa Film Bar,"2905 E Speedway Blvd, Tucson, AZ 85716, USA",+1 520-326-6314,bar,broadway-corridor,https://maps.google.com/?q=Casa%20Film%20Bar%202905%20E%20Speedway%20Blvd%2C%20Tucson%2C%20AZ%2085716%2C%20USA,http://www.casafilmbar.com/,2,squarespace,GoDaddy.com,0,has website,33,false,ChIJT-dsZbZx1oYRApPI-0rrFJM,4.8,386,
Gee's Garden,"1145 N Alvernon Way, Tucson, AZ 85716, USA",,bar,broadway-corridor,https://maps.google.com/?q=Gee%27s%20Garden%201145%20N%20Alvernon%20Way%2C%20Tucson%2C%20AZ%2085716%2C%20USA,,1,,,0,no website,34,false,ChIJbY0NFj5x1oYRxi80eVp1HF4,3,3,geesgarden.com; geesgardentucson.com
Silver Room,"673 S Plumer Ave, Tucson, AZ 85719, USA",+1 520-849-5115,bar,broadway-corridor,https://maps.google.com/?q=Silver%20Room%20673%20S%20Plumer%20Ave%2C%20Tucson%2C%20AZ%2085719%2C%20USA,,1,,,0,no website,35,false,ChIJJ8FUSFtw1oYROMV_-j4B5k8,4.5,185,silverroomtucson.com; silverroomaz.com
Lucky Strike Bowl,"4015 E Speedway Blvd, Tucson, AZ 85712, USA",+1 520-327-4926,bar,broadway-corridor,https://maps.google.com/?q=Lucky%20Strike%20Bowl%204015%20E%20Speedway%20Blvd%2C%20Tucson%2C%20AZ%2085712%2C%20USA,https://tripleshift.com/lucky-strike-bowl/,2,,GoDaddy.com,0,has website,36,false,ChIJkeKG-tRx1oYR-rDiNHzMMlI,4.5,1656,
Chatterbox,"1601 S Alvernon Way, Tucson, AZ 85711, USA",+1 520-790-7341,bar,broadway-corridor,https://maps.google.com/?q=Chatterbox%201601%20S%20Alvernon%20Way%2C%20Tucson%2C%20AZ%2085711%2C%20USA,https://www.facebook.com/ChatterBoxTucson,2,custom/unknown,RegistrarSafe,0,has website,37,false,ChIJr-iMfBtw1oYRax_PYlckld0,4.4,142,
Ombre Coffee,"2936 E Broadway Blvd, Tucson, AZ 85716, USA",+1 520-327-0029,cafe,broadway-corridor,https://maps.google.com/?q=Ombre%20Coffee%202936%20E%20Broadway%20Blvd%2C%20Tucson%2C%20AZ%2085716%2C%20USA,http://www.ombrecoffee.com/,2,squarespace,GoDaddy.com,0,has website,39,false,ChIJowwHPkhw1oYR8tkPTbeZph0,4.6,190,
Zedamo Coffee & Tea,"2719 E Broadway Blvd, Tucson, AZ 85716, USA",,cafe,broadway-corridor,https://maps.google.com/?q=Zedamo%20Coffee%20%26%20Tea%202719%20E%20Broadway%20Blvd%2C%20Tucson%2C%20AZ%2085716%2C%20USA,,1,,,0,no website,40,false,ChIJk_H7UgBx1oYRaUbYOX3Qu94,4.9,34,zedamocoffeetea.com; zedamocoffeeteatucson.com
Desert Drifter,"3955 E Broadway Blvd, Tucson, AZ 85711, USA",,cafe,broadway-corridor,https://maps.google.com/?q=Desert%20Drifter%203955%20E%20Broadway%20Blvd%2C%20Tucson%2C%20AZ%2085711%2C%20USA,https://desertdriftercoffee.com/,2,custom/unknown,IONOS SE,0,has website,41,false,ChIJAWSRjG9x1oYRD-_cnQWh5nI,3,2,
Decibel Coffee Works,"2631 E Broadway Blvd, Tucson, AZ 85716, USA",+1 520-355-3440,cafe,broadway-corridor,https://maps.google.com/?q=Decibel%20Coffee%20Works%202631%20E%20Broadway%20Blvd%2C%20Tucson%2C%20AZ%2085716%2C%20USA,https://decibelcoffeeworks.com/,2,shopify,Bluehost Inc.,0,has website,43,false,ChIJo825Axpx1oYRrBf-0TkftTc,4.9,61,
Yellow Brick Coffee,"800 N Country Club Rd Ste 3180, Tucson, AZ 85716, USA",+1 520-226-4068,cafe,broadway-corridor,https://maps.google.com/?q=Yellow%20Brick%20Coffee%20800%20N%20Country%20Club%20Rd%20Ste%203180%2C%20Tucson%2C%20AZ%2085716%2C%20USA,http://yellowbrickcoffee.com/,2,shopify,Register.com - Network Solutions,0,has website,44,false,ChIJpZzDY-Fx1oYRJ1qBpn8-BLI,4.5,168,
Barista Del Barrio,"2500 E 6th St, Tucson, AZ 85716, USA",,cafe,broadway-corridor,https://maps.google.com/?q=Barista%20Del%20Barrio%202500%20E%206th%20St%2C%20Tucson%2C%20AZ%2085716%2C%20USA,,1,,,0,no website,45,false,ChIJ8Vt1AwBx1oYRVsUA_zOYmTY,4.3,17,baristadelbarriotucson.com; baristadelbarrioaz.com
Coffee Times Drive-Thru Espresso,"3401 E Speedway Blvd, Tucson, AZ 85716, USA",+1 520-318-3698,cafe,broadway-corridor,https://maps.google.com/?q=Coffee%20Times%20Drive-Thru%20Espresso%203401%20E%20Speedway%20Blvd%2C%20Tucson%2C%20AZ%2085716%2C%20USA,https://www.instagram.com/coffeetimestucson/?hl=en,2,custom/unknown,RegistrarSafe,0,has website,46,false,ChIJq_TuDsxx1oYRtb0kyLEuhWM,4.8,808,
Dutch Bros Coffee,"3700 E Speedway Blvd SEC (Dodge, Tucson, AZ 85716, USA",+1 877-899-2767,cafe,broadway-corridor,https://maps.google.com/?q=Dutch%20Bros%20Coffee%203700%20E%20Speedway%20Blvd%20SEC%20%28Dodge%2C%20Tucson%2C%20AZ%2085716%2C%20USA,https://www.dutchbros.com/locations/az/tucson/3700-e-speedway-blvd-sec-(dodge)?y_source=1_MTU1NTM5MTUtNzE1LWxvY2F0aW9uLndlYnNpdGU%3D,2,custom/unknown,GoDaddy Corporate Domains,0,has website,51,false,ChIJydPTa2Zx1oYRb6jTk6ox-v0,4.6,766,
Laverna's Coffee Shop,"220 S Plumer Ave, Tucson, AZ 85719, USA",+1 520-623-1389,cafe,broadway-corridor,https://maps.google.com/?q=Laverna%27s%20Coffee%20Shop%20220%20S%20Plumer%20Ave%2C%20Tucson%2C%20AZ%2085719%2C%20USA,https://lavernascoffeeshop.com/,2,custom/unknown,GoDaddy.com,0,has website,53,false,ChIJBeGoO1Bw1oYRK7iJqLnjIZE,4.5,945,
Dutch Bros Coffee,"3901 E 22nd St, Tucson, AZ 85711, USA",+1 877-899-2767,cafe,broadway-corridor,https://maps.google.com/?q=Dutch%20Bros%20Coffee%203901%20E%2022nd%20St%2C%20Tucson%2C%20AZ%2085711%2C%20USA,https://www.dutchbros.com/locations/az/tucson/3901-e-22nd-st.-(alvernon)?y_source=1_MTU0NDk4MzEtNzE1LWxvY2F0aW9uLndlYnNpdGU%3D,2,custom/unknown,GoDaddy Corporate Domains,0,has website,54,false,ChIJNydUw4Vx1oYRraulLy9dZCM,4.7,981,
Barrio Bread,"18 S Eastbourne Ave, Tucson, AZ 85716, USA",+1 520-327-1292,bakery,broadway-corridor,https://maps.google.com/?q=Barrio%20Bread%2018%20S%20Eastbourne%20Ave%2C%20Tucson%2C%20AZ%2085716%2C%20USA,http://barriobread.com/,2,wordpress,Network Solutions,0,has website,57,false,ChIJAQAAAFdw1oYR-r2WQhhBLNA,4.9,656,
Café Français,"3855 E Broadway Blvd, Tucson, AZ 85716, USA",,bakery,broadway-corridor,https://maps.google.com/?q=Caf%C3%A9%20Fran%C3%A7ais%203855%20E%20Broadway%20Blvd%2C%20Tucson%2C%20AZ%2085716%2C%20USA,https://www.cafefrancaisaz.com/,2,wix,Wix.com Ltd.,0,has website,58,false,ChIJnUNxQQBx1oYR8I4KvWCgxZo,4.2,64,
Locale Bakery,"60 N Alvernon Way, Tucson, AZ 85711, USA",+1 520-398-7553,bakery,broadway-corridor,https://maps.google.com/?q=Locale%20Bakery%2060%20N%20Alvernon%20Way%2C%20Tucson%2C%20AZ%2085711%2C%20USA,https://www.localetucson.com/,2,squarespace,GoDaddy.com,0,has website,59,false,ChIJLSffGgBx1oYRWGn_-wHjHt0,,,
Cal's Bakeshop,"2707 E Broadway Blvd, Tucson, AZ 85716, USA",,bakery,broadway-corridor,https://maps.google.com/?q=Cal%27s%20Bakeshop%202707%20E%20Broadway%20Blvd%2C%20Tucson%2C%20AZ%2085716%2C%20USA,https://www.instagram.com/calsbakeshop/,2,custom/unknown,RegistrarSafe,0,has website,60,false,ChIJRxmt5epx1oYRwPVUdCG2c5E,4.2,79,
Alvernon Donut Shop,"1450 S Alvernon Way, Tucson, AZ 85711, USA",+1 520-326-3307,bakery,broadway-corridor,https://maps.google.com/?q=Alvernon%20Donut%20Shop%201450%20S%20Alvernon%20Way%2C%20Tucson%2C%20AZ%2085711%2C%20USA,,1,,,0,no website,65,false,ChIJze_jnBtw1oYRJM-CYxwsHNY,4.7,551,alvernondonutshop.com; alvernondonutshoptucson.com
Nadines Bakery,"4553 E Broadway Blvd, Tucson, AZ 85711, USA",+1 520-326-0735,bakery,broadway-corridor,https://maps.google.com/?q=Nadines%20Bakery%204553%20E%20Broadway%20Blvd%2C%20Tucson%2C%20AZ%2085711%2C%20USA,http://nadinesweddingcakes.blogspot.com/,2,custom/unknown,unregistered,0,has website,66,false,ChIJFY0Oudtv1oYRKZLuSCdmb30,4.5,773,
Fry's,"4150 E 22nd St, Tucson, AZ 85711, USA",+1 520-745-1553,bakery,broadway-corridor,https://maps.google.com/?q=Fry%27s%204150%20E%2022nd%20St%2C%20Tucson%2C%20AZ%2085711%2C%20USA,https://www.frysfood.com/stores/grocery/az/tucson/22nd-st-alvernon/660/00017?cid=loc_66000017_gmb,2,,Network Solutions,0,has website,67,false,ChIJL3V5mR1w1oYRdlsYaJwX3Fo,4.1,1293,
Bruegger's Bagels,"1064 N Campbell Ave, Tucson, AZ 85719, USA",+1 520-325-4567,bakery,broadway-corridor,https://maps.google.com/?q=Bruegger%27s%20Bagels%201064%20N%20Campbell%20Ave%2C%20Tucson%2C%20AZ%2085719%2C%20USA,https://locations.brueggers.com/us/az/tucson/1064-n-campbell-avenue?y_source=1_OTczMjIwOS03MTUtbG9jYXRpb24ud2Vic2l0ZQ%3D%3D,2,wordpress,unregistered,0,has website,68,false,ChIJzdAX265x1oYR3guzlyqv1aE,4.5,488,
Cold Stone Creamery,"1927 E Speedway Blvd Ste 115, Tucson, AZ 85719, USA",+1 520-795-7576,bakery,broadway-corridor,https://maps.google.com/?q=Cold%20Stone%20Creamery%201927%20E%20Speedway%20Blvd%20Ste%20115%2C%20Tucson%2C%20AZ%2085719%2C%20USA,https://www.coldstonecreamery.com/stores/20005?utm_source=gmb&utm_medium=gmb&utm_campaign=gmb&utm_id=gmb,2,,Network Solutions,0,has website,69,false,ChIJKxPnIa9x1oYR71dXsd-R-Ag,4,336,
dedicated. a gluten free bakery & coffee shop,"4500 E Speedway Blvd #41, Tucson, AZ 85712, USA",+1 520-209-2872,bakery,broadway-corridor,https://maps.google.com/?q=dedicated.%20a%20gluten%20free%20bakery%20%26%20coffee%20shop%204500%20E%20Speedway%20Blvd%20%2341%2C%20Tucson%2C%20AZ%2085712%2C%20USA,http://www.dedicatedgf.com/,2,squarespace,GoDaddy.com,0,has website,70,false,ChIJdyvlF0pu1oYRjnkZjGApGBk,4.5,834,
Baggin's Gourmet Sandwiches,"2741 E Speedway Blvd, Tucson, AZ 85716, USA",+1 520-327-4342,meal_delivery,broadway-corridor,https://maps.google.com/?q=Baggin%27s%20Gourmet%20Sandwiches%202741%20E%20Speedway%20Blvd%2C%20Tucson%2C%20AZ%2085716%2C%20USA,http://www.bagginsgourmet.com/,2,wordpress,eNom,0,has website,71,false,ChIJ3eHklbZx1oYRwuz3cFgQJXM,4.1,334,
"Cheba Hut ""Toasted"" Subs","446 N Campbell Ave STE 2, Tucson, AZ 85719, USA",+1 520-495-4719,meal_delivery,broadway-corridor,https://maps.google.com/?q=Cheba%20Hut%20%22Toasted%22%20Subs%20446%20N%20Campbell%20Ave%20STE%202%2C%20Tucson%2C%20AZ%2085719%2C%20USA,https://chebahut.com/locations/tusconaz/?utm_source=google&utm_medium=GBP&utm_campaign=Tucson+-+Campbell,2,custom/unknown,Network Solutions,0,has website,73,false,ChIJ62ZLVVNw1oYRZM-NzDDnWUs,4.6,1679,
Capriotti's Sandwich Shop,"1830 E Broadway Blvd, Tucson, AZ 85719, USA",+1 520-771-8878,meal_delivery,broadway-corridor,https://maps.google.com/?q=Capriotti%27s%20Sandwich%20Shop%201830%20E%20Broadway%20Blvd%2C%20Tucson%2C%20AZ%2085719%2C%20USA,https://capriottis.com/location/27829895,2,custom/unknown,Amazon Registrar,0,has website,74,false,ChIJYaxhJ29x1oYRHjQKfs5f7K8,4,235,
Chariot Pizza,"1835 S Alvernon Way #207, Tucson, AZ 85711, USA",+1 520-750-8350,meal_delivery,broadway-corridor,https://maps.google.com/?q=Chariot%20Pizza%201835%20S%20Alvernon%20Way%20%23207%2C%20Tucson%2C%20AZ%2085711%2C%20USA,http://www.chariotpizza.com/,2,custom/unknown,Network Solutions,0,has website,75,false,ChIJq0OOrARw1oYRXo2lx1j9TJA,4.3,967,
Jack in the Box,"3326 E Grant Rd, Tucson, AZ 85716, USA",+1 520-326-8711,meal_delivery,broadway-corridor,https://maps.google.com/?q=Jack%20in%20the%20Box%203326%20E%20Grant%20Rd%2C%20Tucson%2C%20AZ%2085716%2C%20USA,https://locations.jackinthebox.com/us/az/tucson/3326-e-grant-rd?utm_source=google&utm_medium=local&utm_campaign=google-local,2,custom/unknown,unregistered,0,has website,77,false,ChIJU_-xdsFx1oYRj6XUPCgYJOU,3.8,1479,
MR BULGOGI,"5050 E Broadway Blvd, Tucson, AZ 85711, USA",+1 520-534-8539,meal_delivery,broadway-corridor,https://maps.google.com/?q=MR%20BULGOGI%205050%20E%20Broadway%20Blvd%2C%20Tucson%2C%20AZ%2085711%2C%20USA,https://www.instagram.com/mr_bulgogi?igsh=YnRrcnZpd2YwaXF5,2,custom/unknown,RegistrarSafe,0,has website,78,false,ChIJFZ_BiI9v1oYR03vjk_y0Uss,4.7,9,
It's Just Wings,"5150 E Broadway Blvd, Tucson, AZ 85711, USA",+1 469-788-8187,meal_delivery,broadway-corridor,https://maps.google.com/?q=It%27s%20Just%20Wings%205150%20E%20Broadway%20Blvd%2C%20Tucson%2C%20AZ%2085711%2C%20USA,https://locations.itsjustwings.com/az/tucson/tucson-its-just-wings?utm_source=google&utm_medium=local&utm_campaign=IJW,2,custom/unknown,unregistered,0,has website,80,false,ChIJubXqgc9v1oYRbxi1uuAJtVQ,2.8,49,
Illegal Pete's - Tucson,"876 E University Blvd, Tucson, AZ 85719, USA",+1 520-253-4411,meal_delivery,broadway-corridor,https://maps.google.com/?q=Illegal%20Pete%27s%20-%20Tucson%20876%20E%20University%20Blvd%2C%20Tucson%2C%20AZ%2085719%2C%20USA,https://www.illegalpetes.com/?olonwp=JjBtp_vMLk25gkYh_bnoiQ,2,,Network Solutions,0,has website,81,false,ChIJ5Q6ucgRx1oYRa6A2o4yNE_E,4.2,845,
Jack in the Box,"1055 N Park Ave, Tucson, AZ 85719, USA",+1 520-771-8864,meal_delivery,broadway-corridor,https://maps.google.com/?q=Jack%20in%20the%20Box%201055%20N%20Park%20Ave%2C%20Tucson%2C%20AZ%2085719%2C%20USA,https://locations.jackinthebox.com/us/az/tucson/1055-n-park-ave?utm_source=google&utm_medium=local&utm_campaign=google-local,2,custom/unknown,unregistered,0,has website,82,false,ChIJ4dBO1P5x1oYRv4gSbhDk6Ug,3.8,697,
Wok Fire & Grill,"1135 N Park Ave, Tucson, AZ 85719, USA",+1 520-889-2388,meal_delivery,broadway-corridor,https://maps.google.com/?q=Wok%20Fire%20%26%20Grill%201135%20N%20Park%20Ave%2C%20Tucson%2C%20AZ%2085719%2C%20USA,https://wokfire.com/,2,,GoDaddy.com,0,has website,83,false,ChIJWRU8f6Bx1oYRgeN5rlxISXk,4.3,305,
Market Sandwich,"3360 E Speedway Blvd, Tucson, AZ 85716, USA",+1 520-795-9844,meal_takeaway,broadway-corridor,https://maps.google.com/?q=Market%20Sandwich%203360%20E%20Speedway%20Blvd%2C%20Tucson%2C%20AZ%2085716%2C%20USA,https://www.wholefoodsmarket.com/eateries/market-sandwich-menu?utm_source=google&utm_medium=organic&utm_campaign=listings,2,,Nom-iq Ltd. dba COM LAUDE,0,has website,86,false,ChIJa0A4feRx1oYRHUfF_DU0k9M,,,
Hotdogs Obregón Yayo,"3038 E 22nd St, Tucson, AZ 85713, USA",,meal_takeaway,broadway-corridor,https://maps.google.com/?q=Hotdogs%20Obreg%C3%B3n%20Yayo%203038%20E%2022nd%20St%2C%20Tucson%2C%20AZ%2085713%2C%20USA,,1,,,0,no website,88,false,ChIJ-70UVGpx1oYRWjqoF2bkfNw,4.5,17,hotdogsobregnyayo.com; hotdogsobregnyayotucson.com
Raijin Ramen,"2955 E Speedway Blvd, Tucson, AZ 85716, USA",+1 520-795-3123,meal_takeaway,broadway-corridor,https://maps.google.com/?q=Raijin%20Ramen%202955%20E%20Speedway%20Blvd%2C%20Tucson%2C%20AZ%2085716%2C%20USA,http://www.raijinramen.com/,2,,GoDaddy.com,0,has website,89,false,ChIJ3RSXcrZx1oYR_SNB975Puwo,4.6,2278,
QuikTrip,"1401 S Alvernon Way, Tucson, AZ 85711, USA",+1 520-514-0464,meal_takeaway,broadway-corridor,https://maps.google.com/?q=QuikTrip%201401%20S%20Alvernon%20Way%2C%20Tucson%2C%20AZ%2085711%2C%20USA,https://locations.quiktrip.com/az/tucson/1401-s-alvernon-way?utm_source=gmb&utm_medium=yext&y_source=1_MTYwMDQzNDMtNzE1LWxvY2F0aW9uLndlYnNpdGU%3D,2,custom/unknown,unregistered,0,has website,93,false,ChIJQ_UYVRlw1oYRXi1jrk22xjE,3.4,96,
ZENSHI Handcrafted Sushi,"1940 E Broadway Blvd, Tucson, AZ 85719, USA",+1 520-206-9047,meal_takeaway,broadway-corridor,https://maps.google.com/?q=ZENSHI%20Handcrafted%20Sushi%201940%20E%20Broadway%20Blvd%2C%20Tucson%2C%20AZ%2085719%2C%20USA,https://www.zenshisushi.com/,2,wix,Network Solutions,0,has website,95,false,ChIJW2Hh3JZx1oYRJNlQ8GDhEVc,,,
Golden Corral Buffet & Grill,"4380 E 22nd St, Tucson, AZ 85711, USA",+1 520-512-0088,meal_takeaway,broadway-corridor,https://maps.google.com/?q=Golden%20Corral%20Buffet%20%26%20Grill%204380%20E%2022nd%20St%2C%20Tucson%2C%20AZ%2085711%2C%20USA,https://www.goldencorral.com/locations/730/golden-corral-east-22nd-street?utm_source=google&utm_medium=local&utm_campaign=localmaps&utm_content=730,2,wordpress,GoDaddy.com,0,has website,96,false,ChIJOZQguONv1oYRxVJa_wZboYk,4,5210,
Evolution Hair Studio,"3402 E Broadway Blvd, Tucson, AZ 85716, USA",+1 520-318-5497,hair_salon,broadway-corridor,https://maps.google.com/?q=Evolution%20Hair%20Studio%203402%20E%20Broadway%20Blvd%2C%20Tucson%2C%20AZ%2085716%2C%20USA,,1,,,0,no website,97,false,ChIJnbvMpzBw1oYRMLo9KG8QogQ,5,7,evolutionhairstudiotucson.com; evolutionhairstudioaz.com
Hair by Amber Renee,"3402 E Broadway Blvd, Tucson, AZ 85716, USA",,hair_salon,broadway-corridor,https://maps.google.com/?q=Hair%20by%20Amber%20Renee%203402%20E%20Broadway%20Blvd%2C%20Tucson%2C%20AZ%2085716%2C%20USA,,1,,,0,no website,98,false,ChIJ3e-ibQBx1oYRw8lG9mPZPXw,,,hairbyamberrenee.com; hairbyamberreneetucson.com
Bella Curl Salon,"2538 E Broadway Blvd, Tucson, AZ 85716, USA",,hair_salon,broadway-corridor,https://maps.google.com/?q=Bella%20Curl%20Salon%202538%20E%20Broadway%20Blvd%2C%20Tucson%2C%20AZ%2085716%2C%20USA,https://bellacurlsalon.com/,2,weebly,Register.com - Network Solutions,0,has website,99,false,ChIJ31xbEBxx1oYRiaDtZvsXuiU,4.9,39,
The Studio Hair Artistry,"2549 E Broadway Blvd, Tucson, AZ 85716, USA",+1 520-327-0848,hair_salon,broadway-corridor,https://maps.google.com/?q=The%20Studio%20Hair%20Artistry%202549%20E%20Broadway%20Blvd%2C%20Tucson%2C%20AZ%2085716%2C%20USA,http://www.thestudiotucson.com/,2,wix,GoDaddy.com,0,has website,100,false,ChIJrbhzPMxx1oYR4O27uv3YB4E,4.7,172,
The Industry Hair Studio,"4045 E Broadway Blvd, Tucson, AZ 85711, USA",,hair_salon,broadway-corridor,https://maps.google.com/?q=The%20Industry%20Hair%20Studio%204045%20E%20Broadway%20Blvd%2C%20Tucson%2C%20AZ%2085711%2C%20USA,http://www.theindustryhairstudio.com/,2,,Gname 164 Inc,0,has website,101,false,ChIJm6-ZbNlv1oYRb587xTkfld0,4.8,124,
Shine Hair & Makeup Lounge,"2425 E Broadway Blvd, Tucson, AZ 85719, USA",+1 520-623-1579,hair_salon,broadway-corridor,https://maps.google.com/?q=Shine%20Hair%20%26%20Makeup%20Lounge%202425%20E%20Broadway%20Blvd%2C%20Tucson%2C%20AZ%2085719%2C%20USA,,1,,,0,no website,102,false,ChIJC95WXk5w1oYRhT5EwYssPXk,5,4,shinehairmakeuplounge.com; shinehairmakeuploungetucson.com
Hairmosa Salon,"2425 E Broadway Blvd, Tucson, AZ 85719, USA",+1 520-971-1886,hair_salon,broadway-corridor,https://maps.google.com/?q=Hairmosa%20Salon%202425%20E%20Broadway%20Blvd%2C%20Tucson%2C%20AZ%2085719%2C%20USA,http://hairmosasalontucson.com/,2,wix,Wix.com Ltd.,0,has website,103,false,ChIJcy6bkd5x1oYRNlKts2e7dGc,4.9,107,
Hair.By.Angie.Lyn,"2525 E 6th St, Tucson, AZ 85716, USA",+1 520-305-6058,hair_salon,broadway-corridor,https://maps.google.com/?q=Hair.By.Angie.Lyn%202525%20E%206th%20St%2C%20Tucson%2C%20AZ%2085716%2C%20USA,,1,,,0,no website,104,false,ChIJPRhlpKdx1oYRkX3vp4fWk5Y,,,hairbyangielyn.com; hairbyangielyntucson.com
Empire Beauty School,"3030 E Speedway Blvd, Tucson, AZ 85716, USA",+1 520-492-2116,hair_salon,broadway-corridor,https://maps.google.com/?q=Empire%20Beauty%20School%203030%20E%20Speedway%20Blvd%2C%20Tucson%2C%20AZ%2085716%2C%20USA,https://www.empire.edu/cosmetology-schools/arizona/tucson-university-area?v=local&utm_source=google&utm_medium=organic&utm_campaign=gmb,2,wordpress,unknown,0,has website,106,false,ChIJeWUu_LVx1oYRTk87rBIxItc,4.9,2341,
El Continental Barbershop,"3015 E Speedway Blvd, Tucson, AZ 85716, USA",+1 520-795-1981,hair_salon,broadway-corridor,https://maps.google.com/?q=El%20Continental%20Barbershop%203015%20E%20Speedway%20Blvd%2C%20Tucson%2C%20AZ%2085716%2C%20USA,https://www.elcontinentalbarbers.com/,2,custom/unknown,Tucows Domains Inc.,0,has website,107,false,ChIJnyXXCTBw1oYRk0FSb7A9RHo,4.6,155,
Milly's FAB Hair Braiding Salon Tucson AZ,"2914 E 22nd St Ste 3, Tucson, AZ 85713, USA",+1 520-551-2211,hair_salon,broadway-corridor,https://maps.google.com/?q=Milly%27s%20FAB%20Hair%20Braiding%20Salon%20Tucson%20AZ%202914%20E%2022nd%20St%20Ste%203%2C%20Tucson%2C%20AZ%2085713%2C%20USA,https://www.millysfab.com/,2,,DreamHost,0,has website,108,false,ChIJ8QevH81x1oYRVWumQ-nl4Hs,4.9,144,
C&M Hair Design,"2801 E Speedway Blvd, Tucson, AZ 85716, USA",+1 520-795-2185,hair_salon,broadway-corridor,https://maps.google.com/?q=C%26M%20Hair%20Design%202801%20E%20Speedway%20Blvd%2C%20Tucson%2C%20AZ%2085716%2C%20USA,https://cmhairdesign.com/,2,,Domain.com - Network Solutions,0,has website,109,false,ChIJr6dylLZx1oYRk0JgPYPK7Es,5,10,
Presidio Hair,"3955 E Speedway Blvd # 107, Tucson, AZ 85712, USA",+1 520-321-9626,hair_salon,broadway-corridor,https://maps.google.com/?q=Presidio%20Hair%203955%20E%20Speedway%20Blvd%20%23%20107%2C%20Tucson%2C%20AZ%2085712%2C%20USA,https://www.facebook.com/people/Presidio-Hair/100055885907865,2,custom/unknown,RegistrarSafe,0,has website,110,false,ChIJAQAAANNx1oYRbiXepn5838M,4.7,35,
Whiz Bang Hair - Catrina Turner,"2030 E Broadway Blvd UNIT 203, Tucson, AZ 85719, USA",+1 520-500-3349,hair_salon,broadway-corridor,https://maps.google.com/?q=Whiz%20Bang%20Hair%20-%20Catrina%20Turner%202030%20E%20Broadway%20Blvd%20UNIT%20203%2C%20Tucson%2C%20AZ%2085719%2C%20USA,http://www.whizbanghair.com/,2,,GoDaddy.com,0,has website,111,false,ChIJh-Xg5x5z1oYRE0Ty6XJNQo0,5,3,
Rocio Hair and Design LLC,"4400 E Broadway Blvd, Tucson, AZ 85711, USA",+1 520-332-8303,hair_salon,broadway-corridor,https://maps.google.com/?q=Rocio%20Hair%20and%20Design%20LLC%204400%20E%20Broadway%20Blvd%2C%20Tucson%2C%20AZ%2085711%2C%20USA,http://rociohairanddesign.com/,2,custom php,GoDaddy.com,0,has website,112,false,ChIJA_dFliBv1oYRurkuFHmATwk,5,15,
Daisy Diamonds,"4400 E Broadway Blvd, Tucson, AZ 85711, USA",+1 520-300-5500,hair_salon,broadway-corridor,https://maps.google.com/?q=Daisy%20Diamonds%204400%20E%20Broadway%20Blvd%2C%20Tucson%2C%20AZ%2085711%2C%20USA,https://www.facebook.com/DandCattheindustyhairstudio/,2,custom/unknown,RegistrarSafe,0,has website,113,false,ChIJ93Ycadlv1oYRbk5PJEjwTtg,4.9,116,
4400 Hair Salon,"4400 E Broadway Blvd, Tucson, AZ 85711, USA",+1 520-322-5858,hair_salon,broadway-corridor,https://maps.google.com/?q=4400%20Hair%20Salon%204400%20E%20Broadway%20Blvd%2C%20Tucson%2C%20AZ%2085711%2C%20USA,,1,,,0,no website,114,false,ChIJ93Ycadlv1oYRf6_e_fQKpA8,,,4400hairsalon.com; 4400hairsalontucson.com
Uptown Parlor Barbershop,"4140 E Speedway Blvd, Tucson, AZ 85712, USA",+1 520-900-2623,hair_salon,broadway-corridor,https://maps.google.com/?q=Uptown%20Parlor%20Barbershop%204140%20E%20Speedway%20Blvd%2C%20Tucson%2C%20AZ%2085712%2C%20USA,http://mikiethebarber.booksy.com/,2,custom/unknown,unregistered,0,has website,115,false,ChIJ6fEwrgtx1oYRylm-PW9c8Pc,5,5,
Final Touch Nail Spa,"3587 E Broadway Blvd Suite 115 A, Tucson, AZ 85716, USA",+1 520-207-2997,nail_salon,broadway-corridor,https://maps.google.com/?q=Final%20Touch%20Nail%20Spa%203587%20E%20Broadway%20Blvd%20Suite%20115%20A%2C%20Tucson%2C%20AZ%2085716%2C%20USA,https://www.finaltouchspa.com/,2,custom/unknown,GoDaddy.com,0,has website,117,false,ChIJPwMGZzxx1oYReBBocW33giQ,4.7,466,
Number One Nails by Thi,"2900 E Broadway Blvd #178, Tucson, AZ 85716, USA",+1 520-326-3210,nail_salon,broadway-corridor,https://maps.google.com/?q=Number%20One%20Nails%20by%20Thi%202900%20E%20Broadway%20Blvd%20%23178%2C%20Tucson%2C%20AZ%2085716%2C%20USA,,1,,,0,no website,118,false,ChIJFVcR9Ehw1oYRjTY-c0TxjTY,4.6,75,numberonenailsbythi.com; numberonenailsbythitucson.com
Cover Nails,"3833 E Broadway Blvd, Tucson, AZ 85716, USA",+1 520-795-5466,nail_salon,broadway-corridor,https://maps.google.com/?q=Cover%20Nails%203833%20E%20Broadway%20Blvd%2C%20Tucson%2C%20AZ%2085716%2C%20USA,,1,,,0,no website,119,false,ChIJWfqmkyVw1oYRJGReUdAkLrY,4.2,71,covernailstucson.com; covernailsaz.com
Lemonails,"2547 E Broadway Blvd, Tucson, AZ 85716, USA",+1 520-256-5067,nail_salon,broadway-corridor,https://maps.google.com/?q=Lemonails%202547%20E%20Broadway%20Blvd%2C%20Tucson%2C%20AZ%2085716%2C%20USA,http://www.lemonailstucson.com/,2,squarespace,Squarespace Domains LLC,0,has website,120,false,ChIJL9pV8JJx1oYRPU3hkGHYINs,4.7,13,
Golden Nail Spa,"4327 E Broadway Blvd, Tucson, AZ 85711, USA",+1 520-326-6245,nail_salon,broadway-corridor,https://maps.google.com/?q=Golden%20Nail%20Spa%204327%20E%20Broadway%20Blvd%2C%20Tucson%2C%20AZ%2085711%2C%20USA,,1,,,0,no website,121,false,ChIJ6W-Uqtlv1oYRpet5IYty8Co,4.1,229,goldennailspatucson.com; goldennailspaaz.com
Nail Zone,"3955 E Speedway Blvd suite 103, Tucson, AZ 85712, USA",+1 520-771-6964,nail_salon,broadway-corridor,https://maps.google.com/?q=Nail%20Zone%203955%20E%20Speedway%20Blvd%20suite%20103%2C%20Tucson%2C%20AZ%2085712%2C%20USA,https://nailzonetucsonn.wixsite.com/nailzoneaz,2,wix,unregistered,0,has website,122,false,ChIJLR-0Itlx1oYRaCrq6fkphmE,4.6,161,
Madame of the Nails,"122 S Olsen Ave UNIT 106, Tucson, AZ 85719, USA",+1 520-222-6059,nail_salon,broadway-corridor,https://maps.google.com/?q=Madame%20of%20the%20Nails%20122%20S%20Olsen%20Ave%20UNIT%20106%2C%20Tucson%2C%20AZ%2085719%2C%20USA,https://chrisb.glossgenius.com/,2,custom/unknown,unregistered,0,has website,123,false,ChIJ2cFPIRNx1oYRfy_jpfB6fAc,,,
Retro Nail Bar,"122 S Olsen Ave UNIT 106, Tucson, AZ 85719, USA",+1 520-276-7036,nail_salon,broadway-corridor,https://maps.google.com/?q=Retro%20Nail%20Bar%20122%20S%20Olsen%20Ave%20UNIT%20106%2C%20Tucson%2C%20AZ%2085719%2C%20USA,http://retronailbar.com/,2,squarespace,Tucows Domains Inc.,0,has website,124,false,ChIJ4x9szApx1oYROAVaBgsZBaY,4.7,42,
Peach Nails,"2545 E Speedway Blvd #155, Tucson, AZ 85716, USA",+1 520-867-8118,nail_salon,broadway-corridor,https://maps.google.com/?q=Peach%20Nails%202545%20E%20Speedway%20Blvd%20%23155%2C%20Tucson%2C%20AZ%2085716%2C%20USA,http://peachnails7308.simplepos.us/,2,custom/unknown,unknown,0,has website,125,false,ChIJRWQEPrFx1oYRtigDrl5tU_4,4.1,246,
Spa Solai - 6th,"446 N Campbell Ave #180, Tucson, AZ 85719, USA",+1 520-447-7727,nail_salon,broadway-corridor,https://maps.google.com/?q=Spa%20Solai%20-%206th%20446%20N%20Campbell%20Ave%20%23180%2C%20Tucson%2C%20AZ%2085719%2C%20USA,https://www.spasolai.com/,2,custom php,GoDaddy.com,0,has website,126,false,ChIJs0T7N1Nw1oYRKcYool8tRjA,4.3,122,
BT Nail,"4544 E Broadway Blvd, Tucson, AZ 85711, USA",+1 520-501-8858,nail_salon,broadway-corridor,https://maps.google.com/?q=BT%20Nail%204544%20E%20Broadway%20Blvd%2C%20Tucson%2C%20AZ%2085711%2C%20USA,https://www.facebook.com/btnail4544,2,custom/unknown,RegistrarSafe,0,has website,127,false,ChIJKzfLwNtv1oYRaVRkKSZhvDI,4.6,261,
A & K Nails,"1830 E Broadway Blvd #180, Tucson, AZ 85719, USA",+1 520-624-3371,nail_salon,broadway-corridor,https://maps.google.com/?q=A%20%26%20K%20Nails%201830%20E%20Broadway%20Blvd%20%23180%2C%20Tucson%2C%20AZ%2085719%2C%20USA,,1,,,0,no website,128,false,ChIJ21afslZw1oYR1VMxYDkOBSk,2.9,72,aknailstucson.com; aknailsaz.com
EZ Nail Supply,"4578 E Broadway Blvd, Tucson, AZ 85711, USA",+1 520-795-2526,nail_salon,broadway-corridor,https://maps.google.com/?q=EZ%20Nail%20Supply%204578%20E%20Broadway%20Blvd%2C%20Tucson%2C%20AZ%2085711%2C%20USA,,1,,,0,no website,129,false,ChIJqWNXvNtv1oYRCWrRhF0YEfs,4.8,104,eznailsupplytucson.com; eznailsupplyaz.com
Rosie's Nails,"4176 E 22nd St, Tucson, AZ 85711, USA",,nail_salon,broadway-corridor,https://maps.google.com/?q=Rosie%27s%20Nails%204176%20E%2022nd%20St%2C%20Tucson%2C%20AZ%2085711%2C%20USA,https://rosienails8.wixsite.com/website,2,wix,unregistered,0,has website,130,false,ChIJ5_aN-h1w1oYR37JW21P4nOA,2.8,110,
Vancy Nailz,"1672 N Country Club Rd, Tucson, AZ 85716, USA",,nail_salon,broadway-corridor,https://maps.google.com/?q=Vancy%20Nailz%201672%20N%20Country%20Club%20Rd%2C%20Tucson%2C%20AZ%2085716%2C%20USA,https://vancynailz.glossgenius.com/,2,webflow,unregistered,0,has website,131,false,ChIJEybVJVFx1oYRM3eOGxTQA_4,4.5,8,
Lash and Gas Beauty Bar,"4625 E Broadway Blvd Ste 200, Tucson, AZ 85711, USA",+1 520-661-4119,nail_salon,broadway-corridor,https://maps.google.com/?q=Lash%20and%20Gas%20Beauty%20Bar%204625%20E%20Broadway%20Blvd%20Ste%20200%2C%20Tucson%2C%20AZ%2085711%2C%20USA,https://beacons.ai/lashandgas.beautybar,2,custom/unknown,Marcaria International LLC,0,has website,132,false,ChIJZZgxprmgoQgRHET7T01slJY,4.8,21,
Ztudio V,"3921 E 29th St #308, Tucson, AZ 85711, USA",+1 520-982-8559,nail_salon,broadway-corridor,https://maps.google.com/?q=Ztudio%20V%203921%20E%2029th%20St%20%23308%2C%20Tucson%2C%20AZ%2085711%2C%20USA,https://ztudio-v.square.site/,2,weebly,MarkMonitor Inc.,0,has website,133,false,ChIJxWwKXj1x1oYRGeHy4M4g3q8,5,3,
Lush Nail Lounge,"1927 E Speedway Blvd Suite 107, Tucson, AZ 85719, USA",+1 520-729-0274,nail_salon,broadway-corridor,https://maps.google.com/?q=Lush%20Nail%20Lounge%201927%20E%20Speedway%20Blvd%20Suite%20107%2C%20Tucson%2C%20AZ%2085719%2C%20USA,https://www.instagram.com/lush_nail_lounge_tucson/?hl=en,2,custom/unknown,RegistrarSafe,0,has website,134,false,ChIJ64ALCodx1oYRNfxewWXxRz4,4.3,293,
Golden Hour Brows - Permanent Makeup & Lashes,"3402 E Broadway Blvd, Tucson, AZ 85716, USA",+1 323-998-3774,beauty_salon,broadway-corridor,https://maps.google.com/?q=Golden%20Hour%20Brows%20-%20Permanent%20Makeup%20%26%20Lashes%203402%20E%20Broadway%20Blvd%2C%20Tucson%2C%20AZ%2085716%2C%20USA,https://www.goldenhourbrows.com/,2,custom/unknown,GoDaddy.com,0,has website,135,false,ChIJ7cBKdWJx1oYRlA76-Np9uiA,5,4,
Turn Downtown,"3402 E Broadway Blvd Ste 100, Tucson, AZ 85716, USA",+1 520-891-0778,beauty_salon,broadway-corridor,https://maps.google.com/?q=Turn%20Downtown%203402%20E%20Broadway%20Blvd%20Ste%20100%2C%20Tucson%2C%20AZ%2085716%2C%20USA,http://turndowntown.com/,2,custom/unknown,GoDaddy.com,0,has website,136,false,ChIJ778bSL9x1oYR4CcMLWNJngk,4.9,15,
Laser You Smooth,"Tucson, AZ 85716, USA",,beauty_salon,broadway-corridor,https://maps.google.com/?q=Laser%20You%20Smooth%20Tucson%2C%20AZ%2085716%2C%20USA,,1,,,0,no website,137,false,ChIJQYOCGEhw1oYRReR1qgtzus8,,,laseryousmooth.com; laseryousmoothtucson.com
White File,"2928 E Broadway Blvd, Tucson, AZ 85716, USA",+1 520-276-9281,beauty_salon,broadway-corridor,https://maps.google.com/?q=White%20File%202928%20E%20Broadway%20Blvd%2C%20Tucson%2C%20AZ%2085716%2C%20USA,http://www.whitefilesalon.com/,2,wix,Wix.com Ltd.,0,has website,138,false,ChIJsRgiCgRx1oYRLqmCIgWbb9Q,4.8,39,
The Waxing Queen of Tucson,"2919 E Broadway Blvd UNIT 230, Tucson, AZ 85716, USA",+1 520-500-9237,beauty_salon,broadway-corridor,https://maps.google.com/?q=The%20Waxing%20Queen%20of%20Tucson%202919%20E%20Broadway%20Blvd%20UNIT%20230%2C%20Tucson%2C%20AZ%2085716%2C%20USA,https://thewaxingqueenoftucson.com/,2,custom/unknown,GoDaddy.com,0,has website,139,false,ChIJVVVVVU5w1oYRz7WtlP5kpYo,4.9,121,
A Lash Place,"3835 E Broadway Blvd, Tucson, AZ 85716, USA",+1 520-848-8467,beauty_salon,broadway-corridor,https://maps.google.com/?q=A%20Lash%20Place%203835%20E%20Broadway%20Blvd%2C%20Tucson%2C%20AZ%2085716%2C%20USA,http://alashplace.glossgenius.com/,2,custom/unknown,unregistered,0,has website,140,false,ChIJt3f8S_px1oYRx04wML4nEoE,4.9,28,
be-YOU-tiful-GLOW Skincare Services,"700 N Country Club Rd #100, Tucson, AZ 85716, USA",+1 520-471-8600,beauty_salon,broadway-corridor,https://maps.google.com/?q=be-YOU-tiful-GLOW%20Skincare%20Services%20700%20N%20Country%20Club%20Rd%20%23100%2C%20Tucson%2C%20AZ%2085716%2C%20USA,https://www.beyoutifulglow.com/,2,weebly,Gandi SAS,0,has website,141,false,ChIJfw7vL4Zv1oYR3AE1GwBaZ74,5,80,
"XO Hair N Lash, LLC./ Hair on Broadway","151 S Stratford Dr, Tucson, AZ 85716, USA",+1 520-358-1173,beauty_salon,broadway-corridor,https://maps.google.com/?q=XO%20Hair%20N%20Lash%2C%20LLC./%20Hair%20on%20Broadway%20151%20S%20Stratford%20Dr%2C%20Tucson%2C%20AZ%2085716%2C%20USA,,1,,,0,no website,142,false,ChIJ5yJwJ09w1oYR36glQnhAWBI,4.6,24,xohairnlashhaironbroadway.com; xohairnlashhaironbroadwaytucson.com
DESERT GLOW WAXING & SKIN STUDIO,"3900 E Timrod St, Tucson, AZ 85711, USA",+1 520-265-7190,beauty_salon,broadway-corridor,https://maps.google.com/?q=DESERT%20GLOW%20WAXING%20%26%20SKIN%20STUDIO%203900%20E%20Timrod%20St%2C%20Tucson%2C%20AZ%2085711%2C%20USA,https://www.desertglowstudio.com/,2,custom/unknown,Realtime Register B.V.,0,has website,143,false,ChIJh-XxIThx1oYR2DXRex0N89o,5,43,
The Artist Beauty Bar,"35 N Tucson Blvd, Tucson, AZ 85716, USA",,beauty_salon,broadway-corridor,https://maps.google.com/?q=The%20Artist%20Beauty%20Bar%2035%20N%20Tucson%20Blvd%2C%20Tucson%2C%20AZ%2085716%2C%20USA,,1,,,0,no website,144,false,ChIJKxZuh9Vx1oYRl-PD4JlXkdU,,,artistbeautybar.com; artistbeautybartucson.com
Looks Skin Boutique,"10 N Norton Ave #100, Tucson, AZ 85719, USA",+1 520-624-5665,beauty_salon,broadway-corridor,https://maps.google.com/?q=Looks%20Skin%20Boutique%2010%20N%20Norton%20Ave%20%23100%2C%20Tucson%2C%20AZ%2085719%2C%20USA,http://www.looksskin.com/,2,,unregistered,0,has website,145,false,ChIJeyUqYE5w1oYRXSFNdyyOFAE,5,4,
Wax Werks,"2510 E 6th St, Tucson, AZ 85716, USA",+1 520-907-4707,beauty_salon,broadway-corridor,https://maps.google.com/?q=Wax%20Werks%202510%20E%206th%20St%2C%20Tucson%2C%20AZ%2085716%2C%20USA,http://waxwerkswaxingsalon.com/,2,wordpress,Wild West Domains,0,has website,146,false,ChIJK6m-6Exw1oYR8C8K_63es_I,4.7,133,
R Salon Day Spa,"2525 E 6th St, Tucson, AZ 85716, USA",+1 520-230-8893,beauty_salon,broadway-corridor,https://maps.google.com/?q=R%20Salon%20Day%20Spa%202525%20E%206th%20St%2C%20Tucson%2C%20AZ%2085716%2C%20USA,http://rsalonaz.com/,2,custom/unknown,GoDaddy.com,0,has website,147,false,ChIJYT9M3Uxw1oYRLl5yZsQLH-s,4.8,161,
Beauty By His Haunted Hands,"2525 E 6th St RM 4, Tucson, AZ 85716, USA",+1 520-400-9324,beauty_salon,broadway-corridor,https://maps.google.com/?q=Beauty%20By%20His%20Haunted%20Hands%202525%20E%206th%20St%20RM%204%2C%20Tucson%2C%20AZ%2085716%2C%20USA,https://squareup.com/appointments/book/gzwtsb4hos3myf/L3V3H3JMXZBNQ/services,2,,CSC Corporate Domains,0,has website,148,false,ChIJRzSYqrBx1oYRUOuVQZyWuyw,5,18,
Aesthetic Ritual,"2525 E 6th St RM 4, Tucson, AZ 85716, USA",+1 520-365-8935,beauty_salon,broadway-corridor,https://maps.google.com/?q=Aesthetic%20Ritual%202525%20E%206th%20St%20RM%204%2C%20Tucson%2C%20AZ%2085716%2C%20USA,https://aestheticritual.com/,2,,Squarespace Domains II LLC,0,has website,149,false,ChIJP3Ox3mdx1oYRiOarXs7II_A,5,49,
elite skin studio coolsculpting bodies,"3402 E Broadway Blvd Suite #150-1, Tucson, AZ 85716, USA",+1 520-833-2777,spa,broadway-corridor,https://maps.google.com/?q=elite%20skin%20studio%20coolsculpting%20bodies%203402%20E%20Broadway%20Blvd%20Suite%20%23150-1%2C%20Tucson%2C%20AZ%2085716%2C%20USA,http://www.eliteskinstudio.com/?utm_source=gmb&utm_medium=organic&utm_campaign=793861568895783938,2,wix,Network Solutions,0,has website,150,false,ChIJmbS6qENx1oYR16TAU4cZaxQ,4.8,64,
El Con Health & Wellness Center,"3402 E Broadway Blvd, Tucson, AZ 85716, USA",+1 520-318-5515,spa,broadway-corridor,https://maps.google.com/?q=El%20Con%20Health%20%26%20Wellness%20Center%203402%20E%20Broadway%20Blvd%2C%20Tucson%2C%20AZ%2085716%2C%20USA,https://elconhealth.com/,2,wordpress,GoDaddy.com,0,has website,151,false,ChIJnbvMpzBw1oYRy8QfRybFiv4,4.6,214,
True Tallent Massage,"3402 E Broadway Blvd Suite 150, Tucson, AZ 85716, USA",+1 480-375-0505,spa,broadway-corridor,https://maps.google.com/?q=True%20Tallent%20Massage%203402%20E%20Broadway%20Blvd%20Suite%20150%2C%20Tucson%2C%20AZ%2085716%2C%20USA,https://www.facebook.com/3402EBroadway/,2,custom/unknown,RegistrarSafe,0,has website,152,false,ChIJy4tXa0Bx1oYRnBoiHpZzvwU,5,5,
Renewed Medical Health,"2825 E Broadway Blvd, Tucson, AZ 85716, USA",+1 520-298-0005,spa,broadway-corridor,https://maps.google.com/?q=Renewed%20Medical%20Health%202825%20E%20Broadway%20Blvd%2C%20Tucson%2C%20AZ%2085716%2C%20USA,https://renewedmedicalhealth.com/,2,wordpress,GoDaddy.com,0,has website,153,false,ChIJUWL76Mtx1oYRRSex8CYblUk,4.8,382,
R n R Shot Bar - Vitamin Lounge @ Infusion Health,"622 N Country Club Rd suite b, Tucson, AZ 85716, USA",+1 520-396-4866,spa,broadway-corridor,https://maps.google.com/?q=R%20n%20R%20Shot%20Bar%20-%20Vitamin%20Lounge%20%40%20Infusion%20Health%20622%20N%20Country%20Club%20Rd%20suite%20b%2C%20Tucson%2C%20AZ%2085716%2C%20USA,,1,,,0,no website,154,false,ChIJ94wPogBx1oYRUTGHt2iQWtk,,,rnrshotbarvitaminloungeinfusionhealth.com; rnrshotbarvitaminloungeinfusionhealthtucson.com
Neptune Up,"2545 E Broadway Blvd, Tucson, AZ 85716, USA",+1 520-257-0563,spa,broadway-corridor,https://maps.google.com/?q=Neptune%20Up%202545%20E%20Broadway%20Blvd%2C%20Tucson%2C%20AZ%2085716%2C%20USA,http://neptuneup.com/,2,custom/unknown,IONOS SE,0,has website,155,false,ChIJZwfLoJ9x1oYRH0i3Lu3VKKU,5,16,
Modern Gypsy Wellness,"2525 E 6th St Room 3, Tucson, AZ 85716, USA",+1 520-392-5606,spa,broadway-corridor,https://maps.google.com/?q=Modern%20Gypsy%20Wellness%202525%20E%206th%20St%20Room%203%2C%20Tucson%2C%20AZ%2085716%2C%20USA,https://moderngypsywellness.square.site/s/appointments,2,weebly,MarkMonitor Inc.,0,has website,157,false,ChIJpRyQo-9x1oYRSt7tU4vL_tg,5,12,
LASH,"515 N Tucson Blvd, Tucson, AZ 85716, USA",+1 520-207-9570,spa,broadway-corridor,https://maps.google.com/?q=LASH%20515%20N%20Tucson%20Blvd%2C%20Tucson%2C%20AZ%2085716%2C%20USA,http://lashandskintucson.com/,2,custom/unknown,GoDaddy.com,0,has website,158,false,ChIJgV3wks1x1oYRa1j-UeBUOnA,4.6,39,
Joy Spa,"3453 E Speedway Blvd, Tucson, AZ 85716, USA",+1 520-599-3089,spa,broadway-corridor,https://maps.google.com/?q=Joy%20Spa%203453%20E%20Speedway%20Blvd%2C%20Tucson%2C%20AZ%2085716%2C%20USA,https://j93155542.wixsite.com/joyspa,2,wix,unregistered,0,has website,159,false,ChIJF0Z5KABx1oYRgNhAiPE9F4g,,,
Massage Tucson - Toni Elwell,"4245 E Kings Rd, Tucson, AZ 85711, USA",+1 520-490-7774,spa,broadway-corridor,https://maps.google.com/?q=Massage%20Tucson%20-%20Toni%20Elwell%204245%20E%20Kings%20Rd%2C%20Tucson%2C%20AZ%2085711%2C%20USA,https://massagetucson.com/,2,wordpress,GoDaddy.com,0,has website,160,false,ChIJ76SEQ9hv1oYR-86qASQNMD0,5,23,
Kist by Mist Tanning & Beauty Bar,"3013 E Speedway Blvd, Tucson, AZ 85716, USA",+1 520-319-5995,spa,broadway-corridor,https://maps.google.com/?q=Kist%20by%20Mist%20Tanning%20%26%20Beauty%20Bar%203013%20E%20Speedway%20Blvd%2C%20Tucson%2C%20AZ%2085716%2C%20USA,http://www.kistbymisttanning.com/,2,custom/unknown,GoDaddy.com,0,has website,161,false,ChIJde2MBbZx1oYRlEDKlRnxcn0,4.7,110,
Day Oasis LLC,"4325 E Broadway Blvd Suite B, Tucson, AZ 85711, USA",+1 520-591-8166,spa,broadway-corridor,https://maps.google.com/?q=Day%20Oasis%20LLC%204325%20E%20Broadway%20Blvd%20Suite%20B%2C%20Tucson%2C%20AZ%2085711%2C%20USA,http://www.dayoasis.com/,2,custom/unknown,GoDaddy.com,0,has website,162,false,ChIJxf63qtlv1oYRcMEnqwJP3Pg,4.7,39,
Gigi70 Skin Care,"2914 E 22nd St Ste 5, Tucson, AZ 85713, USA",+1 520-390-0081,spa,broadway-corridor,https://maps.google.com/?q=Gigi70%20Skin%20Care%202914%20E%2022nd%20St%20Ste%205%2C%20Tucson%2C%20AZ%2085713%2C%20USA,http://www.gigi70skincare.com/,2,wix,Network Solutions,0,has website,163,false,ChIJbZjzsBtx1oYRAmbsdoNTDho,4.3,48,
Endless Summer,"122 S Olsen Ave UNIT 102, Tucson, AZ 85719, USA",+1 520-305-3931,spa,broadway-corridor,https://maps.google.com/?q=Endless%20Summer%20122%20S%20Olsen%20Ave%20UNIT%20102%2C%20Tucson%2C%20AZ%2085719%2C%20USA,http://www.endlesssummertucsonspa.com/,2,wix,Tucows Domains Inc.,0,has website,164,false,ChIJ46nB5qhx1oYRHtupNM_gYAU,4.8,36,
Touch n Glow Skin Solutions,"2605 E Speedway Blvd suite b, Tucson, AZ 85716, USA",,spa,broadway-corridor,https://maps.google.com/?q=Touch%20n%20Glow%20Skin%20Solutions%202605%20E%20Speedway%20Blvd%20suite%20b%2C%20Tucson%2C%20AZ%2085716%2C%20USA,http://touchnglow.glossgenius.com/,2,custom/unknown,unregistered,0,has website,165,false,ChIJX86vM8Bx1oYRrzqPafcuNP0,4.9,8,
Alpha Fade,"3402 E Broadway Blvd suite 101, Tucson, AZ 85716, USA",+1 520-906-8580,barber_shop,broadway-corridor,https://maps.google.com/?q=Alpha%20Fade%203402%20E%20Broadway%20Blvd%20suite%20101%2C%20Tucson%2C%20AZ%2085716%2C%20USA,http://alphafade.booksy.com/a/,2,custom/unknown,unregistered,0,has website,166,false,ChIJSVjE-JJx1oYR7N9VVt8QcO0,5,4,
HiEndTight Barbershop,"2900 E Broadway Blvd # 108, Tucson, AZ 85716, USA",+1 520-900-4212,barber_shop,broadway-corridor,https://maps.google.com/?q=HiEndTight%20Barbershop%202900%20E%20Broadway%20Blvd%20%23%20108%2C%20Tucson%2C%20AZ%2085716%2C%20USA,https://www.hiendtight.com/,2,squarespace,GoDaddy.com,0,has website,167,false,ChIJne2JQEhw1oYRuInLqJJdSF8,4.2,165,
Rayzor Kings Barbershop,"3834 East 5th Street, Tucson, AZ 85716, USA",+1 520-372-7383,barber_shop,broadway-corridor,https://maps.google.com/?q=Rayzor%20Kings%20Barbershop%203834%20East%205th%20Street%2C%20Tucson%2C%20AZ%2085716%2C%20USA,https://www.rayzorkings.com/,2,custom/unknown,GoDaddy.com,0,has website,168,false,ChIJO3Gu1m5x1oYRNIISdBBwVsM,4.9,98,
SCLPTr Studios,"2536 E Broadway Blvd, Tucson, AZ 85716, USA",+1 520-437-2826,barber_shop,broadway-corridor,https://maps.google.com/?q=SCLPTr%20Studios%202536%20E%20Broadway%20Blvd%2C%20Tucson%2C%20AZ%2085716%2C%20USA,https://sclptrstudios.com/,2,custom/unknown,"HOSTINGER operations, UAB",0,has website,169,false,ChIJndSmnR9v1oYRb1B4WIHU_f8,5,32,
Town & Campus Barber Styling,"29 N Tucson Blvd, Tucson, AZ 85716, USA",+1 520-792-2725,barber_shop,broadway-corridor,https://maps.google.com/?q=Town%20%26%20Campus%20Barber%20Styling%2029%20N%20Tucson%20Blvd%2C%20Tucson%2C%20AZ%2085716%2C%20USA,,1,,,0,no website,170,false,ChIJPXQB8U5w1oYRVM-r1JTbKV0,4.9,8,towncampusbarberstyling.com; towncampusbarberstylingtucson.com
Family Barbershop,"220 S Tucson Blvd, Tucson, AZ 85716, USA",,barber_shop,broadway-corridor,https://maps.google.com/?q=Family%20Barbershop%20220%20S%20Tucson%20Blvd%2C%20Tucson%2C%20AZ%2085716%2C%20USA,,1,,,0,no website,171,false,ChIJWfidCU9w1oYRHYsoSWyFX8k,4.8,63,familybarbershoptucson.com; familybarbershopaz.com
Gentlemen's Choice Barbershop,"2528 E 6th St, Tucson, AZ 85716, USA",+1 520-881-9000,barber_shop,broadway-corridor,https://maps.google.com/?q=Gentlemen%27s%20Choice%20Barbershop%202528%20E%206th%20St%2C%20Tucson%2C%20AZ%2085716%2C%20USA,https://gentlemenschoicebarbershop.com/,2,squarespace,GoDaddy.com,0,has website,172,false,ChIJHzMo6Exw1oYRLu849lXRHsE,4.6,323,
Tommie's Barber - Beauty,"3400 E Speedway Blvd Suite 100, Tucson, AZ 85716, USA",+1 520-622-2276,barber_shop,broadway-corridor,https://maps.google.com/?q=Tommie%27s%20Barber%20-%20Beauty%203400%20E%20Speedway%20Blvd%20Suite%20100%2C%20Tucson%2C%20AZ%2085716%2C%20USA,http://tommiesbarberbeauty.com/,2,custom/unknown,GoDaddy.com,0,has website,173,false,ChIJEbG4iuRx1oYRtCKfaDFW_iE,4.9,116,
In The Cut,"432 N Tucson Blvd, Tucson, AZ 85716, USA",,barber_shop,broadway-corridor,https://maps.google.com/?q=In%20The%20Cut%20432%20N%20Tucson%20Blvd%2C%20Tucson%2C%20AZ%2085716%2C%20USA,,1,,,0,no website,174,false,ChIJQ_nN5Uxw1oYRFNUlF91XLbA,5,2,incuttucson.com; incutaz.com
Palmyra Barbershop,"3449 E Speedway Blvd, Tucson, AZ 85716, USA",+1 520-771-6103,barber_shop,broadway-corridor,https://maps.google.com/?q=Palmyra%20Barbershop%203449%20E%20Speedway%20Blvd%2C%20Tucson%2C%20AZ%2085716%2C%20USA,,1,,,0,no website,175,false,ChIJMf-ZMMJx1oYRChbfhceFUIA,5,38,palmyrabarbershoptucson.com; palmyrabarbershopaz.com
Ever Kut Family Hair Care,"3007 E 22nd St, Tucson, AZ 85713, USA",+1 520-745-3970,barber_shop,broadway-corridor,https://maps.google.com/?q=Ever%20Kut%20Family%20Hair%20Care%203007%20E%2022nd%20St%2C%20Tucson%2C%20AZ%2085713%2C%20USA,,1,,,0,no website,176,false,ChIJlRydAQBx1oYR6xGVPEPG6fw,5,15,everkutfamilyhaircare.com; everkutfamilyhaircaretucson.com
Hector The Barber,"3015 E Speedway Blvd, Tucson, AZ 85716, USA",,barber_shop,broadway-corridor,https://maps.google.com/?q=Hector%20The%20Barber%203015%20E%20Speedway%20Blvd%2C%20Tucson%2C%20AZ%2085716%2C%20USA,https://hectorthebarber.carrd.co/,2,custom/unknown,unknown,0,has website,177,false,ChIJp_Gz93Rx1oYRy1jFgF2UvJ4,,,
Man Made Barber Stylist,"3015 E Speedway Blvd, Tucson, AZ 85716, USA",+1 520-861-1856,barber_shop,broadway-corridor,https://maps.google.com/?q=Man%20Made%20Barber%20Stylist%203015%20E%20Speedway%20Blvd%2C%20Tucson%2C%20AZ%2085716%2C%20USA,https://michael-lopez-barber-stylist.square.site/,2,weebly,MarkMonitor Inc.,0,has website,178,false,ChIJvUvuZjVx1oYRpaM1f8yw2qI,,,
Romie_Rome,"425 S Plumer Ave, Tucson, AZ 85719, USA",+1 520-260-8239,barber_shop,broadway-corridor,https://maps.google.com/?q=Romie_Rome%20425%20S%20Plumer%20Ave%2C%20Tucson%2C%20AZ%2085719%2C%20USA,https://booksy.com/en-us/dl/show-business/572060,2,,OVH sas,0,has website,179,false,ChIJb9KrKYJx1oYRUuRuROlwC04,5,4,
Big Mike's Barbershop,"4325 E Broadway Blvd Suite B, Tucson, AZ 85711, USA",+1 480-271-1942,barber_shop,broadway-corridor,https://maps.google.com/?q=Big%20Mike%27s%20Barbershop%204325%20E%20Broadway%20Blvd%20Suite%20B%2C%20Tucson%2C%20AZ%2085711%2C%20USA,https://bigmikes-barbershopp.com/,2,,unregistered,0,has website,180,false,ChIJjWvm1P9v1oYRlVObZK4kGg4,4.9,35,
Bibbs the Barber,"3126 E Fairmount St, Tucson, AZ 85716, USA",+1 510-520-4513,barber_shop,broadway-corridor,https://maps.google.com/?q=Bibbs%20the%20Barber%203126%20E%20Fairmount%20St%2C%20Tucson%2C%20AZ%2085716%2C%20USA,,1,,,0,no website,181,false,ChIJe1xn9cFx1oYRDEGJSBldmHg,,,bibbsbarber.com; bibbsbarbertucson.com
So Fresh N So Clean Barbershop,"2628 E 22nd St, Tucson, AZ 85713, USA",+1 520-882-5326,barber_shop,broadway-corridor,https://maps.google.com/?q=So%20Fresh%20N%20So%20Clean%20Barbershop%202628%20E%2022nd%20St%2C%20Tucson%2C%20AZ%2085713%2C%20USA,,1,,,0,no website,182,false,ChIJwchLm-Zx1oYRn6qyzwOm04Q,4.7,57,sofreshnsocleanbarbershoptucson.com; sofreshnsocleanbarbershopaz.com
ZCUTZ Studio LLC,"4411 East 5th Street, Tucson, AZ 85711, USA",+1 520-609-7432,barber_shop,broadway-corridor,https://maps.google.com/?q=ZCUTZ%20Studio%20LLC%204411%20East%205th%20Street%2C%20Tucson%2C%20AZ%2085711%2C%20USA,http://zzzcutz.square.site/,2,weebly,MarkMonitor Inc.,0,has website,183,false,ChIJa5L1GgdRCAgRkXyZnCkoDOM,,,
Western Dental & Orthodontics,"2901 E Broadway Blvd, Tucson, AZ 85716, USA",+1 520-917-7516,dentist,broadway-corridor,https://maps.google.com/?q=Western%20Dental%20%26%20Orthodontics%202901%20E%20Broadway%20Blvd%2C%20Tucson%2C%20AZ%2085716%2C%20USA,https://www.westerndental.com/en-us/find-a-location/arizona/tucson/2901-e-broadway-blvd?utm_source=GMB&utm_medium=organic,2,wordpress,Cloudflare,0,has website,184,false,ChIJC7AZUkhw1oYReM6srKotUAs,4.3,906,
Dr. Mark Shousha,"2901 E Broadway Blvd # Pima, 2905 E Broadway Blvd, Tucson, AZ 85716, USA",+1 520-917-7500,dentist,broadway-corridor,https://maps.google.com/?q=Dr.%20Mark%20Shousha%202901%20E%20Broadway%20Blvd%20%23%20Pima%2C%202905%20E%20Broadway%20Blvd%2C%20Tucson%2C%20AZ%2085716%2C%20USA,,1,,,0,no website,185,false,ChIJ__9vUkhw1oYRiLxsmsNawic,,,drmarkshousha.com; drmarkshoushatucson.com
Jodie Sloan,"2901 E Broadway Blvd, Tucson, AZ 85716, USA",+1 520-917-7500,dentist,broadway-corridor,https://maps.google.com/?q=Jodie%20Sloan%202901%20E%20Broadway%20Blvd%2C%20Tucson%2C%20AZ%2085716%2C%20USA,,1,,,0,no website,186,false,ChIJ__9vUkhw1oYRYuYxbW-etUQ,5,1,jodiesloan.com; jodiesloantucson.com
Coronado Dental,"622 N Country Club Rd suite b, Tucson, AZ 85716, USA",+1 520-527-5788,dentist,broadway-corridor,https://maps.google.com/?q=Coronado%20Dental%20622%20N%20Country%20Club%20Rd%20suite%20b%2C%20Tucson%2C%20AZ%2085716%2C%20USA,https://www.coronadodental.com/,2,wordpress,GoDaddy.com,0,has website,187,false,ChIJrSaiHwlx1oYRxADKh9s4egU,5,8,
Davis Pediatric Dentistry,"716 N Country Club Rd, Tucson, AZ 85716, USA",+1 520-326-8516,dentist,broadway-corridor,https://maps.google.com/?q=Davis%20Pediatric%20Dentistry%20716%20N%20Country%20Club%20Rd%2C%20Tucson%2C%20AZ%2085716%2C%20USA,https://www.tucsonkidsdentist.com/,2,wix,GoDaddy.com,0,has website,188,false,ChIJgxSkVTVw1oYRh-xcu8VsjjA,4.9,776,
Dr. Lauren Hobeich,"716 N Country Club Rd, Tucson, AZ 85716, USA",+1 520-326-8516,dentist,broadway-corridor,https://maps.google.com/?q=Dr.%20Lauren%20Hobeich%20716%20N%20Country%20Club%20Rd%2C%20Tucson%2C%20AZ%2085716%2C%20USA,,1,,,0,no website,189,false,ChIJZexlVDVw1oYRoFcjGvc-lNc,,,drlaurenhobeich.com; drlaurenhobeichtucson.com
Dr. Charles Davis,"716 N Country Club Rd, Tucson, AZ 85716, USA",+1 520-326-1013,dentist,broadway-corridor,https://maps.google.com/?q=Dr.%20Charles%20Davis%20716%20N%20Country%20Club%20Rd%2C%20Tucson%2C%20AZ%2085716%2C%20USA,,1,,,0,no website,190,false,ChIJZexlVDVw1oYRoB05T7lSm_k,5,1,drcharlesdavis.com; drcharlesdavistucson.com
"Dr. John W. Day, DMD","720 N Country Club Rd, Tucson, AZ 85716, USA",+1 520-326-6658,dentist,broadway-corridor,https://maps.google.com/?q=Dr.%20John%20W.%20Day%2C%20DMD%20720%20N%20Country%20Club%20Rd%2C%20Tucson%2C%20AZ%2085716%2C%20USA,http://www.jwday.com/,2,custom/unknown,IONOS SE,0,has website,191,false,ChIJNy8TUzVw1oYRGdieXv0N4Ks,3.7,3,
"Dr. Valentino J. Pugnea, DDS","404 N Alvernon Way A, Tucson, AZ 85711, USA",+1 520-326-2725,dentist,broadway-corridor,https://maps.google.com/?q=Dr.%20Valentino%20J.%20Pugnea%2C%20DDS%20404%20N%20Alvernon%20Way%20A%2C%20Tucson%2C%20AZ%2085711%2C%20USA,https://www.alvernondentist.com/,2,custom/unknown,Register.com - Network Solutions,0,has website,192,false,ChIJ76JhsS5w1oYR4mK-dTZOFFw,4.6,15,
Zaborac Julie,"404 N Alvernon Way A, Tucson, AZ 85711, USA",+1 520-326-2725,dentist,broadway-corridor,https://maps.google.com/?q=Zaborac%20Julie%20404%20N%20Alvernon%20Way%20A%2C%20Tucson%2C%20AZ%2085711%2C%20USA,,1,,,0,no website,193,false,ChIJ76JhsS5w1oYR7LXptnDyC58,,,zaboracjulie.com; zaboracjulietucson.com
Alvernon Dental,"404 N Alvernon Way, Tucson, AZ 85711, USA",+1 520-326-2725,dentist,broadway-corridor,https://maps.google.com/?q=Alvernon%20Dental%20404%20N%20Alvernon%20Way%2C%20Tucson%2C%20AZ%2085711%2C%20USA,https://www.alvernondentist.com/,2,custom/unknown,Register.com - Network Solutions,0,has website,194,false,ChIJ76JhsS5w1oYRnhtYEGCkKsk,4,4,
Dental Wise,"4001 E Broadway Blvd, Tucson, AZ 85711, USA",+1 520-323-2600,dentist,broadway-corridor,https://maps.google.com/?q=Dental%20Wise%204001%20E%20Broadway%20Blvd%2C%20Tucson%2C%20AZ%2085711%2C%20USA,https://dentalwiseaz.com/,2,custom/unknown,Squarespace Domains II LLC,0,has website,195,false,ChIJLWkgWh9x1oYRDxwDBxg19q0,4.9,279,
Tweed Foundatipn,"2626 E Broadway Blvd, Tucson, AZ 85716, USA",,dentist,broadway-corridor,https://maps.google.com/?q=Tweed%20Foundatipn%202626%20E%20Broadway%20Blvd%2C%20Tucson%2C%20AZ%2085716%2C%20USA,,1,,,0,no website,196,false,ChIJW-AHDgBx1oYRjLm4KAmqaMI,,,tweedfoundatipn.com; tweedfoundatipntucson.com
Kahn Errol M DDS,"2803 E 6th St, Tucson, AZ 85716, USA",+1 520-326-5535,dentist,broadway-corridor,https://maps.google.com/?q=Kahn%20Errol%20M%20DDS%202803%20E%206th%20St%2C%20Tucson%2C%20AZ%2085716%2C%20USA,,1,,,0,no website,197,false,ChIJ1chREUtw1oYRvza4enpBMr8,,,kahnerrolmdds.com; kahnerrolmddstucson.com
Dr. Adam Dalesandro D.M.D.,"762 N Country Club Rd, Tucson, AZ 85716, USA",+1 520-327-5993,dentist,broadway-corridor,https://maps.google.com/?q=Dr.%20Adam%20Dalesandro%20D.M.D.%20762%20N%20Country%20Club%20Rd%2C%20Tucson%2C%20AZ%2085716%2C%20USA,https://www.drdalesandro.com/,2,custom/unknown,Register.com - Network Solutions,0,has website,198,false,ChIJy4Pppspx1oYRQkCDsxsuUO8,4.9,309,
General Denistry,"762 N Country Club Rd, Tucson, AZ 85716, USA",+1 520-327-5993,dentist,broadway-corridor,https://maps.google.com/?q=General%20Denistry%20762%20N%20Country%20Club%20Rd%2C%20Tucson%2C%20AZ%2085716%2C%20USA,http://www.drderickson.com/,2,,Network Solutions,0,has website,199,false,ChIJyfkppMpx1oYRgadKdfOrZag,3,2,
Brian Smith J DDS,"2553 E Broadway Blvd, Tucson, AZ 85716, USA",+1 520-320-5515,dentist,broadway-corridor,https://maps.google.com/?q=Brian%20Smith%20J%20DDS%202553%20E%20Broadway%20Blvd%2C%20Tucson%2C%20AZ%2085716%2C%20USA,,1,,,0,no website,200,false,ChIJaZM_PLRv1oYRH6bLfJ-x3Ms,,,briansmithjdds.com; briansmithjddstucson.com
Kragel Cheryl,"2544 E 10th St, Tucson, AZ 85716, USA",+1 520-323-7550,dentist,broadway-corridor,https://maps.google.com/?q=Kragel%20Cheryl%202544%20E%2010th%20St%2C%20Tucson%2C%20AZ%2085716%2C%20USA,,1,,,0,no website,201,false,ChIJSUzGwE5w1oYR74toMh8GiM8,,,kragelcheryl.com; kragelcheryltucson.com
Miramonte Dental Group,"3382 E Speedway Blvd, Tucson, AZ 85716, USA",+1 520-257-2352,dentist,broadway-corridor,https://maps.google.com/?q=Miramonte%20Dental%20Group%203382%20E%20Speedway%20Blvd%2C%20Tucson%2C%20AZ%2085716%2C%20USA,https://www.miramontedentalgroup.com/?sc_cid=GBP%3AO%3AGP%3A383%3AOrganic_Search%3AGeneral%3Ana&_vsrefdom=organic_gbp&y_source=1_MTA4MzE5NTMtNzE1LWxvY2F0aW9uLndlYnNpdGU%3D,2,,CSC Corporate Domains,0,has website,202,false,ChIJuSMD6B9x1oYR1m0b7MDYf10,4.2,227,
Dr. Gang Li,"3382 E Speedway Blvd, Tucson, AZ 85716, USA",+1 520-257-2352,dentist,broadway-corridor,https://maps.google.com/?q=Dr.%20Gang%20Li%203382%20E%20Speedway%20Blvd%2C%20Tucson%2C%20AZ%2085716%2C%20USA,https://www.miramontedentalgroup.com/?sc_cid=GBP%3AO%3AGP%3A383A%3AOrganic_Search%3AGeneral%3AProvider&y_source=1_MTUzNzM5MjEtNzE1LWxvY2F0aW9uLndlYnNpdGU%3D,2,,CSC Corporate Domains,0,has website,203,false,ChIJMw5f-Zhx1oYRzbLnNZVigDY,,,
"Dr. Mark T. Clements, MD","3402 E Broadway Blvd, Tucson, AZ 85716, USA",+1 615-778-4066,doctor,broadway-corridor,https://maps.google.com/?q=Dr.%20Mark%20T.%20Clements%2C%20MD%203402%20E%20Broadway%20Blvd%2C%20Tucson%2C%20AZ%2085716%2C%20USA,,1,,,0,no website,204,false,ChIJj1fDpTBw1oYR8jes5gA_myI,,,drmarktclementsmd.com; drmarktclementsmdtucson.com
Stagg Francis MD,"3402 E Broadway Blvd, Tucson, AZ 85716, USA",+1 520-881-0050,doctor,broadway-corridor,https://maps.google.com/?q=Stagg%20Francis%20MD%203402%20E%20Broadway%20Blvd%2C%20Tucson%2C%20AZ%2085716%2C%20USA,,1,,,0,no website,205,false,ChIJ347UpTBw1oYRvBTC52Gjpp0,,,staggfrancismd.com; staggfrancismdtucson.com
Couch Michael W MD,"3402 E Broadway Blvd, Tucson, AZ 85716, USA",+1 520-881-0050,doctor,broadway-corridor,https://maps.google.com/?q=Couch%20Michael%20W%20MD%203402%20E%20Broadway%20Blvd%2C%20Tucson%2C%20AZ%2085716%2C%20USA,,1,,,0,no website,206,false,ChIJj1fDpTBw1oYRw-7vKkU2F1w,,,couchmichaelwmd.com; couchmichaelwmdtucson.com
"Dr. Hendrix M. Ernesto, DDS","550 S Avenida De Palmas, Tucson, AZ 85716, USA",,doctor,broadway-corridor,https://maps.google.com/?q=Dr.%20Hendrix%20M.%20Ernesto%2C%20DDS%20550%20S%20Avenida%20De%20Palmas%2C%20Tucson%2C%20AZ%2085716%2C%20USA,,1,,,0,no website,207,false,ChIJ6wt2jB5x1oYR4iBhEul4XoI,,,drhendrixmernestodds.com; drhendrixmernestoddstucson.com
Vannostrand Willard MD,"3737 E Calle Cortez, Tucson, AZ 85716, USA",+1 520-795-7130,doctor,broadway-corridor,https://maps.google.com/?q=Vannostrand%20Willard%20MD%203737%20E%20Calle%20Cortez%2C%20Tucson%2C%20AZ%2085716%2C%20USA,,1,,,0,no website,208,false,ChIJAzFtri9w1oYR-LDoFotkcKY,,,vannostrandwillardmd.com; vannostrandwillardmdtucson.com
dr tc mcdaniel,"3849 E Broadway Blvd, Tucson, AZ 85716, USA",+1 520-777-7830,doctor,broadway-corridor,https://maps.google.com/?q=dr%20tc%20mcdaniel%203849%20E%20Broadway%20Blvd%2C%20Tucson%2C%20AZ%2085716%2C%20USA,http://www.tcmcdaniel.com/contact.html,2,shopify,GoDaddy.com,0,has website,209,false,ChIJNYxh7iVw1oYRfxmBBCKRSIA,,,
Dr. Phillip Glotser,"2819 E Broadway Blvd, Tucson, AZ 85716, USA",+1 520-357-0072,doctor,broadway-corridor,https://maps.google.com/?q=Dr.%20Phillip%20Glotser%202819%20E%20Broadway%20Blvd%2C%20Tucson%2C%20AZ%2085716%2C%20USA,,1,,,0,no website,210,false,ChIJq6oa_khw1oYRoMDtESlaFTw,3,2,drphillipglotser.com; drphillipglotsertucson.com
Desert Sage Behavioral Health,"2819 E Broadway Blvd, Tucson, AZ 85716, USA",+1 520-771-6782,doctor,broadway-corridor,https://maps.google.com/?q=Desert%20Sage%20Behavioral%20Health%202819%20E%20Broadway%20Blvd%2C%20Tucson%2C%20AZ%2085716%2C%20USA,https://desertsbh.com/contact-us,2,custom/unknown,GoDaddy.com,0,has website,211,false,ChIJq6oa_khw1oYRvjkcsNf8Qsw,,,
Rupley David MD,"700 N Country Club Rd UNIT 110, Tucson, AZ 85716, USA",+1 520-722-9787,doctor,broadway-corridor,https://maps.google.com/?q=Rupley%20David%20MD%20700%20N%20Country%20Club%20Rd%20UNIT%20110%2C%20Tucson%2C%20AZ%2085716%2C%20USA,,1,,,0,no website,212,false,ChIJgawgUTVw1oYRIRtzcJaml3A,,,rupleydavidmd.com; rupleydavidmdtucson.com
"Dr. lorrin M. melpomene, DDS","2629 E Devon St, Tucson, AZ 85716, USA",+1 202-916-7758,doctor,broadway-corridor,https://maps.google.com/?q=Dr.%20lorrin%20M.%20melpomene%2C%20DDS%202629%20E%20Devon%20St%2C%20Tucson%2C%20AZ%2085716%2C%20USA,,1,,,0,no website,213,false,ChIJ06PcLplx1oYROdmEpssbjLE,,,drlorrinmmelpomenedds.com; drlorrinmmelpomeneddstucson.com
Alma Murphy MD,"490 N Alvernon Way, Tucson, AZ 85711, USA",+1 520-323-1313,doctor,broadway-corridor,https://maps.google.com/?q=Alma%20Murphy%20MD%20490%20N%20Alvernon%20Way%2C%20Tucson%2C%20AZ%2085711%2C%20USA,https://eyesaz.com/en/,2,joomla,DreamHost,0,has website,214,false,ChIJYXmRqy5w1oYRtMTclfkeW3M,4.2,24,
Mattson Kristi L MD,"772 N Country Club Rd, Tucson, AZ 85716, USA",+1 520-319-2810,doctor,broadway-corridor,https://maps.google.com/?q=Mattson%20Kristi%20L%20MD%20772%20N%20Country%20Club%20Rd%2C%20Tucson%2C%20AZ%2085716%2C%20USA,http://drcabin.com/,2,wordpress,GoDaddy.com,0,has website,215,false,ChIJ6Q05p8px1oYROWZmBM0kcUE,,,
"Dr. lorrie M. melor, DDS","2919 E 18th St, Tucson, AZ 85716, USA",+1 202-916-7757,doctor,broadway-corridor,https://maps.google.com/?q=Dr.%20lorrie%20M.%20melor%2C%20DDS%202919%20E%2018th%20St%2C%20Tucson%2C%20AZ%2085716%2C%20USA,,1,,,0,no website,216,false,ChIJxzi9Ebpx1oYRMtVfh4-aiRw,,,drlorriemmelordds.com; drlorriemmelorddstucson.com
"Integrated Therapy Services, LLC","3920 East 5th Street, Tucson, AZ 85711, USA",+1 520-471-0283,doctor,broadway-corridor,https://maps.google.com/?q=Integrated%20Therapy%20Services%2C%20LLC%203920%20East%205th%20Street%2C%20Tucson%2C%20AZ%2085711%2C%20USA,https://integratedtherapy.care/,2,custom/unknown,unknown,0,has website,217,false,ChIJQeDx_itw1oYRxXsXrBkN_HA,3.7,3,
Park Robert I MD,"655 N Alvernon Way, Tucson, AZ 85711, USA",+1 520-694-0111,doctor,broadway-corridor,https://maps.google.com/?q=Park%20Robert%20I%20MD%20655%20N%20Alvernon%20Way%2C%20Tucson%2C%20AZ%2085711%2C%20USA,http://www.bannerhealth.com/,2,custom/unknown,GoDaddy Corporate Domains,0,has website,218,false,ChIJl6YXbixw1oYRcwk9WsNGoiU,,,
Department of Opthalmology,"655 N Alvernon Way # 108, Tucson, AZ 85711, USA",+1 520-321-3677,doctor,broadway-corridor,https://maps.google.com/?q=Department%20of%20Opthalmology%20655%20N%20Alvernon%20Way%20%23%20108%2C%20Tucson%2C%20AZ%2085711%2C%20USA,,1,,,0,no website,219,false,ChIJl6YXbixw1oYRotW9Hp65iJo,4,1,departmentofopthalmology.com; departmentofopthalmologytucson.com
Chen Howard K MD,"655 N Alvernon Way # 108, Tucson, AZ 85711, USA",+1 520-694-0111,doctor,broadway-corridor,https://maps.google.com/?q=Chen%20Howard%20K%20MD%20655%20N%20Alvernon%20Way%20%23%20108%2C%20Tucson%2C%20AZ%2085711%2C%20USA,http://www.bannerhealth.com/,2,custom/unknown,GoDaddy Corporate Domains,0,has website,220,false,ChIJl6YXbixw1oYRFb8J6e2E100,,,
"Jean M. Haberman, PTA","3402 E Broadway Blvd, Tucson, AZ 85716, USA",+1 520-881-0050,physiotherapist,broadway-corridor,https://maps.google.com/?q=Jean%20M.%20Haberman%2C%20PTA%203402%20E%20Broadway%20Blvd%2C%20Tucson%2C%20AZ%2085716%2C%20USA,,1,,,0,no website,221,false,ChIJj1fDpTBw1oYRzY_1AY2kv64,,,jeanmhabermanpta.com; jeanmhabermanptatucson.com
"John Hendrix, PT","3402 E Broadway Blvd, Tucson, AZ 85716, USA",+1 615-778-4066,physiotherapist,broadway-corridor,https://maps.google.com/?q=John%20Hendrix%2C%20PT%203402%20E%20Broadway%20Blvd%2C%20Tucson%2C%20AZ%2085716%2C%20USA,,1,,,0,no website,222,false,ChIJj1fDpTBw1oYRCF-5I-6Stak,,,johnhendrixpt.com; johnhendrixpttucson.com
Lunda & Associates,"2900 E Broadway Blvd #132, Tucson, AZ 85716, USA",+1 520-319-2232,physiotherapist,broadway-corridor,https://maps.google.com/?q=Lunda%20%26%20Associates%202900%20E%20Broadway%20Blvd%20%23132%2C%20Tucson%2C%20AZ%2085716%2C%20USA,http://www.lundaandassociates.com/,2,custom/unknown,NameSecure L.L.C.,0,has website,223,false,ChIJSSKpES5u1oYRDDJuCAcHU3w,,,
"Modern Sports Medicine Physical Therapy and Orthopedics of Tucson, AZ","2900 E Broadway Blvd #132, Tucson, AZ 85716, USA",+1 520-889-1622,physiotherapist,broadway-corridor,https://maps.google.com/?q=Modern%20Sports%20Medicine%20Physical%20Therapy%20and%20Orthopedics%20of%20Tucson%2C%20AZ%202900%20E%20Broadway%20Blvd%20%23132%2C%20Tucson%2C%20AZ%2085716%2C%20USA,https://getmodernmedicine.com/tucsonaz/,2,wordpress,GoDaddy.com,0,has website,224,false,ChIJ8aO0XUhw1oYRl1dNY64SJs4,5,102,
Mr. Dustin Brisco,"707 N Alvernon Way Suite 203, Tucson, AZ 85711, USA",+1 520-462-0235,physiotherapist,broadway-corridor,https://maps.google.com/?q=Mr.%20Dustin%20Brisco%20707%20N%20Alvernon%20Way%20Suite%20203%2C%20Tucson%2C%20AZ%2085711%2C%20USA,,1,,,0,no website,225,false,ChIJe6Ekiixw1oYR_N7nAVW3msk,,,mrdustinbrisco.com; mrdustinbriscotucson.com
Kevin Dusek,"707 N Alvernon Way Suite 203, Tucson, AZ 85711, USA",+1 520-462-0235,physiotherapist,broadway-corridor,https://maps.google.com/?q=Kevin%20Dusek%20707%20N%20Alvernon%20Way%20Suite%20203%2C%20Tucson%2C%20AZ%2085711%2C%20USA,,1,,,0,no website,226,false,ChIJe6Ekiixw1oYR-6b5XA2ZaOw,,,kevindusek.com; kevindusektucson.com
Brandon Blauser,"707 N Alvernon Way, Tucson, AZ 85711, USA",+1 520-462-0235,physiotherapist,broadway-corridor,https://maps.google.com/?q=Brandon%20Blauser%20707%20N%20Alvernon%20Way%2C%20Tucson%2C%20AZ%2085711%2C%20USA,,1,,,0,no website,227,false,ChIJf4ssiixw1oYREgr3zjA3FRA,4,1,brandonblauser.com; brandonblausertucson.com
Athletico Physical Therapy - Tucson (Miramonte),"3234 E Speedway Blvd, Tucson, AZ 85716, USA",+1 520-232-2459,physiotherapist,broadway-corridor,https://maps.google.com/?q=Athletico%20Physical%20Therapy%20-%20Tucson%20%28Miramonte%29%203234%20E%20Speedway%20Blvd%2C%20Tucson%2C%20AZ%2085716%2C%20USA,https://www.athletico.com/locations/tucson-miramonte/?utm_source=google-miramonte&utm_medium=web&utm_campaign=google-listings,2,custom/unknown,GoDaddy.com,0,has website,228,false,ChIJle1hP_Rx1oYRuNPdsHaqRZk,4.9,120,
Bodycentral Physical Therapy - Tucson,"3501 E Speedway Blvd #145, Tucson, AZ 85716, USA",+1 520-325-4002,physiotherapist,broadway-corridor,https://maps.google.com/?q=Bodycentral%20Physical%20Therapy%20-%20Tucson%203501%20E%20Speedway%20Blvd%20%23145%2C%20Tucson%2C%20AZ%2085716%2C%20USA,https://therapypartnersgroup.com/location/3501-e-speedway-blvd/?utm_source=google&utm_medium=organic&utm_campaign=gmb_speedway,2,wordpress,GoDaddy.com,0,has website,229,false,ChIJb6HkmMNt1oYR8MeTtViLdNM,4.9,224,
Kelley Mary G,"3832 E Speedway Blvd CVS, Tucson, AZ 85716, USA",+1 520-323-3923,physiotherapist,broadway-corridor,https://maps.google.com/?q=Kelley%20Mary%20G%203832%20E%20Speedway%20Blvd%20CVS%2C%20Tucson%2C%20AZ%2085716%2C%20USA,http://www.cvs.com/,2,custom/unknown,MarkMonitor Inc.,0,has website,230,false,ChIJZVh4p9Nx1oYR0ALRfmKqe4k,,,
Sacred Heart Home Healthcare,"4400 E Broadway Blvd Suite 405, Tucson, AZ 85711, USA",+1 520-577-4630,physiotherapist,broadway-corridor,https://maps.google.com/?q=Sacred%20Heart%20Home%20Healthcare%204400%20E%20Broadway%20Blvd%20Suite%20405%2C%20Tucson%2C%20AZ%2085711%2C%20USA,https://sacredhearthh.com/,2,custom/unknown,Amazon Registrar,0,has website,231,false,ChIJhfvlbTpy1oYRQDP49v3n7so,4.7,109,
R&R Physical Therapy,"4099 E 22nd St #103, Tucson, AZ 85711, USA",+1 520-325-2001,physiotherapist,broadway-corridor,https://maps.google.com/?q=R%26R%20Physical%20Therapy%204099%20E%2022nd%20St%20%23103%2C%20Tucson%2C%20AZ%2085711%2C%20USA,http://randrphysicaltherapy.com/,2,,Network Solutions,0,has website,232,false,ChIJY_Xcfh5w1oYRurYLZtenHhc,4.8,25,
Dunn Stephanie S,"4099 E 22nd St #103, Tucson, AZ 85711, USA",+1 520-325-2001,physiotherapist,broadway-corridor,https://maps.google.com/?q=Dunn%20Stephanie%20S%204099%20E%2022nd%20St%20%23103%2C%20Tucson%2C%20AZ%2085711%2C%20USA,,1,,,0,no website,233,false,ChIJY_Xcfh5w1oYReFhPDTO5UKA,5,1,dunnstephanies.com; dunnstephaniestucson.com
Dr. Mark Pirtle,"2506 E Drachman St, Tucson, AZ 85716, USA",+1 520-795-3563,physiotherapist,broadway-corridor,https://maps.google.com/?q=Dr.%20Mark%20Pirtle%202506%20E%20Drachman%20St%2C%20Tucson%2C%20AZ%2085716%2C%20USA,https://www.drmarkpirtle.com/,2,squarespace,GoDaddy.com,0,has website,234,false,ChIJNS0Nt1Fx1oYR0Eh5-exDhm0,,,
Subtle Harmony Physical Therapy,"1600 N Tucson Blvd, Tucson, AZ 85716, USA",+1 347-423-3625,physiotherapist,broadway-corridor,https://maps.google.com/?q=Subtle%20Harmony%20Physical%20Therapy%201600%20N%20Tucson%20Blvd%2C%20Tucson%2C%20AZ%2085716%2C%20USA,https://subtleharmony.wixsite.com/osteo,2,wix,unregistered,0,has website,235,false,ChIJOWfa91hx1oYRNCt2CvaPsgk,,,
Rooted Integrative Wellness,"1600 N Tucson Blvd Suite 100 & 120, Tucson, AZ 85716, USA",+1 520-326-8300,physiotherapist,broadway-corridor,https://maps.google.com/?q=Rooted%20Integrative%20Wellness%201600%20N%20Tucson%20Blvd%20Suite%20100%20%26%20120%2C%20Tucson%2C%20AZ%2085716%2C%20USA,http://www.rootedintegrativewellness.com/,2,weebly,Register.com - Network Solutions,0,has website,236,false,ChIJC4y2Rbpx1oYR6jldqQ9XaVA,5,278,
Allison Whiteside,"1601 N Tucson Blvd #6, Tucson, AZ 85716, USA",+1 520-829-9635,physiotherapist,broadway-corridor,https://maps.google.com/?q=Allison%20Whiteside%201601%20N%20Tucson%20Blvd%20%236%2C%20Tucson%2C%20AZ%2085716%2C%20USA,,1,,,0,no website,237,false,ChIJQZCb_7px1oYRq2QtDTPS1iQ,,,allisonwhitesidetucson.com; allisonwhitesideaz.com
"Cdarlene Hahn, RN","4585 E Speedway Blvd Building B, Tucson, AZ 85712, USA",+1 520-319-3359,physiotherapist,broadway-corridor,https://maps.google.com/?q=Cdarlene%20Hahn%2C%20RN%204585%20E%20Speedway%20Blvd%20Building%20B%2C%20Tucson%2C%20AZ%2085712%2C%20USA,,1,,,0,no website,238,false,ChIJb-RrzCxu1oYRFazL_DhDj34,,,cdarlenehahnrn.com; cdarlenehahnrntucson.com
Emily Mason Pelvic Wellness - Pelvic Floor Physical Therapy,"800 N Swan Rd #114, Tucson, AZ 85711, USA",+1 520-602-7135,physiotherapist,broadway-corridor,https://maps.google.com/?q=Emily%20Mason%20Pelvic%20Wellness%20-%20Pelvic%20Floor%20Physical%20Therapy%20800%20N%20Swan%20Rd%20%23114%2C%20Tucson%2C%20AZ%2085711%2C%20USA,https://empelvicwellness.com/,2,custom/unknown,Tucows Domains Inc.,0,has website,239,false,ChIJ2wEvojZx1oYRVcStZirIA1Y,5,54,
"Jonathan E. Gress, PT","1224 E Lowell St, Tucson, AZ 85719, USA",+1 520-626-6363,physiotherapist,broadway-corridor,https://maps.google.com/?q=Jonathan%20E.%20Gress%2C%20PT%201224%20E%20Lowell%20St%2C%20Tucson%2C%20AZ%2085719%2C%20USA,,1,,,0,no website,240,false,ChIJ6-jWawBx1oYRKE1-qLC-Iis,,,jonathanegresspt.com; jonathanegresspttucson.com
CutieK,"3435 E Broadway Blvd, Tucson, AZ 85716, USA",,clothing_store,broadway-corridor,https://maps.google.com/?q=CutieK%203435%20E%20Broadway%20Blvd%2C%20Tucson%2C%20AZ%2085716%2C%20USA,https://www.cutiek.com/,2,custom/unknown,NameCheap,0,has website,241,false,ChIJfamBqmJx1oYRnIPOMY5ScfY,,,
Ross Dress for Less,"3485 E Broadway Blvd, Tucson, AZ 85716, USA",+1 520-323-4387,clothing_store,broadway-corridor,https://maps.google.com/?q=Ross%20Dress%20for%20Less%203485%20E%20Broadway%20Blvd%2C%20Tucson%2C%20AZ%2085716%2C%20USA,https://www.rossstores.com/,2,wordpress,Network Solutions,0,has website,242,false,ChIJQ2--hjBw1oYR6Nsckc808vs,4.1,1653,
Bella Doyenne Creations,"2900 E Broadway Blvd PMB1178, Tucson, AZ 85716, USA",+1 520-354-0776,clothing_store,broadway-corridor,https://maps.google.com/?q=Bella%20Doyenne%20Creations%202900%20E%20Broadway%20Blvd%20PMB1178%2C%20Tucson%2C%20AZ%2085716%2C%20USA,,1,,,0,no website,246,false,ChIJNw9D9H1x1oYRSkriTNMaOzI,,,belladoyennecreations.com; belladoyennecreationstucson.com
Jen's Organic Home & Baby,"2831 E Broadway Blvd, Tucson, AZ 85716, USA",+1 520-325-0359,clothing_store,broadway-corridor,https://maps.google.com/?q=Jen%27s%20Organic%20Home%20%26%20Baby%202831%20E%20Broadway%20Blvd%2C%20Tucson%2C%20AZ%2085716%2C%20USA,http://jensorganichome.com/,2,weebly,Squarespace Domains II LLC,0,has website,247,false,ChIJdatvVUhw1oYRPwkBLx0b8is,5,10,
Bodypunks,"2636 E Broadway Blvd, Tucson, AZ 85716, USA",+1 520-325-0186,clothing_store,broadway-corridor,https://maps.google.com/?q=Bodypunks%202636%20E%20Broadway%20Blvd%2C%20Tucson%2C%20AZ%2085716%2C%20USA,,1,,,0,no website,248,false,ChIJL8dv1Ehw1oYRfZFyIDfQIyE,,,bodypunkstucson.com; bodypunksaz.com
How Sweet It Was Vintage,"2617 E Broadway Blvd, Tucson, AZ 85716, USA",+1 520-623-9854,clothing_store,broadway-corridor,https://maps.google.com/?q=How%20Sweet%20It%20Was%20Vintage%202617%20E%20Broadway%20Blvd%2C%20Tucson%2C%20AZ%2085716%2C%20USA,http://www.howsweetitwas.com/,2,squarespace,Squarespace Domains LLC,0,has website,249,false,ChIJETwCVBxx1oYRP-LimDdT3oM,4.6,75,
Top Hat Formal Wear,"2612 E Broadway Blvd, Tucson, AZ 85716, USA",+1 520-624-6644,clothing_store,broadway-corridor,https://maps.google.com/?q=Top%20Hat%20Formal%20Wear%202612%20E%20Broadway%20Blvd%2C%20Tucson%2C%20AZ%2085716%2C%20USA,http://tophattuxedos.com/,2,custom/unknown,GoDaddy.com,0,has website,250,false,ChIJtz9kWE5w1oYR-3AmsPxNbhs,4.8,118,
Sonoran Moon Vintage,"2640 E 6th St, Tucson, AZ 85716, USA",,clothing_store,broadway-corridor,https://maps.google.com/?q=Sonoran%20Moon%20Vintage%202640%20E%206th%20St%2C%20Tucson%2C%20AZ%2085716%2C%20USA,,1,,,0,no website,251,false,ChIJcSSao7dx1oYR0QYRQK2t68k,,,sonoranmoonvintage.com; sonoranmoonvintagetucson.com
Arte de la Vida,"37 N Tucson Blvd, Tucson, AZ 85716, USA",+1 520-398-6720,clothing_store,broadway-corridor,https://maps.google.com/?q=Arte%20de%20la%20Vida%2037%20N%20Tucson%20Blvd%2C%20Tucson%2C%20AZ%2085716%2C%20USA,http://www.artedelavidatucson.com/,2,weebly,GoDaddy.com,0,has website,252,false,ChIJcbta9E5w1oYRiUmM9f4x45g,4.8,123,
Caps & More Embroidery/Screen Printing,"198 S Tucson Blvd, Tucson, AZ 85716, USA",+1 520-322-9088,clothing_store,broadway-corridor,https://maps.google.com/?q=Caps%20%26%20More%20Embroidery/Screen%20Printing%20198%20S%20Tucson%20Blvd%2C%20Tucson%2C%20AZ%2085716%2C%20USA,https://www.capsandmore.com/,2,wordpress,Wild West Domains,0,has website,253,false,ChIJDe8FA09w1oYRe2hLOdtiEAc,4.8,48,
Avenue,"2512 E 6th St, Tucson, AZ 85716, USA",,clothing_store,broadway-corridor,https://maps.google.com/?q=Avenue%202512%20E%206th%20St%2C%20Tucson%2C%20AZ%2085716%2C%20USA,http://avenuetucson.com/,2,shopify,Tucows Domains Inc.,0,has website,254,false,ChIJK-JQJEhw1oYRJMtFV8x1OgE,3.9,23,
Bad as Boots,"Top Floor Center, Basement Front Center Inside Midtown Mercantile, 3330 E Speedway Blvd Booth 495, Tucson, AZ 85716, USA",,clothing_store,broadway-corridor,https://maps.google.com/?q=Bad%20as%20Boots%20Top%20Floor%20Center%2C%20Basement%20Front%20Center%20Inside%20Midtown%20Mercantile%2C%203330%20E%20Speedway%20Blvd%20Booth%20495%2C%20Tucson%2C%20AZ%2085716%2C%20USA,https://www.ebay.com/str/oldpuebloretro,2,custom/unknown,MarkMonitor Inc.,0,has website,256,false,ChIJy2acjVpx1oYRd_4HXh1kXFk,,,
"Midtown Mercantile Merchants, LLC","3330 E Speedway Blvd, Tucson, AZ 85716, USA",+1 520-777-7275,clothing_store,broadway-corridor,https://maps.google.com/?q=Midtown%20Mercantile%20Merchants%2C%20LLC%203330%20E%20Speedway%20Blvd%2C%20Tucson%2C%20AZ%2085716%2C%20USA,http://midtownmm.com/,2,,GoDaddy.com,0,has website,257,false,ChIJrc1zRitu1oYRw6HvjbbZrGM,4.6,663,
Fascinations,"3658 E Speedway Blvd, Tucson, AZ 85716, USA",+1 520-322-0757,clothing_store,broadway-corridor,https://maps.google.com/?q=Fascinations%203658%20E%20Speedway%20Blvd%2C%20Tucson%2C%20AZ%2085716%2C%20USA,http://www.fascinations.net/,2,shopify,Network Solutions,0,has website,259,false,ChIJIX2vfdJx1oYRRlZqw-73YzE,4.7,460,
R&J Jewelry and Watch Repairs,"2900 E Broadway Blvd Suite 138, Tucson, AZ 85716, USA",+1 520-274-7872,jewelry_store,broadway-corridor,https://maps.google.com/?q=R%26J%20Jewelry%20and%20Watch%20Repairs%202900%20E%20Broadway%20Blvd%20Suite%20138%2C%20Tucson%2C%20AZ%2085716%2C%20USA,,1,,,0,no website,260,false,ChIJO6w8jKFx1oYR1DjOfA_o2bk,5,127,rjjewelryandwatchrepairs.com; rjjewelryandwatchrepairstucson.com
Verabelle,"2527 E 6th St, Tucson, AZ 85716, USA",,jewelry_store,broadway-corridor,https://maps.google.com/?q=Verabelle%202527%20E%206th%20St%2C%20Tucson%2C%20AZ%2085716%2C%20USA,,1,,,0,no website,261,false,ChIJVVU5wUxw1oYRHeATrZHby7Y,,,verabelletucson.com; verabelleaz.com
Villagetucson,"2501 E 6th St, Tucson, AZ 85716, USA",+1 520-322-2940,jewelry_store,broadway-corridor,https://maps.google.com/?q=Villagetucson%202501%20E%206th%20St%2C%20Tucson%2C%20AZ%2085716%2C%20USA,,1,,,0,no website,262,false,ChIJF03I3Uxw1oYReZ9hue5rTLs,,,villagetucson.com; villagetucsontucson.com
Valencia Jewelry and Watch Battery,"2030 E Broadway Blvd Suite 213 Second Floor EAST COURTYARD, Tucson, AZ 85719, USA",+1 520-891-8526,jewelry_store,broadway-corridor,https://maps.google.com/?q=Valencia%20Jewelry%20and%20Watch%20Battery%202030%20E%20Broadway%20Blvd%20Suite%20213%20Second%20Floor%20EAST%20COURTYARD%2C%20Tucson%2C%20AZ%2085719%2C%20USA,https://www.vjwb.net/,2,wordpress,IONOS SE,0,has website,263,false,ChIJp4s5Fphx1oYRfOi-6S8cV5k,4.9,204,
8 wonder minerals,"2030 E Broadway Blvd #8, Tucson, AZ 85719, USA",+1 520-634-9343,jewelry_store,broadway-corridor,https://maps.google.com/?q=8%20wonder%20minerals%202030%20E%20Broadway%20Blvd%20%238%2C%20Tucson%2C%20AZ%2085719%2C%20USA,https://8-wonder-minerals.square.site/,2,weebly,MarkMonitor Inc.,0,has website,264,false,ChIJA6YuLv1x1oYRDD6QTJlOYE8,5,7,
Morning Star Traders Inc,"2029 E 14th St, Tucson, AZ 85719, USA",+1 520-881-2112,jewelry_store,broadway-corridor,https://maps.google.com/?q=Morning%20Star%20Traders%20Inc%202029%20E%2014th%20St%2C%20Tucson%2C%20AZ%2085719%2C%20USA,http://www.morningstartraders.com/,2,weebly,Network Solutions,0,has website,265,false,ChIJJ66j_q5x1oYR0kgNVHNX5jM,4.6,26,
Yun Gee Park Gallery & Atelier,"4226 E 2nd St, Tucson, AZ 85711, USA",+1 520-901-0013,jewelry_store,broadway-corridor,https://maps.google.com/?q=Yun%20Gee%20Park%20Gallery%20%26%20Atelier%204226%20E%202nd%20St%2C%20Tucson%2C%20AZ%2085711%2C%20USA,http://yungeepark.com/,2,wordpress,Wild West Domains,0,has website,266,false,ChIJDcysUdVv1oYRmdnv_rqH03I,3.8,12,
Old Pueblo Coin,"4255 E Speedway Blvd, Tucson, AZ 85712, USA",+1 520-881-7200,jewelry_store,broadway-corridor,https://maps.google.com/?q=Old%20Pueblo%20Coin%204255%20E%20Speedway%20Blvd%2C%20Tucson%2C%20AZ%2085712%2C%20USA,http://www.oldpueblocoin.com/,2,custom/unknown,GoDaddy.com,0,has website,267,false,ChIJP7psSStu1oYRmyROB-VMgCo,4.3,206,
Rainbow Shops,"4154 E 22nd St, Tucson, AZ 85711, USA",+1 520-747-4595,jewelry_store,broadway-corridor,https://maps.google.com/?q=Rainbow%20Shops%204154%20E%2022nd%20St%2C%20Tucson%2C%20AZ%2085711%2C%20USA,https://stores.rainbowshops.com/az/tucson/1509/?utm_source=G&utm_medium=lpm&utm_campaign=RainbowShops,2,custom/unknown,unregistered,0,has website,268,false,ChIJx3HF5R1w1oYRR-3rxiXe2EY,4.3,246,
Precious Metals Refinery,"4403 E Speedway Blvd, Tucson, AZ 85712, USA",+1 520-416-6366,jewelry_store,broadway-corridor,https://maps.google.com/?q=Precious%20Metals%20Refinery%204403%20E%20Speedway%20Blvd%2C%20Tucson%2C%20AZ%2085712%2C%20USA,https://preciousmetalsrefinery.com/locations/speedway/?utm_source=google&utm_medium=organic&utm_campaign=gbp-speedway,2,wordpress,GoDaddy.com,0,has website,269,false,ChIJWdcplqRv1oYRSeDb9_E8Flw,4.9,805,
Tucson Lapidary,"3130 E Grant Rd, Tucson, AZ 85716, USA",+1 520-419-1270,jewelry_store,broadway-corridor,https://maps.google.com/?q=Tucson%20Lapidary%203130%20E%20Grant%20Rd%2C%20Tucson%2C%20AZ%2085716%2C%20USA,http://www.tucsonlapidary.com/,2,wordpress,GoDaddy.com,0,has website,270,false,ChIJA1VXY8Bx1oYRhlKznZDgWXI,4.7,7,
American Heirloom Appraisers,"3130 E Grant Rd #2808, Tucson, AZ 85716, USA",+1 520-419-1270,jewelry_store,broadway-corridor,https://maps.google.com/?q=American%20Heirloom%20Appraisers%203130%20E%20Grant%20Rd%20%232808%2C%20Tucson%2C%20AZ%2085716%2C%20USA,http://americanheirloomappraisers.com/,2,custom/unknown,GoDaddy.com,0,has website,271,false,ChIJCX1oZcBx1oYR-W0eeWzBzEw,3,3,
Tucson Indian Jewelry,"3130 E Grant Rd, Tucson, AZ 85716, USA",+1 520-419-1270,jewelry_store,broadway-corridor,https://maps.google.com/?q=Tucson%20Indian%20Jewelry%203130%20E%20Grant%20Rd%2C%20Tucson%2C%20AZ%2085716%2C%20USA,http://www.tucsonindianjewelry.com/,2,squarespace,GoDaddy.com,0,has website,272,false,ChIJA1VXY8Bx1oYRjjYqjHK9Poo,4.6,38,
Tucson Turquoise,"3130 E Grant Rd, Tucson, AZ 85716, USA",+1 520-419-1270,jewelry_store,broadway-corridor,https://maps.google.com/?q=Tucson%20Turquoise%203130%20E%20Grant%20Rd%2C%20Tucson%2C%20AZ%2085716%2C%20USA,http://tucsonturquoise.com/,2,wordpress,GoDaddy.com,0,has website,273,false,ChIJA1VXY8Bx1oYR5fdbdsfppH0,4.5,32,
American Antique Mall,"3130 E Grant Rd, Tucson, AZ 85716, USA",+1 520-326-3070,jewelry_store,broadway-corridor,https://maps.google.com/?q=American%20Antique%20Mall%203130%20E%20Grant%20Rd%2C%20Tucson%2C%20AZ%2085716%2C%20USA,http://www.americanantiquemall.com/,2,custom/unknown,GoDaddy.com,0,has website,274,false,ChIJCX1oZcBx1oYRJmUz0lWO5dI,4.3,159,
Pawn1st,"2880 E Grant Rd, Tucson, AZ 85716, USA",+1 520-319-1122,jewelry_store,broadway-corridor,https://maps.google.com/?q=Pawn1st%202880%20E%20Grant%20Rd%2C%20Tucson%2C%20AZ%2085716%2C%20USA,https://www.firstcash.com/,2,wordpress,Network Solutions,0,has website,275,false,ChIJ456nsb9x1oYRYWN5ehYxem4,4.8,820,
Casa Catalina Vista,"2308 E Edison St, Tucson, AZ 85719, USA",,jewelry_store,broadway-corridor,https://maps.google.com/?q=Casa%20Catalina%20Vista%202308%20E%20Edison%20St%2C%20Tucson%2C%20AZ%2085719%2C%20USA,,1,,,0,no website,276,false,ChIJ5W7bfL1x1oYR0SMEaw2GeK8,,,casacatalinavista.com; casacatalinavistatucson.com
Inglis Florists,"2362 E Broadway Blvd, Tucson, AZ 85719, USA",+1 520-622-4641,florist,broadway-corridor,https://maps.google.com/?q=Inglis%20Florists%202362%20E%20Broadway%20Blvd%2C%20Tucson%2C%20AZ%2085719%2C%20USA,https://www.inglisflorists.com/?utm_source=GBP+Link&utm_medium=GBP+Link&utm_campaign=GBP+Link&utm_id=GBP+Link&utm_term=GBP+Link&utm_content=GBP+Link,2,custom/unknown,Register.com - Network Solutions,0,has website,277,false,ChIJ_4kvTk5w1oYRD8OrNRFuJ78,4.7,299,
Arizona Flower Market,"500 N Tucson Blvd #190, Tucson, AZ 85716, USA",+1 520-322-7673,florist,broadway-corridor,https://maps.google.com/?q=Arizona%20Flower%20Market%20500%20N%20Tucson%20Blvd%20%23190%2C%20Tucson%2C%20AZ%2085716%2C%20USA,,1,,,0,no website,278,false,ChIJuSqIz0xw1oYRWhMrRezDRJ4,5,30,arizonaflowermarkettucson.com; arizonaflowermarketaz.com
Apri Services,"500 N Tucson Blvd # 100, Tucson, AZ 85716, USA",+1 520-322-2940,florist,broadway-corridor,https://maps.google.com/?q=Apri%20Services%20500%20N%20Tucson%20Blvd%20%23%20100%2C%20Tucson%2C%20AZ%2085716%2C%20USA,,1,,,0,no website,279,false,ChIJuSqIz0xw1oYRWOpURxvSVu8,,,apriservicestucson.com; apriservicesaz.com
SavOn Flowers,"1665 E 18th St Ste 111, Tucson, AZ 85719, USA",+1 520-323-7323,florist,broadway-corridor,https://maps.google.com/?q=SavOn%20Flowers%201665%20E%2018th%20St%20Ste%20111%2C%20Tucson%2C%20AZ%2085719%2C%20USA,http://www.savonflowers.com/,2,custom/unknown,GoDaddy.com,0,has website,280,false,ChIJL_Yef7Zx1oYR_yJ_lYOsT_A,4.4,37,
Sprouts Floral,"4645 E Speedway Blvd, Tucson, AZ 85712, USA",,florist,broadway-corridor,https://maps.google.com/?q=Sprouts%20Floral%204645%20E%20Speedway%20Blvd%2C%20Tucson%2C%20AZ%2085712%2C%20USA,https://www.sprouts.com/healthy-living/fresh-flowers/,2,wordpress,Cloudflare,0,has website,281,false,ChIJlQJmZQBv1oYRFVQgzvfDXvo,,,
Flores Concepts,"843 E 18th St, Tucson, AZ 85719, USA",,florist,broadway-corridor,https://maps.google.com/?q=Flores%20Concepts%20843%20E%2018th%20St%2C%20Tucson%2C%20AZ%2085719%2C%20USA,https://www.floresconcepts.com/careers/index.html,2,wordpress,GoDaddy.com,0,has website,282,false,ChIJXxdR2_Bw1oYRmHMq88tR0CA,,,
Otaku Nation,"2900 E Broadway Blvd #134, Tucson, AZ 85716, USA",+1 520-207-6885,book_store,broadway-corridor,https://maps.google.com/?q=Otaku%20Nation%202900%20E%20Broadway%20Blvd%20%23134%2C%20Tucson%2C%20AZ%2085716%2C%20USA,https://otakunationaz.shop/,2,custom/unknown,unknown,0,has website,283,false,ChIJ6eQmU9dx1oYRGiFhpRILEoQ,4,215,
"First Church of Christ, Scientist & Reading Room, Tucson, AZ","1010 N Alvernon Way, Tucson, AZ 85711, USA",+1 520-325-1181,book_store,broadway-corridor,https://maps.google.com/?q=First%20Church%20of%20Christ%2C%20Scientist%20%26%20Reading%20Room%2C%20Tucson%2C%20AZ%201010%20N%20Alvernon%20Way%2C%20Tucson%2C%20AZ%2085711%2C%20USA,http://www.cstucson.org/,2,custom/unknown,DreamHost,0,has website,285,false,ChIJFSFFWdNx1oYRWQWhXNctPqQ,4.5,4,
VIVA PIMA!,"1307 N Alvernon Way, Tucson, AZ 85712, USA",+1 520-326-8452,book_store,broadway-corridor,https://maps.google.com/?q=VIVA%20PIMA%21%201307%20N%20Alvernon%20Way%2C%20Tucson%2C%20AZ%2085712%2C%20USA,https://vivapima.org/,2,shopify,GoDaddy.com,0,has website,286,false,ChIJMZhL4NNx1oYRnBR61Fy6Pr4,4.3,140,
Heroes & Villains,"4533 E Broadway Blvd, Tucson, AZ 85711, USA",+1 520-321-4376,book_store,broadway-corridor,https://maps.google.com/?q=Heroes%20%26%20Villains%204533%20E%20Broadway%20Blvd%2C%20Tucson%2C%20AZ%2085711%2C%20USA,https://linktr.ee/hnvtucson,2,,unknown,0,has website,287,false,ChIJB3pExttv1oYRun7mtwrFbYU,4.7,1463,
Revolutionary Grounds Books & Coffee,"4675 E Speedway Blvd, Tucson, AZ 85712, USA",+1 520-838-0533,book_store,broadway-corridor,https://maps.google.com/?q=Revolutionary%20Grounds%20Books%20%26%20Coffee%204675%20E%20Speedway%20Blvd%2C%20Tucson%2C%20AZ%2085712%2C%20USA,http://revolutionarygrounds.com/,2,custom/unknown,NameCheap,0,has website,288,false,ChIJl5OlgRxx1oYRxXaA9R_TwfM,4.5,318,
Friends Book Barn,"2230 N Country Club Rd, Tucson, AZ 85716, USA",+1 520-795-3763,book_store,broadway-corridor,https://maps.google.com/?q=Friends%20Book%20Barn%202230%20N%20Country%20Club%20Rd%2C%20Tucson%2C%20AZ%2085716%2C%20USA,http://www.pimafriends.com/,2,wordpress,GoDaddy.com,0,has website,289,false,ChIJH_DFDnNx1oYRYNBnuEDd7cw,4.5,19,
UA Medical BookStore (AHSC),"1501 N Campbell Ave, Tucson, AZ 85724, USA",+1 520-626-6669,book_store,broadway-corridor,https://maps.google.com/?q=UA%20Medical%20BookStore%20%28AHSC%29%201501%20N%20Campbell%20Ave%2C%20Tucson%2C%20AZ%2085724%2C%20USA,https://shop.arizona.edu/medical,2,custom/unknown,unregistered,0,has website,290,false,ChIJ_cJWQaZx1oYRQvs-N1UQ1as,4,8,
University of Arizona Campus Store,"1209 E University Blvd, Tucson, AZ 85721, USA",+1 520-621-2426,book_store,broadway-corridor,https://maps.google.com/?q=University%20of%20Arizona%20Campus%20Store%201209%20E%20University%20Blvd%2C%20Tucson%2C%20AZ%2085721%2C%20USA,http://shop.arizona.edu/,2,custom/unknown,unregistered,0,has website,291,false,ChIJWe0cPAdx1oYRdp1IZlVus8o,4.5,1375,
Littlest Bookshop,"5011 East 5th Street, Tucson, AZ 85711, USA",+1 520-838-0238,book_store,broadway-corridor,https://maps.google.com/?q=Littlest%20Bookshop%205011%20East%205th%20Street%2C%20Tucson%2C%20AZ%2085711%2C%20USA,http://littlestbookshop.com/,2,wordpress,Bluehost Inc.,0,has website,292,false,ChIJt8S2eMRv1oYRT-AtW75_Q5I,4.9,59,
Nexus Occult Books & Oddities,"4865 E Speedway Blvd, Tucson, AZ 85712, USA",+1 520-334-0372,book_store,broadway-corridor,https://maps.google.com/?q=Nexus%20Occult%20Books%20%26%20Oddities%204865%20E%20Speedway%20Blvd%2C%20Tucson%2C%20AZ%2085712%2C%20USA,http://www.nexusoccult.com/,2,custom/unknown,GoDaddy.com,0,has website,293,false,ChIJ-44jl7xv1oYRWDebGSJvTW8,5,164,
Nexus Academy of Magick and Esoteric Sciences,"4861 E Speedway Blvd, Tucson, AZ 85712, USA",+1 520-334-0372,book_store,broadway-corridor,https://maps.google.com/?q=Nexus%20Academy%20of%20Magick%20and%20Esoteric%20Sciences%204861%20E%20Speedway%20Blvd%2C%20Tucson%2C%20AZ%2085712%2C%20USA,https://www.nexusoccult.com/,2,custom/unknown,GoDaddy.com,0,has website,294,false,ChIJUWfnWitv1oYRBR4Pej_2ifs,,,
Barnes & Noble,"5130 E Broadway Blvd, Tucson, AZ 85711, USA",+1 520-512-1166,book_store,broadway-corridor,https://maps.google.com/?q=Barnes%20%26%20Noble%205130%20E%20Broadway%20Blvd%2C%20Tucson%2C%20AZ%2085711%2C%20USA,https://stores.barnesandnoble.com/store/2892,2,custom/unknown,unregistered,0,has website,295,false,ChIJSR1rLsFv1oYRqPMGm6KKpn4,4.6,3115,
R-Galaxy,"2406 N Campbell Ave, Tucson, AZ 85719, USA",+1 520-322-0422,book_store,broadway-corridor,https://maps.google.com/?q=R-Galaxy%202406%20N%20Campbell%20Ave%2C%20Tucson%2C%20AZ%2085719%2C%20USA,https://r-galaxy.com/comics/,2,custom/unknown,Network Solutions,0,has website,296,false,ChIJs2IjuJhx1oYRR5jOYJsaDLs,4.5,287,
Ninety9One,"2561 E Pinal Vista, Tucson, AZ 85713, USA",,book_store,broadway-corridor,https://maps.google.com/?q=Ninety9One%202561%20E%20Pinal%20Vista%2C%20Tucson%2C%20AZ%2085713%2C%20USA,http://ninety9one.com/,2,wix,Wix.com Ltd.,0,has website,297,false,ChIJe1IXZadx1oYREllOkXZ7hL0,1,1,
"Sunny Days Gifts, Decor & More","2605 E Broadway Blvd, Tucson, AZ 85716, USA",+1 520-724-0535,gift_shop,broadway-corridor,https://maps.google.com/?q=Sunny%20Days%20Gifts%2C%20Decor%20%26%20More%202605%20E%20Broadway%20Blvd%2C%20Tucson%2C%20AZ%2085716%2C%20USA,https://sunnydaystucson.com/,2,wix,Wix.com Ltd.,0,has website,298,false,ChIJfXxpMS3a4GQRNkshrpUGzwM,5,5,
Discover the Wild,"3400 E Zoo Ct, Tucson, AZ 85716, USA",+1 520-881-2902,gift_shop,broadway-corridor,https://maps.google.com/?q=Discover%20the%20Wild%203400%20E%20Zoo%20Ct%2C%20Tucson%2C%20AZ%2085716%2C%20USA,http://reidparkzoo.org/,2,custom/unknown,Network Solutions,0,has website,299,false,ChIJ7_m6BhZw1oYRdkdNQ3PbLtQ,4.4,16,
Tucson Handmade,"3400 E Speedway Blvd Ste 202, Tucson, AZ 85716, USA",,gift_shop,broadway-corridor,https://maps.google.com/?q=Tucson%20Handmade%203400%20E%20Speedway%20Blvd%20Ste%20202%2C%20Tucson%2C%20AZ%2085716%2C%20USA,https://www.tucsonhandmade.com/,2,wix,Wix.com Ltd.,0,has website,300,false,ChIJmYu1cxxx1oYRlhLlgSJkD04,,,
Tucson Eclectic Treasures,"139 S Olsen Ave, Tucson, AZ 85719, USA",+1 520-333-7879,gift_shop,broadway-corridor,https://maps.google.com/?q=Tucson%20Eclectic%20Treasures%20139%20S%20Olsen%20Ave%2C%20Tucson%2C%20AZ%2085719%2C%20USA,http://mkt.com/tucson-eclectic-treasures,2,custom/unknown,CSC Corporate Domains,0,has website,301,false,ChIJ41eotlFw1oYRpSA66D6egW0,5,1,
Deco: An Illuminating Experience,"331 S Olsen Ave, Tucson, AZ 85719, USA",+1 520-319-0888,gift_shop,broadway-corridor,https://maps.google.com/?q=Deco%3A%20An%20Illuminating%20Experience%20331%20S%20Olsen%20Ave%2C%20Tucson%2C%20AZ%2085719%2C%20USA,http://ignitemuseum.com/,2,weebly,Squarespace Domains II LLC,0,has website,302,false,ChIJm9anKE9w1oYRuC7SqBJuJtc,5,2,
Shop by FORS,"2020 E Broadway Blvd, Tucson, AZ 85719, USA",+1 520-795-9888,gift_shop,broadway-corridor,https://maps.google.com/?q=Shop%20by%20FORS%202020%20E%20Broadway%20Blvd%2C%20Tucson%2C%20AZ%2085719%2C%20USA,http://forsshop.com/,2,custom/unknown,TurnCommerce,0,has website,303,false,ChIJmXfpPeJw1oYRTQwiWfEhR48,5,4,
Poppin' Off Pop Culture Gifts & More,"4570 E Broadway Blvd, Tucson, AZ 85711, USA",+1 520-372-2328,gift_shop,broadway-corridor,https://maps.google.com/?q=Poppin%27%20Off%20Pop%20Culture%20Gifts%20%26%20More%204570%20E%20Broadway%20Blvd%2C%20Tucson%2C%20AZ%2085711%2C%20USA,https://poppinoffcreations.com/,2,custom/unknown,GoDaddy.com,0,has website,304,false,ChIJGRfeKwBv1oYRPfOeFAja_x0,5,17,
PureLotus Scents,"4500 E Speedway Blvd #45, Tucson, AZ 85712, USA",,gift_shop,broadway-corridor,https://maps.google.com/?q=PureLotus%20Scents%204500%20E%20Speedway%20Blvd%20%2345%2C%20Tucson%2C%20AZ%2085712%2C%20USA,http://purelotusscents.square.site/,2,weebly,MarkMonitor Inc.,0,has website,305,false,ChIJMz1vJKhv1oYRNT7fEo4ZkgE,5,4,
Bricks and Minifigs,"4730 E Broadway Blvd, Tucson, AZ 85711, USA",+1 520-372-7733,gift_shop,broadway-corridor,https://maps.google.com/?q=Bricks%20and%20Minifigs%204730%20E%20Broadway%20Blvd%2C%20Tucson%2C%20AZ%2085711%2C%20USA,https://bricksandminifigs.com/tucson-az/,2,,GoDaddy.com,0,has website,306,false,ChIJ8ZSJpxlv1oYRX0Y8LAfKpQk,4.7,230,
Arizona Picture & Frame Gallery,"4523 E Speedway Blvd, Tucson, AZ 85712, USA",+1 520-323-7711,gift_shop,broadway-corridor,https://maps.google.com/?q=Arizona%20Picture%20%26%20Frame%20Gallery%204523%20E%20Speedway%20Blvd%2C%20Tucson%2C%20AZ%2085712%2C%20USA,https://www.azpictureandframe.com/,2,custom/unknown,GoDaddy.com,0,has website,307,false,ChIJ8RdLsSxu1oYRdEldMpL_DeY,4.8,154,
Flandrau Science Center and Planetarium,"1601 E University Blvd, Tucson, AZ 85721, USA",+1 520-621-4516,gift_shop,broadway-corridor,https://maps.google.com/?q=Flandrau%20Science%20Center%20and%20Planetarium%201601%20E%20University%20Blvd%2C%20Tucson%2C%20AZ%2085721%2C%20USA,https://flandrau.org/,2,drupal,GoDaddy.com,0,has website,308,false,ChIJp3UeLqpx1oYRRe6Rx9wXi2c,4.5,276,
Miller Curio Co,"1724 E Speedway Blvd, Tucson, AZ 85719, USA",+1 520-235-8855,gift_shop,broadway-corridor,https://maps.google.com/?q=Miller%20Curio%20Co%201724%20E%20Speedway%20Blvd%2C%20Tucson%2C%20AZ%2085719%2C%20USA,,1,,,0,no website,309,false,ChIJr-9D3qhx1oYRSZwLzigCpMo,4.5,4,millercurioco.com; millercuriocotucson.com
Ley Amber Collective,"4664 E Speedway Blvd, Tucson, AZ 85712, USA",+1 520-306-1858,gift_shop,broadway-corridor,https://maps.google.com/?q=Ley%20Amber%20Collective%204664%20E%20Speedway%20Blvd%2C%20Tucson%2C%20AZ%2085712%2C%20USA,http://www.leyambercollective.com/,2,shopify,Tucows Domains Inc.,0,has website,310,false,ChIJbw2zUABv1oYRbNcYdD_oY9I,,,
Tucson Mobile Mechanics,"2900 E Broadway Blvd #100, Tucson, AZ 85716, USA",+1 520-977-2073,car_repair,broadway-corridor,https://maps.google.com/?q=Tucson%20Mobile%20Mechanics%202900%20E%20Broadway%20Blvd%20%23100%2C%20Tucson%2C%20AZ%2085716%2C%20USA,http://tucsonmobilemechanics.com/,2,custom/unknown,Name.com,0,has website,312,false,ChIJJ6IjOVdv1oYRKn7QCzfaM-w,4.8,60,
Big Brand Tire & Service,"2448 E Broadway Blvd, Tucson, AZ 85719, USA",+1 520-464-4978,car_repair,broadway-corridor,https://maps.google.com/?q=Big%20Brand%20Tire%20%26%20Service%202448%20E%20Broadway%20Blvd%2C%20Tucson%2C%20AZ%2085719%2C%20USA,https://www.bigbrandtire.com/locations/broadway-tucson-az?store_number=3032&utm_source=organic&utm_medium=gbp&utm_campaign=3032,2,custom/unknown,GoDaddy.com,0,has website,313,false,ChIJLauC_k5w1oYRe90FSEeqxzI,4.8,559,
Quebedeaux Buick GMC Service Center,"3566 E Speedway Blvd, Tucson, AZ 85716, USA",+1 520-795-5550,car_repair,broadway-corridor,https://maps.google.com/?q=Quebedeaux%20Buick%20GMC%20Service%20Center%203566%20E%20Speedway%20Blvd%2C%20Tucson%2C%20AZ%2085716%2C%20USA,https://www.qbuickgmc.com/ServiceApptForm?utm_source=google&utm_medium=organic&utm_campaign=GMB,2,,Network Solutions,0,has website,314,false,ChIJt26Xg-tx1oYR3ZeOM6TDaoE,3.5,158,
Quebedeaux Buick GMC Parts Center,"3566 E Speedway Blvd, Tucson, AZ 85716, USA",+1 520-795-5550,car_repair,broadway-corridor,https://maps.google.com/?q=Quebedeaux%20Buick%20GMC%20Parts%20Center%203566%20E%20Speedway%20Blvd%2C%20Tucson%2C%20AZ%2085716%2C%20USA,https://www.qbuickgmc.com/PartsOrderForm?utm_source=google&utm_medium=organic&utm_campaign=GMB,2,,Network Solutions,0,has website,315,false,ChIJz4VH-Itx1oYR2EXuboUW3rI,2.3,6,
Quebedeaux Buick-GMC,"3534 E Speedway Blvd, Tucson, AZ 85716, USA",,car_repair,broadway-corridor,https://maps.google.com/?q=Quebedeaux%20Buick-GMC%203534%20E%20Speedway%20Blvd%2C%20Tucson%2C%20AZ%2085716%2C%20USA,https://www.qbuickgmc.com/,2,,Network Solutions,0,has website,316,false,ChIJJxPointx1oYR8f4aSe9888M,,,
Quebedeaux Collision,"3534 E Speedway Blvd, Tucson, AZ 85716, USA",+1 520-795-6200,car_repair,broadway-corridor,https://maps.google.com/?q=Quebedeaux%20Collision%203534%20E%20Speedway%20Blvd%2C%20Tucson%2C%20AZ%2085716%2C%20USA,https://www.carwise.com/auto-body-shops/quebedeaux-collision-center-tucson-az-85716/469307,2,custom/unknown,Register.com - Network Solutions,0,has website,317,false,ChIJs03Nsc1x1oYRct5hKP8FXKU,4.5,152,
Custom Auto Sound by Stereo Pad,"3443 E Speedway Blvd, Tucson, AZ 85716, USA",+1 520-326-0551,car_repair,broadway-corridor,https://maps.google.com/?q=Custom%20Auto%20Sound%20by%20Stereo%20Pad%203443%20E%20Speedway%20Blvd%2C%20Tucson%2C%20AZ%2085716%2C%20USA,https://www.customautosoundbystereopadaz.com/,2,custom/unknown,GoDaddy.com,0,has website,319,false,ChIJGVZgPsxx1oYRi2i_X-snVpA,4.4,244,
Arizona's Affordable Diesel Tech,"3661 E Speedway Blvd, Tucson, AZ 85716, USA",+1 520-325-1111,car_repair,broadway-corridor,https://maps.google.com/?q=Arizona%27s%20Affordable%20Diesel%20Tech%203661%20E%20Speedway%20Blvd%2C%20Tucson%2C%20AZ%2085716%2C%20USA,https://azaffordabledieseltech.com/,2,custom/unknown,GoDaddy.com,0,has website,320,false,ChIJa7g7ottv1oYR1kzjqW9CssM,4.6,190,
Discount Tire,"3701 E Speedway Blvd, Tucson, AZ 85716, USA",+1 520-323-3263,car_repair,broadway-corridor,https://maps.google.com/?q=Discount%20Tire%203701%20E%20Speedway%20Blvd%2C%20Tucson%2C%20AZ%2085716%2C%20USA,https://www.discounttire.com/store/az/tucson/s/1031,2,,CSC Corporate Domains,0,has website,321,false,ChIJUadhaNJx1oYR6NQw9_dy-Vc,4.5,1251,
AAG Calibration,"245 S Plumer Ave Suite 7, Tucson, AZ 85719, USA",+1 520-425-9479,car_repair,broadway-corridor,https://maps.google.com/?q=AAG%20Calibration%20245%20S%20Plumer%20Ave%20Suite%207%2C%20Tucson%2C%20AZ%2085719%2C%20USA,https://aag520.com/cal/,2,wordpress,Launchpad.com Inc.,0,has website,322,false,ChIJtTLtWMBx1oYRxXlsBfsO3KE,,,
Full Throttle Metric,"245 S Plumer Ave, Tucson, AZ 85719, USA",+1 520-661-6393,car_repair,broadway-corridor,https://maps.google.com/?q=Full%20Throttle%20Metric%20245%20S%20Plumer%20Ave%2C%20Tucson%2C%20AZ%2085719%2C%20USA,,1,,,0,no website,323,false,ChIJNXth4E9w1oYRV2rRO3i5ZIo,4,3,fullthrottlemetric.com; fullthrottlemetrictucson.com
Albert's Auto Care,"191 S Plumer Ave, Tucson, AZ 85719, USA",+1 520-622-7270,car_repair,broadway-corridor,https://maps.google.com/?q=Albert%27s%20Auto%20Care%20191%20S%20Plumer%20Ave%2C%20Tucson%2C%20AZ%2085719%2C%20USA,https://www.albertsautocare.com/,2,custom/unknown,GoDaddy.com,0,has website,324,false,ChIJidbQMPJx1oYRWGpO9vMsEC8,5,9,
Dan's Paint & Body,"3810 E 22nd St, Tucson, AZ 85713, USA",+1 520-795-0075,car_repair,broadway-corridor,https://maps.google.com/?q=Dan%27s%20Paint%20%26%20Body%203810%20E%2022nd%20St%2C%20Tucson%2C%20AZ%2085713%2C%20USA,http://www.danspaintandbody.com/,2,wordpress,Bluehost Inc.,0,has website,326,false,ChIJCxi_YBlw1oYRrAW01FHXV9k,4.7,1418,
Affordable Auto Painting,"282 S Plumer Ave, Tucson, AZ 85719, USA",+1 520-745-8023,car_repair,broadway-corridor,https://maps.google.com/?q=Affordable%20Auto%20Painting%20282%20S%20Plumer%20Ave%2C%20Tucson%2C%20AZ%2085719%2C%20USA,http://affordableautopaintingtucson.com/,2,wix,Squarespace Domains II LLC,0,has website,327,false,ChIJ5-FTFlBw1oYR-4hzfqB6gd0,4.7,187,
Intoxalock Ignition Interlock,"145 S Olsen Ave, Tucson, AZ 85719, USA",+1 520-829-4397,car_repair,broadway-corridor,https://maps.google.com/?q=Intoxalock%20Ignition%20Interlock%20145%20S%20Olsen%20Ave%2C%20Tucson%2C%20AZ%2085719%2C%20USA,https://www.intoxalock.com/locations/az/tucson/145-s-olsen-ave-10372?utm_medium=yext&utm_source=GMB&y_source=1_MjkwNjgzMzQtNzE1LWxvY2F0aW9uLndlYnNpdGU%3D,2,custom/unknown,Network Solutions,0,has website,329,false,ChIJywS5bdZx1oYRvfPpB4hrKXY,,,
AutoEdge Wholesale,"4351 E Broadway Blvd, Tucson, AZ 85711, USA",+1 548-878-1730,car_repair,broadway-corridor,https://maps.google.com/?q=AutoEdge%20Wholesale%204351%20E%20Broadway%20Blvd%2C%20Tucson%2C%20AZ%2085711%2C%20USA,,1,,,0,no website,330,false,ChIJtaRsDgBv1oYR2tpYtxv601E,,,autoedgewholesale.com; autoedgewholesaletucson.com
Mister Car Wash,"3101 E Speedway Blvd, Tucson, AZ 85716, USA",+1 520-327-5656,car_wash,broadway-corridor,https://maps.google.com/?q=Mister%20Car%20Wash%203101%20E%20Speedway%20Blvd%2C%20Tucson%2C%20AZ%2085716%2C%20USA,https://mistercarwash.com/store/speedway/?utm_source=google&utm_medium=organic&utm_campaign=gbp,2,wordpress,Network Solutions,0,has website,331,false,ChIJ9ywT6XNx1oYR3mh-0TIRMLc,4,675,
Tucson Self Wash,"2630 E 22nd St, Tucson, AZ 85713, USA",+1 520-909-0975,car_wash,broadway-corridor,https://maps.google.com/?q=Tucson%20Self%20Wash%202630%20E%2022nd%20St%2C%20Tucson%2C%20AZ%2085713%2C%20USA,http://tucsonselfwash.com/,2,,GoDaddy.com,0,has website,333,false,ChIJs1t5WjJx1oYR-FaTrSk_gO0,4,207,
Clean Freak Car Wash,"1475 S Alvernon Way, Tucson, AZ 85711, USA",+1 520-347-6287,car_wash,broadway-corridor,https://maps.google.com/?q=Clean%20Freak%20Car%20Wash%201475%20S%20Alvernon%20Way%2C%20Tucson%2C%20AZ%2085711%2C%20USA,https://cleanfreakcarwash.com/,2,wordpress,GoDaddy.com,0,has website,334,false,ChIJcblKy09x1oYRValLP1zFA6U,4.2,657,
Mister Car Wash,"4600 E Broadway Blvd, Tucson, AZ 85711, USA",+1 520-428-0256,car_wash,broadway-corridor,https://maps.google.com/?q=Mister%20Car%20Wash%204600%20E%20Broadway%20Blvd%2C%20Tucson%2C%20AZ%2085711%2C%20USA,https://mistercarwash.com/store/swan/?utm_source=google&utm_medium=organic&utm_campaign=gbp,2,wordpress,Network Solutions,0,has website,335,false,ChIJhw0DJfZv1oYR4lp1PfZ0y04,4.2,547,
Car Genie Mobile Car Wash and Detail,"1788 E Speedway Blvd, Tucson, AZ 85719, USA",+1 877-339-3133,car_wash,broadway-corridor,https://maps.google.com/?q=Car%20Genie%20Mobile%20Car%20Wash%20and%20Detail%201788%20E%20Speedway%20Blvd%2C%20Tucson%2C%20AZ%2085719%2C%20USA,https://www.cargeniemobiledetail.com/,2,custom/unknown,Tucows Domains Inc.,0,has website,336,false,ChIJG_Ta0Khx1oYRpspmOD_ppkQ,2.7,6,
Professional Mobile Detailing,"4825 E 4th St, Tucson, AZ 85711, USA",+1 520-665-1364,car_wash,broadway-corridor,https://maps.google.com/?q=Professional%20Mobile%20Detailing%204825%20E%204th%20St%2C%20Tucson%2C%20AZ%2085711%2C%20USA,http://professionalmobiledetail.shop/,2,custom/unknown,unknown,0,has website,337,false,ChIJIRwrhzF71oYRWzoa6-QXIjg,4.7,42,
Tommy's Express® Car Wash,"4702 E 22nd St, Tucson, AZ 85711, USA",+1 520-209-1536,car_wash,broadway-corridor,https://maps.google.com/?q=Tommy%27s%20Express%C2%AE%20Car%20Wash%204702%20E%2022nd%20St%2C%20Tucson%2C%20AZ%2085711%2C%20USA,https://tommys-express.com/locations/az453/?utm_source=yext_gbp&utm_medium=listing-management&y_source=1_MTA4ODUyODQ2MC03MTUtbG9jYXRpb24ud2Vic2l0ZQ%3D%3D,2,,GoDaddy.com,0,has website,338,false,ChIJsen591Nv1oYRcuOoEDD17IY,4.2,168,
Mister Car Wash,"3150 E Grant Rd, Tucson, AZ 85716, USA",+1 520-881-1486,car_wash,broadway-corridor,https://maps.google.com/?q=Mister%20Car%20Wash%203150%20E%20Grant%20Rd%2C%20Tucson%2C%20AZ%2085716%2C%20USA,https://mistercarwash.com/store/e-grant/?utm_source=google&utm_medium=organic&utm_campaign=gbp,2,wordpress,Network Solutions,0,has website,339,false,ChIJ7-2ZHzdx1oYRAJejBhUIBrs,4.3,632,
Hurricane Car Wash,"909 E 22nd St, Tucson, AZ 85713, USA",+1 520-345-2648,car_wash,broadway-corridor,https://maps.google.com/?q=Hurricane%20Car%20Wash%20909%20E%2022nd%20St%2C%20Tucson%2C%20AZ%2085713%2C%20USA,https://dynamitecwc.com/hurricane-car-wash/,2,custom/unknown,GoDaddy.com,0,has website,340,false,ChIJpVvhZPRw1oYRr91Q6OGoZBs,3,178,
Mister Car Wash,"730 E Broadway Blvd, Tucson, AZ 85719, USA",+1 520-623-2923,car_wash,broadway-corridor,https://maps.google.com/?q=Mister%20Car%20Wash%20730%20E%20Broadway%20Blvd%2C%20Tucson%2C%20AZ%2085719%2C%20USA,https://mistercarwash.com/store/euclid/?utm_source=google&utm_medium=organic&utm_campaign=gbp,2,wordpress,Network Solutions,0,has website,341,false,ChIJZVdUZYFx1oYRKOn4M-v7n7k,4.4,371,
Maggie's Professional cleaning and organizing Services,"3660 E 3rd St Apt C20, Tucson, AZ 85716, USA",+1 520-910-4509,laundry,broadway-corridor,https://maps.google.com/?q=Maggie%27s%20Professional%20cleaning%20and%20organizing%20Services%203660%20E%203rd%20St%20Apt%20C20%2C%20Tucson%2C%20AZ%2085716%2C%20USA,,1,,,0,no website,343,false,ChIJBbYdWepx1oYRr_-9_mczU18,,,maggiesprofessionalcleaningandorganizingservices.com; maggiesprofessionalcleaningandorganizingservicestucson.com
Jani-King Commercial Cleaning of Tucson,"2525 E Broadway Blvd UNIT 105, Tucson, AZ 85716, USA",+1 520-745-6555,laundry,broadway-corridor,https://maps.google.com/?q=Jani-King%20Commercial%20Cleaning%20of%20Tucson%202525%20E%20Broadway%20Blvd%20UNIT%20105%2C%20Tucson%2C%20AZ%2085716%2C%20USA,https://www.janiking.com/commercial-cleaning/tucson/,2,wordpress,eNom,0,has website,344,false,ChIJrz7ZyM1x1oYRtd7HZSvvuzM,4.2,18,
Tucson Carpet & Tile Cleaning,"520 S Irving Ave, Tucson, AZ 85711, USA",,laundry,broadway-corridor,https://maps.google.com/?q=Tucson%20Carpet%20%26%20Tile%20Cleaning%20520%20S%20Irving%20Ave%2C%20Tucson%2C%20AZ%2085711%2C%20USA,,1,,,0,no website,345,false,ChIJJ90jNiBw1oYRp5CPLyvFNp8,,,tucsoncarpettilecleaning.com; tucsoncarpettilecleaningtucson.com
Sparkle Cleaners - Tucson,"2449 E 6th St, Tucson, AZ 85719, USA",+1 520-277-2721,laundry,broadway-corridor,https://maps.google.com/?q=Sparkle%20Cleaners%20-%20Tucson%202449%20E%206th%20St%2C%20Tucson%2C%20AZ%2085719%2C%20USA,https://www.sparklecleaners.com/,2,custom/unknown,Network Solutions,0,has website,346,false,ChIJVUTZ2Exw1oYRJwAG6-01zxM,4.8,1290,
Fibercare,"3819 S. Evan Blvd #303, Tucson, AZ 85713, USA",+1 520-881-1180,laundry,broadway-corridor,https://maps.google.com/?q=Fibercare%203819%20S.%20Evan%20Blvd%20%23303%2C%20Tucson%2C%20AZ%2085713%2C%20USA,http://fibercare.com/,2,custom/unknown,Network Solutions,0,has website,347,false,ChIJW0gLNBlw1oYR2CQ2mSdScag,1,1,
Tumblerama Laundromat,"3024 E 22nd St, Tucson, AZ 85713, USA",+1 520-335-9597,laundry,broadway-corridor,https://maps.google.com/?q=Tumblerama%20Laundromat%203024%20E%2022nd%20St%2C%20Tucson%2C%20AZ%2085713%2C%20USA,https://www.tumblerama.com/,2,custom/unknown,Network Solutions,0,has website,348,false,ChIJ4_1Rjztx1oYRXZLuyXJsnBY,4.5,18,
Tucson Commercial Cleaning Services,"2030 E Broadway Blvd #5, Tucson, AZ 85719, USA",+1 520-301-7733,laundry,broadway-corridor,https://maps.google.com/?q=Tucson%20Commercial%20Cleaning%20Services%202030%20E%20Broadway%20Blvd%20%235%2C%20Tucson%2C%20AZ%2085719%2C%20USA,https://commercialcleaningtucsonaz.com/,2,,GoDaddy.com,0,has website,349,false,ChIJCxvf589x1oYR5cgC9Cimdt8,5,10,
"WaveMAX Laundry Tucson, AZ","4054 E 22nd St, Tucson, AZ 85711, USA",+1 520-333-2053,laundry,broadway-corridor,https://maps.google.com/?q=WaveMAX%20Laundry%20Tucson%2C%20AZ%204054%20E%2022nd%20St%2C%20Tucson%2C%20AZ%2085711%2C%20USA,https://www.wavemaxlaundry.com/tucson-az/,2,,GoDaddy.com,0,has website,350,false,ChIJSyxxFv5x1oYRb5gNXNqhA-Y,4.8,245,
mavericks cool cat carpet cleaning,"4618 E Cooper St, Tucson, AZ 85711, USA",+1 520-395-5658,laundry,broadway-corridor,https://maps.google.com/?q=mavericks%20cool%20cat%20carpet%20cleaning%204618%20E%20Cooper%20St%2C%20Tucson%2C%20AZ%2085711%2C%20USA,https://www.maverickscoolcatcarpetcleaning.com/,2,,Wix.com Ltd.,0,has website,351,false,ChIJxXFyhppv1oYRHpNAix0n9Ms,5,21,
"J&C Carpet Specialists, LLC","3933 E 29th St Ste. #506, Tucson, AZ 85711, USA",+1 520-312-8708,laundry,broadway-corridor,https://maps.google.com/?q=J%26C%20Carpet%20Specialists%2C%20LLC%203933%20E%2029th%20St%20Ste.%20%23506%2C%20Tucson%2C%20AZ%2085711%2C%20USA,,1,,,0,no website,352,false,ChIJJ5Nsz2hx1oYReAwv4Eg1ExE,5,1,jccarpetspecialists.com; jccarpetspecialiststucson.com
Mike's Laundry,"1134 S Swan Rd, Tucson, AZ 85711, USA",+1 520-745-1434,laundry,broadway-corridor,https://maps.google.com/?q=Mike%27s%20Laundry%201134%20S%20Swan%20Rd%2C%20Tucson%2C%20AZ%2085711%2C%20USA,,1,,,0,no website,353,false,ChIJuS3LveVv1oYRUPZSDyyRo1w,4.2,312,mikeslaundry.com; mikeslaundrytucson.com
Linen Fresh Laundromat,"4669 E Speedway Blvd, Tucson, AZ 85712, USA",+1 520-526-2801,laundry,broadway-corridor,https://maps.google.com/?q=Linen%20Fresh%20Laundromat%204669%20E%20Speedway%20Blvd%2C%20Tucson%2C%20AZ%2085712%2C%20USA,https://linenfreshlaundry.com/laundromat/speedway/,2,custom/unknown,GoDaddy.com,0,has website,354,false,ChIJidxhPC1u1oYR75xwIx1VmsM,4.3,398,
UniFirst Uniform Services - Tucson,"3485 E Golf Links Rd, Tucson, AZ 85713, USA",+1 866-458-3295,laundry,broadway-corridor,https://maps.google.com/?q=UniFirst%20Uniform%20Services%20-%20Tucson%203485%20E%20Golf%20Links%20Rd%2C%20Tucson%2C%20AZ%2085713%2C%20USA,https://unifirst.com/contact/locations/az/tucson/?utm_source=local-gbp&utm_medium=organic&utm_campaign=TucsonAz,2,wordpress,Network Solutions,0,has website,355,false,ChIJyRuPIQlw1oYR1C4Xt6XRYmc,3.9,35,
Cool Cat Laundry,"1108 E 6th St, Tucson, AZ 85719, USA",+1 520-272-7351,laundry,broadway-corridor,https://maps.google.com/?q=Cool%20Cat%20Laundry%201108%20E%206th%20St%2C%20Tucson%2C%20AZ%2085719%2C%20USA,,1,,,0,no website,356,false,ChIJedeXuQFx1oYRLw3LzDkKtfo,4,131,coolcatlaundry.com; coolcatlaundrytucson.com
Maytag,"4881 E Speedway Blvd, Tucson, AZ 85712, USA",,laundry,broadway-corridor,https://maps.google.com/?q=Maytag%204881%20E%20Speedway%20Blvd%2C%20Tucson%2C%20AZ%2085712%2C%20USA,,1,,,0,no website,357,false,ChIJYRPxL81v1oYRj2P0z1bAzsw,,,maytagtucson.com; maytagaz.com
Mission Linen and Uniform Service,"301 S Park Ave, Tucson, AZ 85719, USA",+1 520-622-4811,laundry,broadway-corridor,https://maps.google.com/?q=Mission%20Linen%20and%20Uniform%20Service%20301%20S%20Park%20Ave%2C%20Tucson%2C%20AZ%2085719%2C%20USA,http://www.missionlinen.com/,2,wordpress,Network Solutions,0,has website,358,false,ChIJ9V6CY_lw1oYRYsbCTY88ahY,4.2,13,
Northgate Laundromat & Cleaners,"3993 E Grant Rd, Tucson, AZ 85712, USA",+1 520-881-5587,laundry,broadway-corridor,https://maps.google.com/?q=Northgate%20Laundromat%20%26%20Cleaners%203993%20E%20Grant%20Rd%2C%20Tucson%2C%20AZ%2085712%2C%20USA,,1,,,0,no website,359,false,ChIJjUPdtt5x1oYRbtq8bj0_lg8,4.3,308,northgatelaundromatcleaners.com; northgatelaundromatcleanerstucson.com
SERVPRO of Northeast Tucson and SERVPRO of Oro Valley / Marana East,"5151 E Broadway Blvd Suite 1600, Tucson, AZ 85711, USA",+1 520-760-9352,laundry,broadway-corridor,https://maps.google.com/?q=SERVPRO%20of%20Northeast%20Tucson%20and%20SERVPRO%20of%20Oro%20Valley%20/%20Marana%20East%205151%20E%20Broadway%20Blvd%20Suite%201600%2C%20Tucson%2C%20AZ%2085711%2C%20USA,https://www.servpro.com/locations/az/servpro-of-northeast-tucson-and-servpro-of-oro-valley-marana-east?utm_medium=organic&utm_source=gbp,2,custom/unknown,CSC Corporate Domains,0,has website,360,false,ChIJ27DPNUFv1oYRnSLE4ezIguU,4.9,553,
Steamy Clean,"3804 E 38th St, Tucson, AZ 85713, USA",+1 520-729-0375,laundry,broadway-corridor,https://maps.google.com/?q=Steamy%20Clean%203804%20E%2038th%20St%2C%20Tucson%2C%20AZ%2085713%2C%20USA,http://steamyclean.net/,2,,unregistered,0,has website,361,false,ChIJl1zweQdw1oYRecs6xFQz7u0,3,1,
Fiesta Lavandería,"2748 N Country Club Rd, Tucson, AZ 85716, USA",,laundry,broadway-corridor,https://maps.google.com/?q=Fiesta%20Lavander%C3%ADa%202748%20N%20Country%20Club%20Rd%2C%20Tucson%2C%20AZ%2085716%2C%20USA,http://fiesta-lavanderia.poi.place/,2,custom/unknown,unknown,0,has website,362,false,ChIJCz5NTetx1oYRm_1spEl6BeI,3.7,156,
Minute Key,"3435 E Broadway Blvd, Tucson, AZ 85716, USA",+1 805-472-6062,locksmith,broadway-corridor,https://maps.google.com/?q=Minute%20Key%203435%20E%20Broadway%20Blvd%2C%20Tucson%2C%20AZ%2085716%2C%20USA,,1,,,0,no website,363,false,ChIJXU2Nwj1x1oYRO0L5YrK4BtU,,,minutekeytucson.com; minutekeyaz.com
Minute Key,"3689 E Broadway Blvd, Tucson, AZ 85716, USA",+1 805-472-6062,locksmith,broadway-corridor,https://maps.google.com/?q=Minute%20Key%203689%20E%20Broadway%20Blvd%2C%20Tucson%2C%20AZ%2085716%2C%20USA,https://www.minutekey.com/key-services/arizona/tucson/locksmith-key-copy-duplication-3689-e-broadway-blvd/33014/,2,custom/unknown,Amazon Registrar,0,has website,365,false,ChIJMU-_M01x1oYRWP1A-qR8BPs,,,
Tucson Locksmith Experts,"2030 E Broadway Blvd Suite 9, Tucson, AZ 85719, USA",+1 520-595-5533,locksmith,broadway-corridor,https://maps.google.com/?q=Tucson%20Locksmith%20Experts%202030%20E%20Broadway%20Blvd%20Suite%209%2C%20Tucson%2C%20AZ%2085719%2C%20USA,https://tucson-locksmith-experts.com/,2,wordpress,Cloudflare,0,has website,366,false,ChIJR1iFo1Fw1oYRmc3WK8-uEG0,5,95,
Wainwrights Inc,"2045 E 15th St, Tucson, AZ 85719, USA",+1 520-622-7102,locksmith,broadway-corridor,https://maps.google.com/?q=Wainwrights%20Inc%202045%20E%2015th%20St%2C%20Tucson%2C%20AZ%2085719%2C%20USA,http://www.wainwrightsinc.net/,2,custom/unknown,Tucows Domains Inc.,0,has website,367,false,ChIJB11ujlpw1oYR-12Ch3-FtCY,4.7,60,
KeyMe Locksmiths,"4150 E 22nd St, Tucson, AZ 85711, USA",+1 520-502-5221,locksmith,broadway-corridor,https://maps.google.com/?q=KeyMe%20Locksmiths%204150%20E%2022nd%20St%2C%20Tucson%2C%20AZ%2085711%2C%20USA,https://key.me/kiosks/arizona/tucson/tucson/locksmith-copy-keys-tucson-fry-s-85711-arizona,2,,GoDaddy.com,0,has website,368,false,ChIJN1lgO0Fx1oYR2Wr5-giJFWo,4.5,8,
Or Locksmith,"4625 E Broadway Blvd suite 102, Tucson, AZ 85711, USA",+1 520-525-2101,locksmith,broadway-corridor,https://maps.google.com/?q=Or%20Locksmith%204625%20E%20Broadway%20Blvd%20suite%20102%2C%20Tucson%2C%20AZ%2085711%2C%20USA,https://locksmithtucson.us/,2,,NameCheap,0,has website,369,false,ChIJYf14PAJv1oYRPXG2As8ey4Q,4.9,405,
Roadrunner Lock & Safe,"5001 E Speedway Blvd, Tucson, AZ 85712, USA",+1 520-326-5111,locksmith,broadway-corridor,https://maps.google.com/?q=Roadrunner%20Lock%20%26%20Safe%205001%20E%20Speedway%20Blvd%2C%20Tucson%2C%20AZ%2085712%2C%20USA,http://www.roadrunnerlock.com/,2,squarespace,Tucows Domains Inc.,0,has website,370,false,ChIJ_____-tv1oYRhYP8ou5eHT0,4.6,231,
KeyMe Locksmiths,"1001 E Speedway Blvd, Tucson, AZ 85719, USA",+1 520-217-7986,locksmith,broadway-corridor,https://maps.google.com/?q=KeyMe%20Locksmiths%201001%20E%20Speedway%20Blvd%2C%20Tucson%2C%20AZ%2085719%2C%20USA,https://key.me/kiosks/arizona/tucson/tucson/key-copy-tucson-arizona,2,,GoDaddy.com,0,has website,372,false,ChIJZyU6p6px1oYRNcW0ncxIe60,3.8,8,
"Locksmith Near Me, LLC","5315 E Broadway Blvd Suite #210, Tucson, AZ 85711, USA",+1 520-214-5315,locksmith,broadway-corridor,https://maps.google.com/?q=Locksmith%20Near%20Me%2C%20LLC%205315%20E%20Broadway%20Blvd%20Suite%20%23210%2C%20Tucson%2C%20AZ%2085711%2C%20USA,http://locksmith-near-me-tucson-az.com/,2,custom/unknown,Cloudflare,0,has website,373,false,ChIJi2rFUL9v1oYRzdqFgXrq-V0,4.8,590,
Desi Mall Indian Clothing Tucson,"4444 E Grant Rd unit 118, Tucson, AZ 85712, USA",+1 520-406-7071,tailor,broadway-corridor,https://maps.google.com/?q=Desi%20Mall%20Indian%20Clothing%20Tucson%204444%20E%20Grant%20Rd%20unit%20118%2C%20Tucson%2C%20AZ%2085712%2C%20USA,https://desi-mall-clothing.desimalltucson.com/,2,custom php,unregistered,0,has website,374,false,ChIJbYbgz9Jv1oYRwK2BfwZZ424,4.1,58,
All Things Dog,"Tucson, AZ 85712, USA",,pet_store,broadway-corridor,https://maps.google.com/?q=All%20Things%20Dog%20Tucson%2C%20AZ%2085712%2C%20USA,,1,,,0,no website,375,false,ChIJV57BTs1v1oYRSjTHRinwbNo,5,1,allthingsdogtucson.com; allthingsdogaz.com
Desert Pet,"4810 E 22nd St, Tucson, AZ 85711, USA",+1 520-745-5158,pet_store,broadway-corridor,https://maps.google.com/?q=Desert%20Pet%204810%20E%2022nd%20St%2C%20Tucson%2C%20AZ%2085711%2C%20USA,https://www.desertpet.com/,2,,Squarespace Domains II LLC,0,has website,376,false,ChIJW2nPmO9v1oYRwX-S33jSqbo,4.5,1312,
Super Paw Pack,"5151 E Broadway Blvd, Tucson, AZ 85711, USA",+1 520-589-8440,pet_store,broadway-corridor,https://maps.google.com/?q=Super%20Paw%20Pack%205151%20E%20Broadway%20Blvd%2C%20Tucson%2C%20AZ%2085711%2C%20USA,https://superpawpack.com/,2,wordpress,Name.com,0,has website,377,false,ChIJQQJSCgRv1oYRVtkp8PoPedI,3.6,5,
