business_name,address,phone,category,neighborhood,google_maps_url,website_url,quality_score,platform,registrar,est_monthly_cost,pain_points,priority_rank,outreach_doc_ready,place_id,rating,user_ratings_total,domain_suggestions
Mosaic Cafe Dos,"7350 N La Cholla Blvd # 108, Tucson, AZ 85741, USA",+1 520-297-8470,restaurant,casas-adobes,https://maps.google.com/?q=Mosaic%20Cafe%20Dos%207350%20N%20La%20Cholla%20Blvd%20%23%20108%2C%20Tucson%2C%20AZ%2085741%2C%20USA,http://mosaiccafedos.com/,2,wix,Wix.com Ltd.,0,has website,1,false,ChIJay-3jrF01oYRdBmNM8g-Ml0,4.3,675,
Pappoule's,"7475 N La Cholla Blvd, Tucson, AZ 85741, USA",+1 520-544-5551,restaurant,casas-adobes,https://maps.google.com/?q=Pappoule%27s%207475%20N%20La%20Cholla%20Blvd%2C%20Tucson%2C%20AZ%2085741%2C%20USA,http://www.pappoules.com/,2,custom/unknown,GoDaddy.com,0,has website,4,false,ChIJUz4Lr7N01oYRYi9ABVN9fcc,4.6,1757,
AZ Nightlife Vending,"2290 W Ina Rd, Tucson, AZ 85741, USA",,restaurant,casas-adobes,https://maps.google.com/?q=AZ%20Nightlife%20Vending%202290%20W%20Ina%20Rd%2C%20Tucson%2C%20AZ%2085741%2C%20USA,,1,,,0,no website,5,false,ChIJgaYV6Wx11oYRf_qPCV9yASE,,,aznightlifevending.com; aznightlifevendingtucson.com
Whiskey Roads,"2290 W Ina Rd, Tucson, AZ 85741, USA",+1 520-219-0134,restaurant,casas-adobes,https://maps.google.com/?q=Whiskey%20Roads%202290%20W%20Ina%20Rd%2C%20Tucson%2C%20AZ%2085741%2C%20USA,http://www.whiskeyroadstucson.com/,2,custom/unknown,Network Solutions,0,has website,7,false,ChIJRaml18R11oYRF0cofS343UM,4.1,950,
Sushi Garden,"7475 N La Cholla Blvd Suite 422, Tucson, AZ 85741, USA",+1 520-877-8744,restaurant,casas-adobes,https://maps.google.com/?q=Sushi%20Garden%207475%20N%20La%20Cholla%20Blvd%20Suite%20422%2C%20Tucson%2C%20AZ%2085741%2C%20USA,https://sushigarden.com/,2,wordpress,GoDaddy.com,0,has website,8,false,ChIJsZBm6LN01oYRML6QTTf65xQ,4,879,
The Ramen Bar,"7555 N La Cholla Blvd Suite #135, Tucson, AZ 85741, USA",+1 520-310-4960,restaurant,casas-adobes,https://maps.google.com/?q=The%20Ramen%20Bar%207555%20N%20La%20Cholla%20Blvd%20Suite%20%23135%2C%20Tucson%2C%20AZ%2085741%2C%20USA,https://www.ramenbartucson.com/,2,wix,IONOS SE,0,has website,9,false,ChIJga6Rtul11oYRuaIyTjzfJfY,4.3,85,
Wetzel's Pretzels,"7635 N La Cholla Blvd, Tucson, AZ 85741, USA",+1 602-810-3482,restaurant,casas-adobes,https://maps.google.com/?q=Wetzel%27s%20Pretzels%207635%20N%20La%20Cholla%20Blvd%2C%20Tucson%2C%20AZ%2085741%2C%20USA,https://www.wetzels.com/,2,custom/unknown,Amazon Registrar,0,has website,13,false,ChIJjbcCIBB11oYRi60h5tRDjtQ,3.2,15,
Ni's Asian Bistro & Sushi Bar,"7665 N La Cholla Blvd, Tucson, AZ 85741, USA",+1 520-297-9480,restaurant,casas-adobes,https://maps.google.com/?q=Ni%27s%20Asian%20Bistro%20%26%20Sushi%20Bar%207665%20N%20La%20Cholla%20Blvd%2C%20Tucson%2C%20AZ%2085741%2C%20USA,http://www.nisasianbistro.com/,2,,NameCheap,0,has website,15,false,ChIJleLjQwB11oYR6AMbRKpvv5g,4.4,273,
Villa Mexican Food,"2840 W Ina Rd Ste 104, Tucson, AZ 85741, USA",+1 520-544-0015,restaurant,casas-adobes,https://maps.google.com/?q=Villa%20Mexican%20Food%202840%20W%20Ina%20Rd%20Ste%20104%2C%20Tucson%2C%20AZ%2085741%2C%20USA,http://villamexicanfoodaz.com/,2,custom/unknown,GoDaddy.com,0,has website,17,false,ChIJY2EJBcx01oYROxrWlVYvD2o,4.4,456,
Issabelle's BD,"2850 W Ina Rd, Tucson, AZ 85741, USA",,restaurant,casas-adobes,https://maps.google.com/?q=Issabelle%27s%20BD%202850%20W%20Ina%20Rd%2C%20Tucson%2C%20AZ%2085741%2C%20USA,,1,,,0,no website,18,false,ChIJ33cX05d11oYRH8YtGAmSLjw,,,issabellesbd.com; issabellesbdtucson.com
Sgt. Pepperoni's Pizza,"2860 W Ina Rd, Tucson, AZ 85741, USA",+1 520-297-4425,restaurant,casas-adobes,https://maps.google.com/?q=Sgt.%20Pepperoni%27s%20Pizza%202860%20W%20Ina%20Rd%2C%20Tucson%2C%20AZ%2085741%2C%20USA,http://sgtpepperonispizzatucson.com/39322,2,custom/unknown,GoDaddy.com,0,has website,19,false,ChIJ8x2Qqc501oYRAw65tZfLcBs,4.5,278,
Einstein Bros. Bagels,"2912 W Ina Rd Ste 100, Tucson, AZ 85741, USA",+1 520-742-4584,restaurant,casas-adobes,https://maps.google.com/?q=Einstein%20Bros.%20Bagels%202912%20W%20Ina%20Rd%20Ste%20100%2C%20Tucson%2C%20AZ%2085741%2C%20USA,https://locations.einsteinbros.com/us/az/tucson/2912-w-ina-rd?y_source=1_OTA0OTgxMi03MTUtbG9jYXRpb24ud2Vic2l0ZQ%3D%3D,2,wordpress,unregistered,0,has website,20,false,ChIJIfRYJMx01oYRrEmwOSuUf1I,4.1,599,
Rosati's Pizza,"2944 W Ina Rd, Tucson, AZ 85741, USA",+1 520-531-1100,bar,casas-adobes,https://maps.google.com/?q=Rosati%27s%20Pizza%202944%20W%20Ina%20Rd%2C%20Tucson%2C%20AZ%2085741%2C%20USA,http://myrosatis.com/tucsonina,2,wordpress,NameCheap,0,has website,21,false,ChIJNU0gKcx01oYRRet28G106zI,4.3,1004,
Grumpy's Grill,"2960 W Ina Rd, Tucson, AZ 85741, USA",+1 520-297-5452,bar,casas-adobes,https://maps.google.com/?q=Grumpy%27s%20Grill%202960%20W%20Ina%20Rd%2C%20Tucson%2C%20AZ%2085741%2C%20USA,http://www.grumpysgrill.com/,2,wix,GoDaddy.com,0,has website,22,false,ChIJ81CpLMx01oYRzGWuPb6X3DA,4.5,2170,
Bob's Steak & Chop House,"2727 W Club Dr, Tucson, AZ 85742, USA",+1 520-877-2377,bar,casas-adobes,https://maps.google.com/?q=Bob%27s%20Steak%20%26%20Chop%20House%202727%20W%20Club%20Dr%2C%20Tucson%2C%20AZ%2085742%2C%20USA,https://bobs-steakandchop.com/tucson/?utm_source=gmblisting&utm_medium=organic,2,custom/unknown,Cloudflare,0,has website,23,false,ChIJBcQZkjgL1oYRf6vro2A6WJQ,4.5,397,
The Peak,"2727 W Club Dr, Tucson, AZ 85742, USA",+1 520-877-2377,bar,casas-adobes,https://maps.google.com/?q=The%20Peak%202727%20W%20Club%20Dr%2C%20Tucson%2C%20AZ%2085742%2C%20USA,https://www.omnihotels.com/hotels/tucson-national/dining/the-peak?utm_source=gmblisting&utm_medium=organic,2,custom/unknown,Cloudflare,0,has website,24,false,ChIJdyK3dNML1oYROuglfMzIzxA,5,2,
Legends Bar & Grill,"2727 W Club Dr, Tucson, AZ 85742, USA",+1 520-877-2378,bar,casas-adobes,https://maps.google.com/?q=Legends%20Bar%20%26%20Grill%202727%20W%20Club%20Dr%2C%20Tucson%2C%20AZ%2085742%2C%20USA,https://www.omnihotels.com/hotels/tucson-national/dining/legends?utm_source=gmblisting&utm_medium=organic,2,custom/unknown,Cloudflare,0,has website,25,false,ChIJyUemITkL1oYRrQlZMwa-tZY,4.2,150,
Cold Beers & Cheeseburgers,"7315 N Oracle Rd Suite 141, Tucson, AZ 85704, USA",+1 520-476-4206,bar,casas-adobes,https://maps.google.com/?q=Cold%20Beers%20%26%20Cheeseburgers%207315%20N%20Oracle%20Rd%20Suite%20141%2C%20Tucson%2C%20AZ%2085704%2C%20USA,https://www.coldbeers.com/cheeseburgers/oro-valley/,2,wordpress,GoDaddy.com,0,has website,26,false,ChIJmZ34SHZz1oYRRJidfZMpW_M,3.9,831,
"Snooze, an A.M. Eatery","7315 N Oracle Rd Suite 161, Tucson, AZ 85704, USA",+1 520-605-2350,bar,casas-adobes,https://maps.google.com/?q=Snooze%2C%20an%20A.M.%20Eatery%207315%20N%20Oracle%20Rd%20Suite%20161%2C%20Tucson%2C%20AZ%2085704%2C%20USA,https://www.snoozeeatery.com/restaurant/arizona/tucson-foothills/?utm_source=Google&utm_medium=BusinessListing,2,custom/unknown,Tucows Domains Inc.,0,has website,27,false,ChIJq9OMUERz1oYR67ADI1MX6d4,4.5,706,
Sauce Pizza & Wine,"7117 N Oracle Rd, Tucson, AZ 85704, USA",+1 520-297-8575,bar,casas-adobes,https://maps.google.com/?q=Sauce%20Pizza%20%26%20Wine%207117%20N%20Oracle%20Rd%2C%20Tucson%2C%20AZ%2085704%2C%20USA,http://www.saucepizzaandwine.com/,2,wordpress,GoDaddy.com,0,has website,28,false,ChIJE3K4Aatv1oYRBVSaqOGg9YE,4.3,835,
Wildflower,"7037 N Oracle Rd, Tucson, AZ 85704, USA",+1 520-219-4230,bar,casas-adobes,https://maps.google.com/?q=Wildflower%207037%20N%20Oracle%20Rd%2C%20Tucson%2C%20AZ%2085704%2C%20USA,https://www.wildflowertucson.com/locations/tucson-az/?utm_source=Google&utm_medium=Organic&utm_campaign=Maps,2,,GoDaddy.com,0,has website,29,false,ChIJTUeNKkFz1oYRPESAnTPRUV8,4.6,1839,
Monsoons Tap & Grill,"6781 N Thornydale Rd #261, Tucson, AZ 85741, USA",+1 520-219-0301,bar,casas-adobes,https://maps.google.com/?q=Monsoons%20Tap%20%26%20Grill%206781%20N%20Thornydale%20Rd%20%23261%2C%20Tucson%2C%20AZ%2085741%2C%20USA,http://www.monsoonstapandgrill.com/,2,custom/unknown,GoDaddy.com,0,has website,30,false,ChIJ2QhbAyh11oYRVK2ZtQxEWLE,4.5,1022,
Tap & Bottle,"7254 N Oracle Rd, Tucson, AZ 85704, USA",+1 520-268-8725,bar,casas-adobes,https://maps.google.com/?q=Tap%20%26%20Bottle%207254%20N%20Oracle%20Rd%2C%20Tucson%2C%20AZ%2085704%2C%20USA,http://www.thetapandbottle.com/,2,squarespace,Squarespace Domains LLC,0,has website,31,false,ChIJVVUupkdz1oYRHZHrlp7VUmQ,4.7,599,
HUMO COCINA MEXICANA,"6671 N Thornydale Rd, Tucson, AZ 85741, USA",+1 520-333-2571,bar,casas-adobes,https://maps.google.com/?q=HUMO%20COCINA%20MEXICANA%206671%20N%20Thornydale%20Rd%2C%20Tucson%2C%20AZ%2085741%2C%20USA,https://humotucson.com/?utm_source=google,2,custom/unknown,GoDaddy.com,0,has website,32,false,ChIJfWgLtLN11oYRuh5wPWa5df4,4.8,1324,
Carrabba's Italian Grill,"7635 N Oracle Rd, Oro Valley, AZ 85737, USA",+1 520-742-7442,bar,casas-adobes,https://maps.google.com/?q=Carrabba%27s%20Italian%20Grill%207635%20N%20Oracle%20Rd%2C%20Oro%20Valley%2C%20AZ%2085737%2C%20USA,https://locations.carrabbas.com/arizona/oro-valley/7635-n-oracle-road?y_source=1_MTU1MDI5NjgtNzE1LWxvY2F0aW9uLndlYnNpdGU%3D,2,custom/unknown,unregistered,0,has website,33,false,ChIJTyogiElz1oYRmp3zol8DFgw,4.3,1432,
El Charro Café Oro Valley,"7725 N Oracle Rd #101, Tucson, AZ 85704, USA",+1 520-229-1922,bar,casas-adobes,https://maps.google.com/?q=El%20Charro%20Caf%C3%A9%20Oro%20Valley%207725%20N%20Oracle%20Rd%20%23101%2C%20Tucson%2C%20AZ%2085704%2C%20USA,http://www.elcharrocafe.com/,2,wordpress,GoDaddy.com,0,has website,34,false,ChIJGU1UP0pz1oYR2SNxDPJLtM4,4.3,1997,
Caps & Corks,"3830 W River Rd #100, Tucson, AZ 85741, USA",+1 520-441-9943,bar,casas-adobes,https://maps.google.com/?q=Caps%20%26%20Corks%203830%20W%20River%20Rd%20%23100%2C%20Tucson%2C%20AZ%2085741%2C%20USA,http://www.capsandcorksaz.com/,2,squarespace,Squarespace Domains LLC,0,has website,35,false,ChIJAQBAqd901oYRuCLMYZHMdd4,4.8,315,
Barnfire Mesquite Grill,"8310 N Thornydale Rd, Tucson, AZ 85741, USA",+1 520-572-5968,bar,casas-adobes,https://maps.google.com/?q=Barnfire%20Mesquite%20Grill%208310%20N%20Thornydale%20Rd%2C%20Tucson%2C%20AZ%2085741%2C%20USA,http://barnfiremesquitegrill.com/,2,custom/unknown,GoDaddy.com,0,has website,36,false,ChIJ_XmLoiAL1oYRHXgjDKpZ_lw,4,1189,
Barnes & Noble,"7325 N La Cholla Blvd Suite 100, Tucson, AZ 85741, USA",+1 520-742-6402,cafe,casas-adobes,https://maps.google.com/?q=Barnes%20%26%20Noble%207325%20N%20La%20Cholla%20Blvd%20Suite%20100%2C%20Tucson%2C%20AZ%2085741%2C%20USA,https://stores.barnesandnoble.com/store/2804,2,custom/unknown,unregistered,0,has website,37,false,ChIJaT--wbN01oYRmoWIuc1ioaw,4.6,2148,
Chocolate Iguana,"7250 N La Cholla Blvd #194, Tucson, AZ 85741, USA",+1 520-222-6349,cafe,casas-adobes,https://maps.google.com/?q=Chocolate%20Iguana%207250%20N%20La%20Cholla%20Blvd%20%23194%2C%20Tucson%2C%20AZ%2085741%2C%20USA,,1,,,0,no website,38,false,ChIJsxdLs8d11oYRt1faaanfwuU,4.5,57,chocolateiguanatucson.com; chocolateiguanaaz.com
Bing's Boba Tea,"2040 W Orange Grove Rd #104, Tucson, AZ 85704, USA",+1 520-288-8220,cafe,casas-adobes,https://maps.google.com/?q=Bing%27s%20Boba%20Tea%202040%20W%20Orange%20Grove%20Rd%20%23104%2C%20Tucson%2C%20AZ%2085704%2C%20USA,http://bingsbobatea.com/,2,wix,GoDaddy.com,0,has website,40,false,ChIJNwhP75d01oYRpIAHIYIw8u0,4.5,459,
Banhdicted,"1980 W Orange Grove Rd #180, Tucson, AZ 85704, USA",+1 520-389-8128,cafe,casas-adobes,https://maps.google.com/?q=Banhdicted%201980%20W%20Orange%20Grove%20Rd%20%23180%2C%20Tucson%2C%20AZ%2085704%2C%20USA,http://www.banhdicted.com/,2,custom/unknown,GoDaddy.com,0,has website,41,false,ChIJXQWKfqZ11oYRFYBcWbPOqeg,4.7,521,
Terra Cotta Cafe,"2727 W Club Dr, Tucson, AZ 85742, USA",+1 520-877-2377,cafe,casas-adobes,https://maps.google.com/?q=Terra%20Cotta%20Cafe%202727%20W%20Club%20Dr%2C%20Tucson%2C%20AZ%2085742%2C%20USA,https://www.omnihotels.com/hotels/tucson-national/dining/terra-cotta-cafe?utm_source=gmblisting&utm_medium=organic,2,custom/unknown,Cloudflare,0,has website,43,false,ChIJ-V4mpCYL1oYRhkkJUVQJxJ8,4.3,6,
Gallery cafe,"2001 W Rudasill Rd, Tucson, AZ 85704, USA",,cafe,casas-adobes,https://maps.google.com/?q=Gallery%20cafe%202001%20W%20Rudasill%20Rd%2C%20Tucson%2C%20AZ%2085704%2C%20USA,,1,,,0,no website,44,false,ChIJqc82awB11oYR88mwk20qC-o,,,gallerycafetucson.com; gallerycafeaz.com
Crema Coffee,"3725 W Ina Rd #120, Tucson, AZ 85741, USA",+1 520-389-8848,cafe,casas-adobes,https://maps.google.com/?q=Crema%20Coffee%203725%20W%20Ina%20Rd%20%23120%2C%20Tucson%2C%20AZ%2085741%2C%20USA,http://cremacoffeeaz.com/,2,squarespace,Tucows Domains Inc.,0,has website,45,false,ChIJG3_WAc911oYRAAlHkbEDZLc,4.6,340,
WFM Coffee & Juice Bar,"7133 N Oracle Rd, Tucson, AZ 85704, USA",+1 520-297-5394,cafe,casas-adobes,https://maps.google.com/?q=WFM%20Coffee%20%26%20Juice%20Bar%207133%20N%20Oracle%20Rd%2C%20Tucson%2C%20AZ%2085704%2C%20USA,http://www.wholefoodsmarket.com/stores/oracle?utm_source=google&utm_medium=organic&utm_campaign=listings,2,,Nom-iq Ltd. dba COM LAUDE,0,has website,48,false,ChIJRfvs2EZz1oYRuJfn4EmcarY,4,27,
Beyond Bread,"421 W Ina Rd, Tucson, AZ 85704, USA",+1 520-461-1111,cafe,casas-adobes,https://maps.google.com/?q=Beyond%20Bread%20421%20W%20Ina%20Rd%2C%20Tucson%2C%20AZ%2085704%2C%20USA,http://www.beyondbread.com/,2,custom/unknown,Tucows Domains Inc.,0,has website,52,false,ChIJFerXOUdz1oYRxttnlEP0CgE,4.4,1365,
Vitality Bowls,"7090 N Oracle Rd #120, Tucson, AZ 85704, USA",+1 520-441-9511,cafe,casas-adobes,https://maps.google.com/?q=Vitality%20Bowls%207090%20N%20Oracle%20Rd%20%23120%2C%20Tucson%2C%20AZ%2085704%2C%20USA,https://vitalitybowls.com/locations/tucson-oracle-acai-bowls/?utm_source=google&utm_medium=gmb&utm_campaign=gmbweblink,2,wordpress,GoDaddy.com,0,has website,53,false,ChIJY8fWCDNz1oYRJV6ddhYlozs,4.5,35,
Albertsons,"7300 N La Cholla Blvd, Tucson, AZ 85741, USA",+1 520-575-0993,bakery,casas-adobes,https://maps.google.com/?q=Albertsons%207300%20N%20La%20Cholla%20Blvd%2C%20Tucson%2C%20AZ%2085741%2C%20USA,https://local.albertsons.com/az/tucson/7300-n-la-cholla-blvd.html,2,custom/unknown,unregistered,0,has website,54,false,ChIJyTgR6rF01oYRvNXPaNQ96Ds,4.4,764,
Baskin-Robbins,"7555 N La Cholla Blvd, Tucson, AZ 85741, USA",+1 520-531-9198,bakery,casas-adobes,https://maps.google.com/?q=Baskin-Robbins%207555%20N%20La%20Cholla%20Blvd%2C%20Tucson%2C%20AZ%2085741%2C%20USA,https://locations.baskinrobbins.com/az/tucson/7555-n-la-cholla-blvd?utm_source=google&utm_medium=organic&utm_campaign=Yext,2,custom/unknown,unregistered,0,has website,55,false,ChIJYUOiWrB01oYRIa6LwfX-z2w,4.1,193,
Her Elegant Design,"2409 W Monet Way, Tucson, AZ 85741, USA",+1 520-260-6501,bakery,casas-adobes,https://maps.google.com/?q=Her%20Elegant%20Design%202409%20W%20Monet%20Way%2C%20Tucson%2C%20AZ%2085741%2C%20USA,https://herelegantdesign.com/,2,custom/unknown,GoDaddy.com,0,has website,58,false,ChIJC0mEUJh11oYRiFgzvPreDTM,4.9,21,
Fry's,"3770 W Ina Rd, Tucson, AZ 85741, USA",+1 520-744-2472,bakery,casas-adobes,https://maps.google.com/?q=Fry%27s%203770%20W%20Ina%20Rd%2C%20Tucson%2C%20AZ%2085741%2C%20USA,https://www.frysfood.com/stores/grocery/az/tucson/ina-thornydale/660/00036?cid=loc_66000036_gmb,2,,Network Solutions,0,has website,59,false,ChIJ0RWpXtV01oYRQHFbjLBiRpk,4.2,1511,
Briar & Main®️-the patisserie,"7229 N Thornydale Rd Ste #113A, Tucson, AZ 85741, USA",+1 520-261-9496,bakery,casas-adobes,https://maps.google.com/?q=Briar%20%26%20Main%C2%AE%EF%B8%8F-the%20patisserie%207229%20N%20Thornydale%20Rd%20Ste%20%23113A%2C%20Tucson%2C%20AZ%2085741%2C%20USA,https://www.briarandmainpatisserie.com/,2,shopify,Domain.com - Network Solutions,0,has website,60,false,ChIJW_JXDmh4xiURyx1U8ODvcQA,5,5,
Nothing Bundt Cakes,"7278 N Oracle Rd, Tucson, AZ 85704, USA",+1 520-742-4072,bakery,casas-adobes,https://maps.google.com/?q=Nothing%20Bundt%20Cakes%207278%20N%20Oracle%20Rd%2C%20Tucson%2C%20AZ%2085704%2C%20USA,https://www.nothingbundtcakes.com/find-a-bakery/az/tucson/bakery-164.html?utm_source=gbplisting&utm_medium=organic&utm_campaign=164_website_link,2,custom/unknown,GoDaddy.com,0,has website,62,false,ChIJHc6HrUdz1oYRV-7DS_Tlqwk,4.4,150,
Crumbl,"7805 N Oracle Rd Ste 151, Oro Valley, AZ 85704, USA",+1 520-355-3848,bakery,casas-adobes,https://maps.google.com/?q=Crumbl%207805%20N%20Oracle%20Rd%20Ste%20151%2C%20Oro%20Valley%2C%20AZ%2085704%2C%20USA,https://crumblcookies.com/stores/az/tucson-area/azorovalley?utm_source=google+business&utm_medium=profile&utm_campaign=CRUMBL-US+%7C+GOOGLE+BUSINESS+%7C+STORE+PAGE+%7C+ONGOING+%7C+CONSIDERATION+%7C+PROFILE,2,custom/unknown,GoDaddy.com,0,has website,65,false,ChIJ8f_MFv9z1oYRnzrjZAEMES0,4.7,1610,
Village Bakehouse,"7882 N Oracle Rd, Tucson, AZ 85704, USA",+1 520-531-0977,bakery,casas-adobes,https://maps.google.com/?q=Village%20Bakehouse%207882%20N%20Oracle%20Rd%2C%20Tucson%2C%20AZ%2085704%2C%20USA,https://villagebakehouse.com/,2,custom php,GoDaddy.com,0,has website,69,false,ChIJYcHLh0pz1oYRikGeRd_eVOQ,4.6,921,
Pastry By Village,"7882 N Oracle Rd, Tucson, AZ 85704, USA",+1 520-389-5729,bakery,casas-adobes,https://maps.google.com/?q=Pastry%20By%20Village%207882%20N%20Oracle%20Rd%2C%20Tucson%2C%20AZ%2085704%2C%20USA,,1,,,0,no website,70,false,ChIJdaNM-bBz1oYRaPY9vYGb8qk,,,pastrybyvillage.com; pastrybyvillagetucson.com
Jade Garden Chinese Restaurant,"3720 W Ina Rd #106, Tucson, AZ 85741, USA",+1 520-744-2817,meal_delivery,casas-adobes,https://maps.google.com/?q=Jade%20Garden%20Chinese%20Restaurant%203720%20W%20Ina%20Rd%20%23106%2C%20Tucson%2C%20AZ%2085741%2C%20USA,https://www.jadegardenaz.com/,2,custom/unknown,Tucows Domains Inc.,0,has website,72,false,ChIJ_4qxddV01oYRT25bgjpuzHo,4.1,486,
Dickey's Barbecue Pit,"7077 N Thornydale Rd, Tucson, AZ 85741, USA",+1 520-638-8030,meal_delivery,casas-adobes,https://maps.google.com/?q=Dickey%27s%20Barbecue%20Pit%207077%20N%20Thornydale%20Rd%2C%20Tucson%2C%20AZ%2085741%2C%20USA,https://www.dickeys.com/locations/arizona/tucson/marana?utm_source=google&utm_campaign=gmb&utm_medium=organic&utm_content=button-website,2,,Network Solutions,0,has website,73,false,ChIJ8ZO1FSp11oYRflePvqawklk,3.9,1263,
Dream Dinners Arizona,"3682 W Orange Grove Rd #132, Tucson, AZ 85741, USA",+1 520-742-0837,meal_delivery,casas-adobes,https://maps.google.com/?q=Dream%20Dinners%20Arizona%203682%20W%20Orange%20Grove%20Rd%20%23132%2C%20Tucson%2C%20AZ%2085741%2C%20USA,https://dreamdinnersarizona.com/,2,weebly,Register.com - Network Solutions,0,has website,74,false,ChIJ_avd0Nh01oYRo4kJJifYne4,4.9,40,
The Honey Baked Ham Company,"7090 N Oracle Rd Suite 100, Tucson, AZ 85704, USA",+1 520-544-2121,meal_delivery,casas-adobes,https://maps.google.com/?q=The%20Honey%20Baked%20Ham%20Company%207090%20N%20Oracle%20Rd%20Suite%20100%2C%20Tucson%2C%20AZ%2085704%2C%20USA,https://honeybaked.com/stores/8705?utm_source=gmb&utm_medium=google&utm_campaign=honeybakedham_soci&utm_id=SOCi,2,custom/unknown,GoDaddy.com,0,has website,77,false,ChIJTzdItkBz1oYRDH3SJHJYZQ0,4.4,157,
Dominick's Real Italian,"8330 N Thornydale Rd #170, Tucson, AZ 85741, USA",+1 520-744-2002,meal_delivery,casas-adobes,https://maps.google.com/?q=Dominick%27s%20Real%20Italian%208330%20N%20Thornydale%20Rd%20%23170%2C%20Tucson%2C%20AZ%2085741%2C%20USA,http://www.dominicksrealitalian.com/,2,custom/unknown,GoDaddy.com,0,has website,78,false,ChIJwx6evSAL1oYRT14xwjfgjS8,4.3,1259,
Smoothie King,"3820 W River Rd, Tucson, AZ 85741, USA",+1 520-797-6547,meal_delivery,casas-adobes,https://maps.google.com/?q=Smoothie%20King%203820%20W%20River%20Rd%2C%20Tucson%2C%20AZ%2085741%2C%20USA,https://locations.smoothieking.com/ll/us/az/tucson/3820-river-road/?utm_source=google&utm_medium=organic&utm_content=SOCi,2,custom/unknown,unregistered,0,has website,79,false,ChIJIzs0eN901oYRy_lJbCa172U,4.1,371,
Baggin's Gourmet Sandwiches at Orange Grove,"6342 N Oracle Rd b427, Tucson, AZ 85704, USA",+1 520-575-8878,meal_delivery,casas-adobes,https://maps.google.com/?q=Baggin%27s%20Gourmet%20Sandwiches%20at%20Orange%20Grove%206342%20N%20Oracle%20Rd%20b427%2C%20Tucson%2C%20AZ%2085704%2C%20USA,http://www.bagginsgourmet.com/,2,wordpress,eNom,0,has website,80,false,ChIJCyqE0BJz1oYRQPn44RH5FrQ,4.2,458,
Giuseppe's,"6060 N Oracle Rd, Tucson, AZ 85704, USA",+1 520-505-4187,meal_delivery,casas-adobes,https://maps.google.com/?q=Giuseppe%27s%206060%20N%20Oracle%20Rd%2C%20Tucson%2C%20AZ%2085704%2C%20USA,https://giuseppesristorantes.com/guiseppes-noraclerd?utm_source=google,2,custom/unknown,GoDaddy.com,0,has website,81,false,ChIJN_C1IXNz1oYRG0c2OLa4GVM,4.4,1088,
Jack in the Box,"4479 W Ina Rd, Tucson, AZ 85741, USA",+1 520-812-7865,meal_delivery,casas-adobes,https://maps.google.com/?q=Jack%20in%20the%20Box%204479%20W%20Ina%20Rd%2C%20Tucson%2C%20AZ%2085741%2C%20USA,https://locations.jackinthebox.com/us/az/tucson/4479-w-ina-rd?utm_source=google&utm_medium=local&utm_campaign=google-local,2,custom/unknown,unregistered,0,has website,82,false,ChIJi11hq_Z11oYRZla2btWbB_0,3.2,801,
QuikTrip,"3390 W Ina Rd, Tucson, AZ 85741, USA",+1 520-797-6963,meal_takeaway,casas-adobes,https://maps.google.com/?q=QuikTrip%203390%20W%20Ina%20Rd%2C%20Tucson%2C%20AZ%2085741%2C%20USA,https://locations.quiktrip.com/az/tucson/3390-w-ina-rd?utm_source=gmb&utm_medium=yext&y_source=1_MTYwMDQyOTgtNzE1LWxvY2F0aW9uLndlYnNpdGU%3D,2,custom/unknown,unregistered,0,has website,84,false,ChIJ45XBvNN01oYRyrf3a6wx-nU,4,116,
Panda House Stir-Fry Mongolian Grill,"3725 W Ina Rd #110, Tucson, AZ 85741, USA",+1 520-744-6200,meal_takeaway,casas-adobes,https://maps.google.com/?q=Panda%20House%20Stir-Fry%20Mongolian%20Grill%203725%20W%20Ina%20Rd%20%23110%2C%20Tucson%2C%20AZ%2085741%2C%20USA,https://www.facebook.com/pandahousestirfry/,2,custom/unknown,RegistrarSafe,0,has website,85,false,ChIJYZ76ndV01oYRR80izp6AoVM,4.4,274,
SNOWFOX Sushi,"3770 W Ina Rd, Tucson, AZ 85741, USA",,meal_takeaway,casas-adobes,https://maps.google.com/?q=SNOWFOX%20Sushi%203770%20W%20Ina%20Rd%2C%20Tucson%2C%20AZ%2085741%2C%20USA,https://www.snowfox.com/,2,wordpress,123-Reg Limited,0,has website,88,false,ChIJC1fdeep11oYR3SekrA77S6k,4,4,
Market Sandwich,"7133 N Oracle Rd, Tucson, AZ 85704, USA",+1 520-352-0111,meal_takeaway,casas-adobes,https://maps.google.com/?q=Market%20Sandwich%207133%20N%20Oracle%20Rd%2C%20Tucson%2C%20AZ%2085704%2C%20USA,https://www.wholefoodsmarket.com/eateries/market-sandwich-menu?utm_source=google&utm_medium=organic&utm_campaign=listings,2,,Nom-iq Ltd. dba COM LAUDE,0,has website,92,false,ChIJHXz3Y2xz1oYRBcg-McHFMWo,,,
Golden Corral Buffet & Grill,"6865 N Thornydale Rd, Tucson, AZ 85741, USA",+1 520-544-0350,meal_takeaway,casas-adobes,https://maps.google.com/?q=Golden%20Corral%20Buffet%20%26%20Grill%206865%20N%20Thornydale%20Rd%2C%20Tucson%2C%20AZ%2085741%2C%20USA,https://www.goldencorral.com/locations/location-detail/932/golden-corral-n-thornydale-road/?utm_source=google&utm_medium=local&utm_campaign=localmaps&utm_content=932,2,wordpress,GoDaddy.com,0,has website,94,false,ChIJw7S7Kyh11oYRE4VhoMT5Dbg,4,4086,
Brenna V salon,"7350 N La Cholla Blvd suite 116, Tucson, AZ 85741, USA",+1 520-395-1795,hair_salon,casas-adobes,https://maps.google.com/?q=Brenna%20V%20salon%207350%20N%20La%20Cholla%20Blvd%20suite%20116%2C%20Tucson%2C%20AZ%2085741%2C%20USA,http://www.brennavsalon.com/,2,wordpress,GoDaddy.com,0,has website,96,false,ChIJJ8xrqSR11oYRUGA66A-3tDU,5,128,
Wee's Hair Salon,"2040 W Orange Grove Rd # 110, Tucson, AZ 85704, USA",+1 520-209-2411,hair_salon,casas-adobes,https://maps.google.com/?q=Wee%27s%20Hair%20Salon%202040%20W%20Orange%20Grove%20Rd%20%23%20110%2C%20Tucson%2C%20AZ%2085704%2C%20USA,,1,,,0,no website,99,false,ChIJ3WVhVr101oYRZkAsxQKVBHY,4.5,142,weeshairsalon.com; weeshairsalontucson.com
A Cut Above Family Haircare,"Heritage Plaza, 2952 W Ina Rd, Tucson, AZ 85741, USA",+1 520-888-5456,hair_salon,casas-adobes,https://maps.google.com/?q=A%20Cut%20Above%20Family%20Haircare%20Heritage%20Plaza%2C%202952%20W%20Ina%20Rd%2C%20Tucson%2C%20AZ%2085741%2C%20USA,,1,,,0,no website,100,false,ChIJ7VsH_ehz1oYRyTw7wcqJ9C8,4.5,132,acutabovefamilyhaircare.com; acutabovefamilyhaircaretucson.com
ScissorHands Studio,"3621 W Sadler Pl, Tucson, AZ 85741, USA",+1 520-954-1353,hair_salon,casas-adobes,https://maps.google.com/?q=ScissorHands%20Studio%203621%20W%20Sadler%20Pl%2C%20Tucson%2C%20AZ%2085741%2C%20USA,,1,,,0,no website,101,false,ChIJ86-NTSoL1oYRPOXvAXZH36w,5,1,scissorhandsstudio.com; scissorhandsstudiotucson.com
Michelle Nugent Hair Salon,"Tucson, AZ 85704, USA",+1 520-548-1320,hair_salon,casas-adobes,https://maps.google.com/?q=Michelle%20Nugent%20Hair%20Salon%20Tucson%2C%20AZ%2085704%2C%20USA,https://www.instagram.com/michellenugentsalon/,2,custom/unknown,RegistrarSafe,0,has website,102,false,ChIJNwTWBURz1oYR8n1cIO4t-bY,5,7,
D Wolf Studio,"7315 N Oracle Rd LuxSpace Unit 51 suite 1, Tucson, AZ 85704, USA",+1 954-663-9066,hair_salon,casas-adobes,https://maps.google.com/?q=D%20Wolf%20Studio%207315%20N%20Oracle%20Rd%20LuxSpace%20Unit%2051%20suite%201%2C%20Tucson%2C%20AZ%2085704%2C%20USA,http://mariannawolf.glossgenius.com/,2,custom/unknown,unregistered,0,has website,103,false,ChIJJzDsf6xz1oYR4A9D9UIWPi8,5,19,
House of Hair Co. By Melissa Buda,"7315 N Oracle Rd Suite 051, Oro Valley, AZ 85704, USA",,hair_salon,casas-adobes,https://maps.google.com/?q=House%20of%20Hair%20Co.%20By%20Melissa%20Buda%207315%20N%20Oracle%20Rd%20Suite%20051%2C%20Oro%20Valley%2C%20AZ%2085704%2C%20USA,https://melissabuda.glossgenius.com/,2,custom/unknown,unregistered,0,has website,104,false,ChIJtzQTqVJz1oYR1N6-UxzWRhs,4.9,37,
hair by bry (thtalthairgirll),"7315 N Oracle Rd ste 51 room 29, Oro Valley, AZ 85704, USA",+1 520-858-3215,hair_salon,casas-adobes,https://maps.google.com/?q=hair%20by%20bry%20%28thtalthairgirll%29%207315%20N%20Oracle%20Rd%20ste%2051%20room%2029%2C%20Oro%20Valley%2C%20AZ%2085704%2C%20USA,https://thtalthairgirll.glossgenius.com/,2,custom/unknown,unregistered,0,has website,105,false,ChIJo_JTzXZz1oYRkto4NEnhINg,5,10,
Hair By Dendi | Invisible Bead Extensions®️ Master,"Located in LuxSpace, 7315 N Oracle Rd Suite 51 Studio 9, Oro Valley, AZ 85704, USA",+1 520-451-4590,hair_salon,casas-adobes,https://maps.google.com/?q=Hair%20By%20Dendi%20%7C%20Invisible%20Bead%20Extensions%C2%AE%EF%B8%8F%20Master%20Located%20in%20LuxSpace%2C%207315%20N%20Oracle%20Rd%20Suite%2051%20Studio%209%2C%20Oro%20Valley%2C%20AZ%2085704%2C%20USA,https://dendiskinner.glossgenius.com/,2,custom/unknown,unregistered,0,has website,106,false,ChIJmQWmjMUN1oYRNLSdzZoUBlU,5,72,
Lux 55 Hair Studio,"7315 N Oracle Rd, Oro Valley, AZ 85704, USA",+1 520-784-1181,hair_salon,casas-adobes,https://maps.google.com/?q=Lux%2055%20Hair%20Studio%207315%20N%20Oracle%20Rd%2C%20Oro%20Valley%2C%20AZ%2085704%2C%20USA,https://www.facebook.com/lux55hairstudiolisayrigoyen/,2,custom/unknown,RegistrarSafe,0,has website,107,false,ChIJSamARF5z1oYROPP1U9GbfpQ,5,3,
Concept Beauty Bar LLC,"7315 N Oracle Rd Suite 51-32, Oro Valley, AZ 85704, USA",+1 520-975-1739,hair_salon,casas-adobes,https://maps.google.com/?q=Concept%20Beauty%20Bar%20LLC%207315%20N%20Oracle%20Rd%20Suite%2051-32%2C%20Oro%20Valley%2C%20AZ%2085704%2C%20USA,,1,,,0,no website,108,false,ChIJM8nHkFlz1oYRR4tu-66MVyY,5,8,conceptbeautybar.com; conceptbeautybartucson.com
Wren Hair Studio,"7315 N Oracle Rd Suite 14, Tucson, AZ 85704, USA",,hair_salon,casas-adobes,https://maps.google.com/?q=Wren%20Hair%20Studio%207315%20N%20Oracle%20Rd%20Suite%2014%2C%20Tucson%2C%20AZ%2085704%2C%20USA,https://wrenhairstudio.square.site/,2,weebly,MarkMonitor Inc.,0,has website,109,false,ChIJAedV-h9z1oYRRqplFhJ9zOM,5,7,
Saguaro Studio,"7315 N Oracle Rd Suite 051, Tucson, AZ 85704, USA",,hair_salon,casas-adobes,https://maps.google.com/?q=Saguaro%20Studio%207315%20N%20Oracle%20Rd%20Suite%20051%2C%20Tucson%2C%20AZ%2085704%2C%20USA,https://saguaro-studio.square.site/,2,weebly,MarkMonitor Inc.,0,has website,110,false,ChIJB-qvFf9z1oYR9HD8uJmdboI,,,
Hair & Skin Studio,"7225 N Oracle Rd #108, Tucson, AZ 85704, USA",+1 520-297-8292,hair_salon,casas-adobes,https://maps.google.com/?q=Hair%20%26%20Skin%20Studio%207225%20N%20Oracle%20Rd%20%23108%2C%20Tucson%2C%20AZ%2085704%2C%20USA,,1,,,0,no website,111,false,ChIJIRo1-EZz1oYR3Q1BJqTV69Q,5,12,hairskinstudiotucson.com; hairskinstudioaz.com
Salon V,"7315 N Oracle Rd #106, Tucson, AZ 85704, USA",+1 520-907-9120,hair_salon,casas-adobes,https://maps.google.com/?q=Salon%20V%207315%20N%20Oracle%20Rd%20%23106%2C%20Tucson%2C%20AZ%2085704%2C%20USA,https://www.facebook.com/salonvtucson/,2,custom/unknown,RegistrarSafe,0,has website,112,false,ChIJBzEpSEZz1oYRGAvyDVNf8UU,4.9,38,
Verve Salon,"7025 N Oracle Rd, N Casas Adobes Dr, Tucson, AZ 85704, USA",+1 520-297-0747,hair_salon,casas-adobes,https://maps.google.com/?q=Verve%20Salon%207025%20N%20Oracle%20Rd%2C%20N%20Casas%20Adobes%20Dr%2C%20Tucson%2C%20AZ%2085704%2C%20USA,http://vervesalonlifestyle.com/,2,shopify,Network Solutions,0,has website,113,false,ChIJh9VqKkFz1oYRiX4XGnbvKdQ,4.5,121,
Ellie & Co Hair Salon,"7274 N Oracle Rd, Tucson, AZ 85704, USA",+1 520-989-0848,hair_salon,casas-adobes,https://maps.google.com/?q=Ellie%20%26%20Co%20Hair%20Salon%207274%20N%20Oracle%20Rd%2C%20Tucson%2C%20AZ%2085704%2C%20USA,http://www.ellieandcohairsalon.com/,2,wix,GoDaddy.com,0,has website,114,false,ChIJadbkJOtz1oYRpOTt5nF63rU,5,59,
Shear Madness,"7090 N Oracle Rd suite 80 room 20, Tucson, AZ 85704, USA",+1 520-771-5031,hair_salon,casas-adobes,https://maps.google.com/?q=Shear%20Madness%207090%20N%20Oracle%20Rd%20suite%2080%20room%2020%2C%20Tucson%2C%20AZ%2085704%2C%20USA,https://shearmadnesss.glossgenius.com/,2,custom/unknown,unregistered,0,has website,115,false,ChIJLy92s21z1oYRSMluPMb9lv4,,,
VN Nails Inc,"7475 N La Cholla Blvd Suite 410, Tucson, AZ 85741, USA",+1 520-445-9641,nail_salon,casas-adobes,https://maps.google.com/?q=VN%20Nails%20Inc%207475%20N%20La%20Cholla%20Blvd%20Suite%20410%2C%20Tucson%2C%20AZ%2085741%2C%20USA,https://vnnailsinc85741.com/,2,custom/unknown,Tucows Domains Inc.,0,has website,116,false,ChIJGQN4_bJ01oYRDfbdhrLY1C4,4.4,131,
L'Amour Nails,"7250 N La Cholla Blvd #156, Tucson, AZ 85704, USA",+1 520-498-4567,nail_salon,casas-adobes,https://maps.google.com/?q=L%27Amour%20Nails%207250%20N%20La%20Cholla%20Blvd%20%23156%2C%20Tucson%2C%20AZ%2085704%2C%20USA,,1,,,0,no website,117,false,ChIJR_X7ewB11oYRyjlPKtEINhw,4.3,246,lamournailstucson.com; lamournailsaz.com
"Regal Nails, Salon & Spa","7635 N La Cholla Blvd, Tucson, AZ 85741, USA",+1 520-531-1281,nail_salon,casas-adobes,https://maps.google.com/?q=Regal%20Nails%2C%20Salon%20%26%20Spa%207635%20N%20La%20Cholla%20Blvd%2C%20Tucson%2C%20AZ%2085741%2C%20USA,,1,,,0,no website,118,false,ChIJZaHPWLN01oYRem7hnEDB1wg,4.5,138,regalnailssalonspatucson.com; regalnailssalonspaaz.com
Gelax nails and spa,"2040 W Orange Grove Rd #122, Tucson, AZ 85704, USA",+1 520-250-4136,nail_salon,casas-adobes,https://maps.google.com/?q=Gelax%20nails%20and%20spa%202040%20W%20Orange%20Grove%20Rd%20%23122%2C%20Tucson%2C%20AZ%2085704%2C%20USA,,1,,,0,no website,119,false,ChIJhd-o1vt11oYR-d_ZbAVkV3E,4.7,52,gelaxnailsandspa.com; gelaxnailsandspatucson.com
Nail Rap,"2972 W Ina Rd, Tucson, AZ 85741, USA",+1 520-498-4730,nail_salon,casas-adobes,https://maps.google.com/?q=Nail%20Rap%202972%20W%20Ina%20Rd%2C%20Tucson%2C%20AZ%2085741%2C%20USA,https://www.facebook.com/profile.php?id=61551406000701,2,custom/unknown,RegistrarSafe,0,has website,120,false,ChIJkyUONIV11oYROa_omex5gMI,5,3,
Medi Spa by Natasha,"1845 W Orange Grove Rd Suite 125, Tucson, AZ 85704, USA",+1 520-877-3328,nail_salon,casas-adobes,https://maps.google.com/?q=Medi%20Spa%20by%20Natasha%201845%20W%20Orange%20Grove%20Rd%20Suite%20125%2C%20Tucson%2C%20AZ%2085704%2C%20USA,https://www.dabyag.com/medi-spa/,2,wordpress,GoDaddy.com,0,has website,121,false,ChIJU4t4Jpl01oYROejluxTAaW4,5,4,
KT Nails,"3720 W Ina Rd #122, Tucson, AZ 85741, USA",+1 520-572-2459,nail_salon,casas-adobes,https://maps.google.com/?q=KT%20Nails%203720%20W%20Ina%20Rd%20%23122%2C%20Tucson%2C%20AZ%2085741%2C%20USA,https://ktnailsazbyv.com/,2,custom php,GoDaddy.com,0,has website,122,false,ChIJ_4qxddV01oYRWX_qXCSFAvk,4.7,1585,
Orchid Nails,"3773 W Ina Rd, Tucson, AZ 85741, USA",+1 520-579-2693,nail_salon,casas-adobes,https://maps.google.com/?q=Orchid%20Nails%203773%20W%20Ina%20Rd%2C%20Tucson%2C%20AZ%2085741%2C%20USA,https://orchidnailstucson.com/,2,custom/unknown,GoDaddy.com,0,has website,123,false,ChIJmd8879V01oYRx4LiZbFvRys,4.3,149,
2nd Haus Salon & Spa,"7225 N Oracle Rd #108, Tucson, AZ 85704, USA",+1 520-406-9911,nail_salon,casas-adobes,https://maps.google.com/?q=2nd%20Haus%20Salon%20%26%20Spa%207225%20N%20Oracle%20Rd%20%23108%2C%20Tucson%2C%20AZ%2085704%2C%20USA,http://www.2ndhaussalon.com/,2,wix,Wix.com Ltd.,0,has website,124,false,ChIJTbfaiG5z1oYRXDPh6Co34Mo,5,25,
Füt Health Spa,"7051 N Oracle Rd Suite 12, Tucson, AZ 85704, USA",+1 520-734-7502,nail_salon,casas-adobes,https://maps.google.com/?q=F%C3%BCt%20Health%20Spa%207051%20N%20Oracle%20Rd%20Suite%2012%2C%20Tucson%2C%20AZ%2085704%2C%20USA,https://www.futhealthspa.com/,2,squarespace,GoDaddy.com,0,has website,125,false,ChIJAyEtYEhz1oYRCcg1XB8KiTM,5,14,
TN Nails,"6811 N Thornydale Rd, Tucson, AZ 85741, USA",+1 520-275-7968,nail_salon,casas-adobes,https://maps.google.com/?q=TN%20Nails%206811%20N%20Thornydale%20Rd%2C%20Tucson%2C%20AZ%2085741%2C%20USA,https://tnnailstucson.com/,2,,GoDaddy.com,0,has website,126,false,ChIJi915JtV11oYRxuDnrGKxspY,4.4,237,
Gorgeous Nail Salon & Spa,"3682 W Orange Grove Rd, Tucson, AZ 85741, USA",+1 520-797-0909,nail_salon,casas-adobes,https://maps.google.com/?q=Gorgeous%20Nail%20Salon%20%26%20Spa%203682%20W%20Orange%20Grove%20Rd%2C%20Tucson%2C%20AZ%2085741%2C%20USA,,1,,,0,no website,127,false,ChIJJz3-09h01oYRz4XvCUBZl-g,4.5,124,gorgeousnailsalonspa.com; gorgeousnailsalonspatucson.com
Lovely Nails,"7270 N Oracle Rd, Tucson, AZ 85704, USA",+1 520-219-1555,nail_salon,casas-adobes,https://maps.google.com/?q=Lovely%20Nails%207270%20N%20Oracle%20Rd%2C%20Tucson%2C%20AZ%2085704%2C%20USA,https://lovelynailstucson.com/,2,wordpress,iNET SOFTWARE COMPANY LIMITED,0,has website,128,false,ChIJL_9krEdz1oYRtcFmwAuoRTE,4.6,239,
GLAM BOSS NAIL BAR,"3930 W Ina Rd #314, Tucson, AZ 85741, USA",+1 520-570-9557,nail_salon,casas-adobes,https://maps.google.com/?q=GLAM%20BOSS%20NAIL%20BAR%203930%20W%20Ina%20Rd%20%23314%2C%20Tucson%2C%20AZ%2085741%2C%20USA,https://glamboss.hayven.ai/,2,custom/unknown,unknown,0,has website,129,false,ChIJ5bwZtBd11oYRKB6Mxi6zYQ4,5,63,
Bellacures Nails and Spa,"7705 N Oracle Rd APT 109, Oro Valley, AZ 85704, USA",+1 520-442-5471,nail_salon,casas-adobes,https://maps.google.com/?q=Bellacures%20Nails%20and%20Spa%207705%20N%20Oracle%20Rd%20APT%20109%2C%20Oro%20Valley%2C%20AZ%2085704%2C%20USA,http://bellacuresnailsorovalley.com/,2,,GoDaddy.com,0,has website,130,false,ChIJsTXKs3Fx1oYRAF6SBMbcfsM,4.7,368,
Milano Nails Salon,"7931 N Oracle Rd, Oro Valley, AZ 85704, USA",+1 520-219-7035,nail_salon,casas-adobes,https://maps.google.com/?q=Milano%20Nails%20Salon%207931%20N%20Oracle%20Rd%2C%20Oro%20Valley%2C%20AZ%2085704%2C%20USA,http://milanonailssalonorovalley.com/,2,,GoDaddy.com,0,has website,131,false,ChIJY1f-mUpz1oYRG0K1HnsVQDs,4.5,565,
2DYE4 HAIR SALONS LLC,"235 W Giaconda Way STE 233, Tucson, AZ 85704, USA",+1 520-334-7563,nail_salon,casas-adobes,https://maps.google.com/?q=2DYE4%20HAIR%20SALONS%20LLC%20235%20W%20Giaconda%20Way%20STE%20233%2C%20Tucson%2C%20AZ%2085704%2C%20USA,http://www.2dye4hairsalons.com/,2,wordpress,GoDaddy.com,0,has website,132,false,ChIJPdl8-id11oYR9F_AL8Sw-gw,4.7,47,
Paulene's Nails,"8340 N Thornydale Rd #130, Tucson, AZ 85741, USA",+1 520-579-9166,nail_salon,casas-adobes,https://maps.google.com/?q=Paulene%27s%20Nails%208340%20N%20Thornydale%20Rd%20%23130%2C%20Tucson%2C%20AZ%2085741%2C%20USA,,1,,,0,no website,133,false,ChIJBZKsm94K1oYRp5RHa8_QIqg,4.1,104,paulenesnails.com; paulenesnailstucson.com
Nail Art By Tony,"7090 N Oracle Rd, Tucson, AZ 85704, USA",+1 520-742-3477,nail_salon,casas-adobes,https://maps.google.com/?q=Nail%20Art%20By%20Tony%207090%20N%20Oracle%20Rd%2C%20Tucson%2C%20AZ%2085704%2C%20USA,https://nailartbytony.com/,2,,GoDaddy.com,0,has website,134,false,ChIJTzdItkBz1oYR0qURBgXy6iE,4.6,67,
The Nail Nook,"6818 N Oracle Rd, Tucson, AZ 85704, USA",+1 520-275-5829,nail_salon,casas-adobes,https://maps.google.com/?q=The%20Nail%20Nook%206818%20N%20Oracle%20Rd%2C%20Tucson%2C%20AZ%2085704%2C%20USA,https://www.vagaro.com/thenailnooktucson?ig_fbb=true,2,custom/unknown,Register.com - Network Solutions,0,has website,135,false,ChIJx0JmIwBz1oYRgxwyXnw4pO8,5,4,
Foothills Dermatology,"7418 N La Cholla Blvd, Tucson, AZ 85741, USA",+1 520-731-1110,beauty_salon,casas-adobes,https://maps.google.com/?q=Foothills%20Dermatology%207418%20N%20La%20Cholla%20Blvd%2C%20Tucson%2C%20AZ%2085741%2C%20USA,https://www.foothillsdermatology.com/,2,wix,GoDaddy.com,0,has website,136,false,ChIJv_61EYd11oYRtS2tBHQghBg,4.9,421,
"Francisco ""Frank"" Trejo PA-C Foothills Dermatology","7418 N La Cholla Blvd, Tucson, AZ 85741, USA",+1 520-731-1110,beauty_salon,casas-adobes,https://maps.google.com/?q=Francisco%20%22Frank%22%20Trejo%20PA-C%20Foothills%20Dermatology%207418%20N%20La%20Cholla%20Blvd%2C%20Tucson%2C%20AZ%2085741%2C%20USA,https://www.foothillsdermatology.com/,2,wix,GoDaddy.com,0,has website,137,false,ChIJPQd4D7J01oYRKNyKdtu8ys8,4,4,
Lash Bar Social,"7478 N La Cholla Blvd, Tucson, AZ 85741, USA",+1 520-261-0678,beauty_salon,casas-adobes,https://maps.google.com/?q=Lash%20Bar%20Social%207478%20N%20La%20Cholla%20Blvd%2C%20Tucson%2C%20AZ%2085741%2C%20USA,https://lashbarsocialaz.glossgenius.com/,2,webflow,unregistered,0,has website,138,false,ChIJQ-O9wBh11oYRxQrRafuEMWs,3.7,3,
Perfectly Polished,"7484 N La Cholla Blvd, Tucson, AZ 85741, USA",+1 520-800-4824,beauty_salon,casas-adobes,https://maps.google.com/?q=Perfectly%20Polished%207484%20N%20La%20Cholla%20Blvd%2C%20Tucson%2C%20AZ%2085741%2C%20USA,https://perfectlypolishedtucson.com/contact-us,2,custom/unknown,GoDaddy.com,0,has website,139,false,ChIJq6qOXbJ01oYR3zTi1A-V8Kc,,,
BodySong Spa,"7520 N La Cholla Blvd, Tucson, AZ 85741, USA",+1 520-284-7400,beauty_salon,casas-adobes,https://maps.google.com/?q=BodySong%20Spa%207520%20N%20La%20Cholla%20Blvd%2C%20Tucson%2C%20AZ%2085741%2C%20USA,https://bodysongspa.com/,2,wordpress,GoDaddy.com,0,has website,140,false,ChIJOYp9c-511oYRolzlVJmzv34,4.9,170,
Skinani,"7628 N La Cholla Blvd, Tucson, AZ 85741, USA",+1 520-543-0353,beauty_salon,casas-adobes,https://maps.google.com/?q=Skinani%207628%20N%20La%20Cholla%20Blvd%2C%20Tucson%2C%20AZ%2085741%2C%20USA,https://www.skinani.com/,2,custom/unknown,Wix.com Ltd.,0,has website,141,false,ChIJ81ei1gzh1YYRURxlUrphFyQ,5,129,
Blue Diamond Beauty Bar,"2295 W Magee Rd #106, Tucson, AZ 85742, USA",+1 520-219-7186,beauty_salon,casas-adobes,https://maps.google.com/?q=Blue%20Diamond%20Beauty%20Bar%202295%20W%20Magee%20Rd%20%23106%2C%20Tucson%2C%20AZ%2085742%2C%20USA,https://www.bluediamondbeautybar.com/,2,weebly,Register.com - Network Solutions,0,has website,142,false,ChIJ7_4yUn0L1oYR320C7LQNq-U,4.8,23,
Sacred Skin and Wax,"2252 W Magee Rd, Tucson, AZ 85742, USA",+1 520-344-4406,beauty_salon,casas-adobes,https://maps.google.com/?q=Sacred%20Skin%20and%20Wax%202252%20W%20Magee%20Rd%2C%20Tucson%2C%20AZ%2085742%2C%20USA,https://sacredskinandwax.com/,2,custom/unknown,GoDaddy.com,0,has website,143,false,ChIJiwK3rzp11oYRGb9vLMoSmK0,5,21,
Moonlight Studio 12,"2292 W Magee Rd #230, Tucson, AZ 85742, USA",+1 520-820-5850,beauty_salon,casas-adobes,https://maps.google.com/?q=Moonlight%20Studio%2012%202292%20W%20Magee%20Rd%20%23230%2C%20Tucson%2C%20AZ%2085742%2C%20USA,https://www.appointfix.com/book/Moonlight-Studio-12,2,custom/unknown,GoDaddy.com,0,has website,144,false,ChIJSRO3a0jasIQRhYwfNrbAw0E,,,
K C's Hair & More,"2840 W Ina Rd Apt 116, Tucson, AZ 85741, USA",+1 520-575-4040,beauty_salon,casas-adobes,https://maps.google.com/?q=K%20C%27s%20Hair%20%26%20More%202840%20W%20Ina%20Rd%20Apt%20116%2C%20Tucson%2C%20AZ%2085741%2C%20USA,http://www.kcshairandmore.com/,2,custom/unknown,GoDaddy.com,0,has website,145,false,ChIJY2EJBcx01oYRaV-ImjA9PyM,4.8,64,
Heavenly Skin by Ari,"3037 W Ina Rd Ste 101, Tucson, AZ 85741, USA",+1 435-374-1045,beauty_salon,casas-adobes,https://maps.google.com/?q=Heavenly%20Skin%20by%20Ari%203037%20W%20Ina%20Rd%20Ste%20101%2C%20Tucson%2C%20AZ%2085741%2C%20USA,,1,,,0,no website,146,false,ChIJBZIBar5wj64ReUthwOmVQ1Y,5,2,heavenlyskinbyari.com; heavenlyskinbyaritucson.com
Tucson Cosmetics,"1230 W Ina Rd, Tucson, AZ 85704, USA",+1 520-389-8080,beauty_salon,casas-adobes,https://maps.google.com/?q=Tucson%20Cosmetics%201230%20W%20Ina%20Rd%2C%20Tucson%2C%20AZ%2085704%2C%20USA,http://tucsoncosmetics.com/,2,custom/unknown,GoDaddy.com,0,has website,147,false,ChIJK9YJsUpz1oYRGcRu2ps5270,4.8,228,
AMG Center For Regenerative Medicine & Aesthetics,"7356 N La Cholla Blvd, Tucson, AZ 85741, USA",+1 520-600-8558,spa,casas-adobes,https://maps.google.com/?q=AMG%20Center%20For%20Regenerative%20Medicine%20%26%20Aesthetics%207356%20N%20La%20Cholla%20Blvd%2C%20Tucson%2C%20AZ%2085741%2C%20USA,http://www.amgregenerativemedicine.com/,2,custom/unknown,GoDaddy.com,0,has website,148,false,ChIJf-tGKml11oYRgwZMwCwPQMo,4.9,186,
Licensed Massage Therapy - Kendra Wetzel LMT,"7410 N La Cholla Blvd Suite #6, Tucson, AZ 85742, USA",+1 425-330-0635,spa,casas-adobes,https://maps.google.com/?q=Licensed%20Massage%20Therapy%20-%20Kendra%20Wetzel%20LMT%207410%20N%20La%20Cholla%20Blvd%20Suite%20%236%2C%20Tucson%2C%20AZ%2085742%2C%20USA,https://www.wetzelmassage.com/,2,wordpress,Bluehost Inc.,0,has website,149,false,ChIJ9aNOn_h11oYRPUT8_aAP6Sg,5,26,
Red Mountain Weight Loss,"7448 N La Cholla Blvd Apt 110, Tucson, AZ 85741, USA",+1 520-382-0588,spa,casas-adobes,https://maps.google.com/?q=Red%20Mountain%20Weight%20Loss%207448%20N%20La%20Cholla%20Blvd%20Apt%20110%2C%20Tucson%2C%20AZ%2085741%2C%20USA,https://www.redmountainweightloss.com/areas-served/la-cholla-az/,2,wordpress,GoDaddy.com,0,has website,150,false,ChIJlwI8arJ01oYRvb1OWopfIEU,4.8,225,
Rao Plastic Surgery - Foothills,"7418 N La Cholla Blvd, Tucson, AZ 85741, USA",+1 520-214-2148,spa,casas-adobes,https://maps.google.com/?q=Rao%20Plastic%20Surgery%20-%20Foothills%207418%20N%20La%20Cholla%20Blvd%2C%20Tucson%2C%20AZ%2085741%2C%20USA,https://raoplasticsurgery.com/?utm_source=google-business&utm_medium=organic&utm_campaign=nwoffice&utm_content=profile-link,2,custom/unknown,GoDaddy.com,0,has website,151,false,ChIJIx1E-YN11oYRdnGh_CZ7VmA,,,
Sonoran Moon Massage Therapy,"7478 N La Cholla Blvd, Tucson, AZ 85741, USA",+1 520-780-2614,spa,casas-adobes,https://maps.google.com/?q=Sonoran%20Moon%20Massage%20Therapy%207478%20N%20La%20Cholla%20Blvd%2C%20Tucson%2C%20AZ%2085741%2C%20USA,,1,,,0,no website,152,false,ChIJEbO2CQB11oYRFEXm-prZqJA,5,8,sonoranmoonmassagetherapytucson.com; sonoranmoonmassagetherapyaz.com
Ánimo Head Spa,"Inside Sonoran Moon Massage, 7478 N La Cholla Blvd, Tucson, AZ 85741, USA",+1 520-495-9281,spa,casas-adobes,https://maps.google.com/?q=%C3%81nimo%20Head%20Spa%20Inside%20Sonoran%20Moon%20Massage%2C%207478%20N%20La%20Cholla%20Blvd%2C%20Tucson%2C%20AZ%2085741%2C%20USA,https://www.animoheadspa.com/,2,wix,Wix.com Ltd.,0,has website,153,false,ChIJWWxjcUB11oYR6V7KbMlGf6M,5,32,
Nancy Weigand Therapeutic Massage,"2292 W Magee Rd Ste 140, Tucson, AZ 85742, USA",+1 785-213-7361,spa,casas-adobes,https://maps.google.com/?q=Nancy%20Weigand%20Therapeutic%20Massage%202292%20W%20Magee%20Rd%20Ste%20140%2C%20Tucson%2C%20AZ%2085742%2C%20USA,https://nancymassage.com/,2,custom/unknown,GoDaddy.com,0,has website,154,false,ChIJwYEhbhhFE4cRJuQrWjz5--k,5,48,
Bell Aesthetics and Infusions,"1801 W Ina Rd, Tucson, AZ 85704, USA",+1 503-881-2041,spa,casas-adobes,https://maps.google.com/?q=Bell%20Aesthetics%20and%20Infusions%201801%20W%20Ina%20Rd%2C%20Tucson%2C%20AZ%2085704%2C%20USA,,1,,,0,no website,155,false,ChIJKdnTBSp11oYRRw8JCy2scEM,5,4,bellaestheticsandinfusions.com; bellaestheticsandinfusionstucson.com
A New Creation Clinic and Medi-Spa,"1801 W Ina Rd, Tucson, AZ 85704, USA",+1 520-293-1117,spa,casas-adobes,https://maps.google.com/?q=A%20New%20Creation%20Clinic%20and%20Medi-Spa%201801%20W%20Ina%20Rd%2C%20Tucson%2C%20AZ%2085704%2C%20USA,http://www.anewcreationclinicandmedispa.com/,2,custom/unknown,PDR Ltd. d/b/a PublicDomainRegistry.com,0,has website,156,false,ChIJ8zMRuJl01oYRYT0SVAIekP0,4.6,126,
Sesen Aesthetics,"1631 W Ina Rd #151, Tucson, AZ 85704, USA",+1 520-600-8279,spa,casas-adobes,https://maps.google.com/?q=Sesen%20Aesthetics%201631%20W%20Ina%20Rd%20%23151%2C%20Tucson%2C%20AZ%2085704%2C%20USA,http://www.sesenaesthetics.com/,2,wix,DropCatch.com 818 LLC,0,has website,157,false,ChIJGayKpdp11oYRdnwoBNwowoo,,,
Jessica Laguna Massage,"1603 W Ina Rd, Tucson, AZ 85704, USA",+1 520-405-8852,spa,casas-adobes,https://maps.google.com/?q=Jessica%20Laguna%20Massage%201603%20W%20Ina%20Rd%2C%20Tucson%2C%20AZ%2085704%2C%20USA,https://jeslagunamt-102368.square.site/,2,weebly,MarkMonitor Inc.,0,has website,158,false,ChIJUVJ8jcZ11oYR0ajsc1NAiXE,,,
Glow Collective,"1603 W Ina Rd, Tucson, AZ 85704, USA",,spa,casas-adobes,https://maps.google.com/?q=Glow%20Collective%201603%20W%20Ina%20Rd%2C%20Tucson%2C%20AZ%2085704%2C%20USA,,1,,,0,no website,159,false,ChIJ0ZDEqu511oYRFCSvQIG9QqI,,,glowcollectivetucson.com; glowcollectiveaz.com
Breathe Well Aesthetics,"1603 W Ina Rd, Tucson, AZ 85704, USA",+1 520-305-9633,spa,casas-adobes,https://maps.google.com/?q=Breathe%20Well%20Aesthetics%201603%20W%20Ina%20Rd%2C%20Tucson%2C%20AZ%2085704%2C%20USA,http://breathewellaesthetics.glossgenius.com/,2,webflow,unregistered,0,has website,160,false,ChIJy1tmwgJv1oYRYCtItZAVTFQ,5,11,
Ironwood Dental,"1607 W Ina Rd, Tucson, AZ 85704, USA",+1 520-888-2900,spa,casas-adobes,https://maps.google.com/?q=Ironwood%20Dental%201607%20W%20Ina%20Rd%2C%20Tucson%2C%20AZ%2085704%2C%20USA,https://www.ironwooddentalaz.com/,2,custom/unknown,Cloudflare,0,has website,161,false,ChIJJVjM10dz1oYRjTwfXkivm5c,4.9,580,
9 Spa Massage,"2040 W Orange Grove Rd #170, Tucson, AZ 85704, USA",+1 520-265-6229,spa,casas-adobes,https://maps.google.com/?q=9%20Spa%20Massage%202040%20W%20Orange%20Grove%20Rd%20%23170%2C%20Tucson%2C%20AZ%2085704%2C%20USA,https://www.9-spa-massage.com/,2,wix,Wix.com Ltd.,0,has website,162,false,ChIJzXey3bt11oYRw96bUi6o_OI,3.9,7,
Headliners Barbershop,"7555 N La Cholla Blvd, Tucson, AZ 85741, USA",+1 520-544-2090,barber_shop,casas-adobes,https://maps.google.com/?q=Headliners%20Barbershop%207555%20N%20La%20Cholla%20Blvd%2C%20Tucson%2C%20AZ%2085741%2C%20USA,,1,,,0,no website,163,false,ChIJAQAAwLN01oYRDzC9RhWz8SY,4,180,headlinersbarbershoptucson.com; headlinersbarbershopaz.com
JsFreshFades,"7555 N La Cholla Blvd, Tucson, AZ 85741, USA",+1 520-460-5316,barber_shop,casas-adobes,https://maps.google.com/?q=JsFreshFades%207555%20N%20La%20Cholla%20Blvd%2C%20Tucson%2C%20AZ%2085741%2C%20USA,http://jsfreshfades.booksy.com/a/,2,custom/unknown,unregistered,0,has website,164,false,ChIJFXTsY3V11oYRj6WRErfQRDo,5,5,
London Town Barber Shop,"2840 W Ina Rd Apt 124, Tucson, AZ 85741, USA",+1 520-575-0567,barber_shop,casas-adobes,https://maps.google.com/?q=London%20Town%20Barber%20Shop%202840%20W%20Ina%20Rd%20Apt%20124%2C%20Tucson%2C%20AZ%2085741%2C%20USA,http://londontownbarbershop.com/,2,wordpress,GoDaddy.com,0,has website,165,false,ChIJLYRxBcx01oYRwd4P84AQUjY,4.6,134,
Foothills Barbers,"2912 W Ina Rd #120, Tucson, AZ 85741, USA",+1 520-887-5242,barber_shop,casas-adobes,https://maps.google.com/?q=Foothills%20Barbers%202912%20W%20Ina%20Rd%20%23120%2C%20Tucson%2C%20AZ%2085741%2C%20USA,http://foothillsbarbers.com/,2,wix,GoDaddy.com,0,has website,166,false,ChIJIfRYJMx01oYRJAU1I3Wd70s,4.9,234,
Stefani Cuts,"2040 W Orange Grove Rd, Tucson, AZ 85704, USA",+1 520-388-0053,barber_shop,casas-adobes,https://maps.google.com/?q=Stefani%20Cuts%202040%20W%20Orange%20Grove%20Rd%2C%20Tucson%2C%20AZ%2085704%2C%20USA,http://stefanicuts.booksy.com/,2,custom/unknown,unregistered,0,has website,167,false,ChIJG_IDJzZ11oYR3PSXk3gr6KI,5,1,
Milly Chops LLC,"2040 W Orange Grove Rd Suite 150, Tucson, AZ 85704, USA",+1 623-698-2965,barber_shop,casas-adobes,https://maps.google.com/?q=Milly%20Chops%20LLC%202040%20W%20Orange%20Grove%20Rd%20Suite%20150%2C%20Tucson%2C%20AZ%2085704%2C%20USA,https://millychops.booksy.com/,2,custom/unknown,unregistered,0,has website,168,false,ChIJwbHJGZN11oYRJKltA_Aoask,5,5,
Edged Barber Shop,"2040 W Orange Grove Rd Suite 150, Tucson, AZ 85704, USA",+1 520-344-9502,barber_shop,casas-adobes,https://maps.google.com/?q=Edged%20Barber%20Shop%202040%20W%20Orange%20Grove%20Rd%20Suite%20150%2C%20Tucson%2C%20AZ%2085704%2C%20USA,https://www.edgedbarbershop.com/,2,squarespace,Tucows Domains Inc.,0,has website,169,false,ChIJZ1z5qul11oYRkuKc0ifMpjA,4.5,108,
INA Barber Lounge,"3701 W Ina Rd # 102, Tucson, AZ 85741, USA",+1 520-744-3800,barber_shop,casas-adobes,https://maps.google.com/?q=INA%20Barber%20Lounge%203701%20W%20Ina%20Rd%20%23%20102%2C%20Tucson%2C%20AZ%2085741%2C%20USA,https://www.fresha.com/book-now/ina-barber-lounge-kdikdivv/all-offer?pId=828985,2,,Amazon Registrar,0,has website,170,false,ChIJZcS-o9V01oYRkUwScqWOaDE,4.8,253,
Knuckles Barbershop,"3720 W Ina Rd Ste. 116, Tucson, AZ 85741, USA",+1 520-833-2711,barber_shop,casas-adobes,https://maps.google.com/?q=Knuckles%20Barbershop%203720%20W%20Ina%20Rd%20Ste.%20116%2C%20Tucson%2C%20AZ%2085741%2C%20USA,https://www.facebook.com/profile.php?id=100070665887268,2,custom/unknown,RegistrarSafe,0,has website,171,false,ChIJ_2iHbNV01oYRRaQZAH4Xidk,4.4,71,
Dave & Associates,"3684 W Orange Grove Rd, Tucson, AZ 85741, USA",+1 520-260-3872,barber_shop,casas-adobes,https://maps.google.com/?q=Dave%20%26%20Associates%203684%20W%20Orange%20Grove%20Rd%2C%20Tucson%2C%20AZ%2085741%2C%20USA,http://www.dnabarbershop.com/,2,custom/unknown,GoDaddy.com,0,has website,172,false,ChIJJVFhJt901oYRN-L2t_XbcYY,4.4,89,
U Got It Barbershop,"6741 N Thornydale Rd #159, Tucson, AZ 85741, USA",+1 520-744-9551,barber_shop,casas-adobes,https://maps.google.com/?q=U%20Got%20It%20Barbershop%206741%20N%20Thornydale%20Rd%20%23159%2C%20Tucson%2C%20AZ%2085741%2C%20USA,https://ugotitbarbershop.barberly.app/,2,custom/unknown,unknown,0,has website,173,false,ChIJLbQoM9MK1oYRHBrm4T0ZzOc,4.7,170,
R & Z's Barbershop,"3924 W Ina Rd #308, Tucson, AZ 85741, USA",+1 520-744-4000,barber_shop,casas-adobes,https://maps.google.com/?q=R%20%26%20Z%27s%20Barbershop%203924%20W%20Ina%20Rd%20%23308%2C%20Tucson%2C%20AZ%2085741%2C%20USA,https://randzsbarbershop.wixsite.com/r---z-s-barbershop,2,wix,unregistered,0,has website,174,false,ChIJL1f7Gct11oYR-phtTWYTI3w,4.9,94,
Pablos Barber Studio- Barber Shop,"7090 N Oracle Rd Suite 80 Studio #23, Tucson, AZ 85704, USA",+1 520-906-3660,barber_shop,casas-adobes,https://maps.google.com/?q=Pablos%20Barber%20Studio-%20Barber%20Shop%207090%20N%20Oracle%20Rd%20Suite%2080%20Studio%20%2323%2C%20Tucson%2C%20AZ%2085704%2C%20USA,https://www.instagram.com/pablosbarberstudio?utm_source=qr&igsh=MXIxZ2p2Zml3Nm15Mg==,2,custom/unknown,RegistrarSafe,0,has website,176,false,ChIJecILxzRz1oYRk87O96Z6emg,5,12,
Rocks Cuts Studio-Barbershop,"7090 N Oracle Rd Suite 80, Studio 10, Tucson, AZ 85704, USA",+1 520-476-9745,barber_shop,casas-adobes,https://maps.google.com/?q=Rocks%20Cuts%20Studio-Barbershop%207090%20N%20Oracle%20Rd%20Suite%2080%2C%20Studio%2010%2C%20Tucson%2C%20AZ%2085704%2C%20USA,https://getsqr.co/roca-morales,2,custom/unknown,unknown,0,has website,177,false,ChIJb_c-50571oYRCYjhUlgKusM,5,23,
High Class Barber Studio,"7090 N Oracle Rd Suite 80, Tucson, AZ 85704, USA",+1 520-343-3366,barber_shop,casas-adobes,https://maps.google.com/?q=High%20Class%20Barber%20Studio%207090%20N%20Oracle%20Rd%20Suite%2080%2C%20Tucson%2C%20AZ%2085704%2C%20USA,https://vito6776.setmore.com/,2,,unregistered,0,has website,178,false,ChIJIc2yNbdz1oYROyNDCoS5hFE,5,31,
Gafni Dan M DDS,"7320 N La Cholla Blvd Apt 134, Tucson, AZ 85741, USA",+1 520-575-5233,dentist,casas-adobes,https://maps.google.com/?q=Gafni%20Dan%20M%20DDS%207320%20N%20La%20Cholla%20Blvd%20Apt%20134%2C%20Tucson%2C%20AZ%2085741%2C%20USA,,1,,,0,no website,181,false,ChIJtSSQ6bF01oYRKJB_oaeNaoQ,,,gafnidanmdds.com; gafnidanmddstucson.com
Desert Springs Family Dentistry,"7320 N La Cholla Blvd Apt 134, Tucson, AZ 85741, USA",+1 520-500-8437,dentist,casas-adobes,https://maps.google.com/?q=Desert%20Springs%20Family%20Dentistry%207320%20N%20La%20Cholla%20Blvd%20Apt%20134%2C%20Tucson%2C%20AZ%2085741%2C%20USA,https://www.desertspringsfamilydentistry.com/locations/tucson-office/,2,,DNC Holdings,0,has website,182,false,ChIJtSSQ6bF01oYRrsDT9303-xA,4.5,39,
Dr. Emily Yasmer,"7320 N La Cholla Blvd Apt 134, Tucson, AZ 85741, USA",+1 520-575-5900,dentist,casas-adobes,https://maps.google.com/?q=Dr.%20Emily%20Yasmer%207320%20N%20La%20Cholla%20Blvd%20Apt%20134%2C%20Tucson%2C%20AZ%2085741%2C%20USA,https://www.desertspringsfamilydentistry.com/,2,,DNC Holdings,0,has website,183,false,ChIJC2dNk7F01oYRVuuN0wtcJgE,,,
"Dr. Anthony R. Burrows, DDS","7320 N La Cholla Blvd Apt 134, Tucson, AZ 85741, USA",+1 520-575-5900,dentist,casas-adobes,https://maps.google.com/?q=Dr.%20Anthony%20R.%20Burrows%2C%20DDS%207320%20N%20La%20Cholla%20Blvd%20Apt%20134%2C%20Tucson%2C%20AZ%2085741%2C%20USA,https://www.desertspringsfamilydentistry.com/,2,,DNC Holdings,0,has website,184,false,ChIJtSSQ6bF01oYRmJwD2Z5WUtI,4.1,9,
"Dr. Utpal C. Patel, DDS","7434 N La Cholla Blvd, Tucson, AZ 85741, USA",+1 520-742-9292,dentist,casas-adobes,https://maps.google.com/?q=Dr.%20Utpal%20C.%20Patel%2C%20DDS%207434%20N%20La%20Cholla%20Blvd%2C%20Tucson%2C%20AZ%2085741%2C%20USA,,1,,,0,no website,185,false,ChIJYwjIP7J01oYRm4xb_4CDD2U,5,1,drutpalcpateldds.com; drutpalcpatelddstucson.com
"Kevin M. Schmidtke, DMD","7476 N La Cholla Blvd, Tucson, AZ 85741, USA",+1 520-297-2727,dentist,casas-adobes,https://maps.google.com/?q=Kevin%20M.%20Schmidtke%2C%20DMD%207476%20N%20La%20Cholla%20Blvd%2C%20Tucson%2C%20AZ%2085741%2C%20USA,http://www.kevinschmidtkedentistry.com/,2,custom/unknown,eNom,0,has website,186,false,ChIJ92UBW7J01oYRhuXcogx0n1E,4.9,53,
Grinz Orthodontics - NW Tucson,"7488 N La Cholla Blvd, Tucson, AZ 85741, USA",+1 520-297-7575,dentist,casas-adobes,https://maps.google.com/?q=Grinz%20Orthodontics%20-%20NW%20Tucson%207488%20N%20La%20Cholla%20Blvd%2C%20Tucson%2C%20AZ%2085741%2C%20USA,https://grinzorthodontics.com/,2,custom/unknown,Squarespace Domains II LLC,0,has website,187,false,ChIJRRWPZrJ01oYRaf_wV7gJp9s,4.8,189,
Hoda Salim,"7488 N La Cholla Blvd, Tucson, AZ 85741, USA",+1 520-297-7575,dentist,casas-adobes,https://maps.google.com/?q=Hoda%20Salim%207488%20N%20La%20Cholla%20Blvd%2C%20Tucson%2C%20AZ%2085741%2C%20USA,,1,,,0,no website,188,false,ChIJq6qGZrJ01oYRS7MUklUmis4,,,hodasalim.com; hodasalimtucson.com
David Spalding DDS,"7518 N La Cholla Blvd, Tucson, AZ 85741, USA",+1 520-887-4510,dentist,casas-adobes,https://maps.google.com/?q=David%20Spalding%20DDS%207518%20N%20La%20Cholla%20Blvd%2C%20Tucson%2C%20AZ%2085741%2C%20USA,https://davidspaldingdds.com/,2,custom/unknown,GoDaddy.com,0,has website,189,false,ChIJD95RXrJ01oYRIQP43Cmtocs,5,190,
Ina Dentistry,"7516 N La Cholla Blvd, Tucson, AZ 85741, USA",+1 520-742-1713,dentist,casas-adobes,https://maps.google.com/?q=Ina%20Dentistry%207516%20N%20La%20Cholla%20Blvd%2C%20Tucson%2C%20AZ%2085741%2C%20USA,http://inadentistry.com/,2,,GoDaddy.com,0,has website,190,false,ChIJNbcG8bJ01oYRpIewuQCm1Io,4.2,21,
"Ina Dentistry: Dr. James Symonds, D.D.S.","7516 N La Cholla Blvd, Tucson, AZ 85741, USA",+1 520-742-1713,dentist,casas-adobes,https://maps.google.com/?q=Ina%20Dentistry%3A%20Dr.%20James%20Symonds%2C%20D.D.S.%207516%20N%20La%20Cholla%20Blvd%2C%20Tucson%2C%20AZ%2085741%2C%20USA,http://www.inadentistry.com/,2,,GoDaddy.com,0,has website,191,false,ChIJNbcG8bJ01oYR5JiOwXREZNk,5,7,
Arizona Prosthodontics,"7556 N La Cholla Blvd, Tucson, AZ 85741, USA",+1 520-323-2900,dentist,casas-adobes,https://maps.google.com/?q=Arizona%20Prosthodontics%207556%20N%20La%20Cholla%20Blvd%2C%20Tucson%2C%20AZ%2085741%2C%20USA,http://www.drfarnum.com/,2,wordpress,Network Solutions,0,has website,192,false,ChIJ__Lk7rJ01oYRdsGHccWrgC0,3.9,19,
Ryan C Farnum,"7556 N La Cholla Blvd #58, Tucson, AZ 85741, USA",+1 520-323-2900,dentist,casas-adobes,https://maps.google.com/?q=Ryan%20C%20Farnum%207556%20N%20La%20Cholla%20Blvd%20%2358%2C%20Tucson%2C%20AZ%2085741%2C%20USA,,1,,,0,no website,193,false,ChIJAQDc7rJ01oYR0DI7gXv7k88,3,4,ryancfarnum.com; ryancfarnumtucson.com
Dr. Eugene Choi,"7578 N La Cholla Blvd, Tucson, AZ 85741, USA",+1 520-263-8873,dentist,casas-adobes,https://maps.google.com/?q=Dr.%20Eugene%20Choi%207578%20N%20La%20Cholla%20Blvd%2C%20Tucson%2C%20AZ%2085741%2C%20USA,https://www.greatsmilefamilydentistry.com/dr-eugene-choi,2,custom/unknown,GoDaddy.com,0,has website,194,false,ChIJ__9zkrJ01oYRCm1eR30xo-g,,,
Great Smile Family Dentistry,"7578 N La Cholla Blvd, Tucson, AZ 85741, USA",+1 520-742-1991,dentist,casas-adobes,https://maps.google.com/?q=Great%20Smile%20Family%20Dentistry%207578%20N%20La%20Cholla%20Blvd%2C%20Tucson%2C%20AZ%2085741%2C%20USA,https://www.greatsmilefamilydentistry.com/,2,custom/unknown,GoDaddy.com,0,has website,195,false,ChIJZ7gKkrJ01oYRt3SMZcf8M9k,4.9,298,
Norman Bunch DDS MS: Pediatric Dentist,"7610 N La Cholla Blvd, Tucson, AZ 85741, USA",+1 520-544-8522,dentist,casas-adobes,https://maps.google.com/?q=Norman%20Bunch%20DDS%20MS%3A%20Pediatric%20Dentist%207610%20N%20La%20Cholla%20Blvd%2C%20Tucson%2C%20AZ%2085741%2C%20USA,http://www.nwkidsdds.com/,2,custom/unknown,GoDaddy.com,0,has website,196,false,ChIJua9NvbJ01oYRTtFAGQLm0UU,4.2,5,
Northwest Children's Dentistry,"7610 N La Cholla Blvd, Tucson, AZ 85741, USA",+1 520-544-8522,dentist,casas-adobes,https://maps.google.com/?q=Northwest%20Children%27s%20Dentistry%207610%20N%20La%20Cholla%20Blvd%2C%20Tucson%2C%20AZ%2085741%2C%20USA,http://www.nwkidsdds.com/,2,custom/unknown,GoDaddy.com,0,has website,197,false,ChIJua9NvbJ01oYRkGLjayleAeQ,4.9,115,
Monsoon Dental,"2195 W Magee Rd #120, Tucson, AZ 85742, USA",+1 520-720-3999,dentist,casas-adobes,https://maps.google.com/?q=Monsoon%20Dental%202195%20W%20Magee%20Rd%20%23120%2C%20Tucson%2C%20AZ%2085742%2C%20USA,https://www.monsoondental.com/?utm_source=google&utm_medium=organic&utm_campaign=gbp-listing,2,custom/unknown,GoDaddy.com,0,has website,198,false,ChIJkYCYs8gL1oYRVYd2s9GxSSo,5,21,
Jose Osete D.D.S.,"2205 W Magee Rd #124, Tucson, AZ 85742, USA",+1 520-797-4551,dentist,casas-adobes,https://maps.google.com/?q=Jose%20Osete%20D.D.S.%202205%20W%20Magee%20Rd%20%23124%2C%20Tucson%2C%20AZ%2085742%2C%20USA,http://www.arizonasunsetdental.com/,2,wordpress,GoDaddy.com,0,has website,199,false,ChIJfQELwEwL1oYR6v7LS4RCR_k,5,3,
Arizona Sunset Dental,"2205 W Magee Rd #124, Tucson, AZ 85742, USA",+1 520-797-4551,dentist,casas-adobes,https://maps.google.com/?q=Arizona%20Sunset%20Dental%202205%20W%20Magee%20Rd%20%23124%2C%20Tucson%2C%20AZ%2085742%2C%20USA,http://www.arizonasunsetdental.com/,2,wordpress,GoDaddy.com,0,has website,200,false,ChIJe33zvZl01oYRDEDmqOwotoE,5,35,
"Ajay Sanan, MD","7396 N La Cholla Blvd, Tucson, AZ 85741, USA",+1 520-229-1554,doctor,casas-adobes,https://maps.google.com/?q=Ajay%20Sanan%2C%20MD%207396%20N%20La%20Cholla%20Blvd%2C%20Tucson%2C%20AZ%2085741%2C%20USA,https://www.pimaeye.com/our-doctors/ajay-sanan-md/,2,wordpress,NameCheap,0,has website,201,false,ChIJL1sqO7J01oYRrv5FxBBpokQ,5,29,
Pima Eye Institute PC,"7396 N La Cholla Blvd, Tucson, AZ 85741, USA",+1 520-229-1554,doctor,casas-adobes,https://maps.google.com/?q=Pima%20Eye%20Institute%20PC%207396%20N%20La%20Cholla%20Blvd%2C%20Tucson%2C%20AZ%2085741%2C%20USA,http://www.pimaeye.com/,2,wordpress,NameCheap,0,has website,202,false,ChIJL1sqO7J01oYRlIaya_TtfXs,4.2,60,
"Ricardo Couso, MD","7396 N La Cholla Blvd, Tucson, AZ 85741, USA",+1 520-229-1554,doctor,casas-adobes,https://maps.google.com/?q=Ricardo%20Couso%2C%20MD%207396%20N%20La%20Cholla%20Blvd%2C%20Tucson%2C%20AZ%2085741%2C%20USA,https://www.pimaeye.com/,2,wordpress,NameCheap,0,has website,203,false,ChIJ__ILAnl11oYRY8wp3VgKsvI,5,2,
Lindsay Tavares,"7396 N La Cholla Blvd, Tucson, AZ 85741, USA",+1 520-229-1554,doctor,casas-adobes,https://maps.google.com/?q=Lindsay%20Tavares%207396%20N%20La%20Cholla%20Blvd%2C%20Tucson%2C%20AZ%2085741%2C%20USA,https://www.pimaeye.com/our-doctors/lindsay-tavares-md/,2,wordpress,NameCheap,0,has website,204,false,ChIJVVUlO7J01oYRDTunOLgmmnY,4.5,8,
Tucson Foot and Ankle Institute,"7406 N La Cholla Blvd, Tucson, AZ 85741, USA",+1 520-545-0202,doctor,casas-adobes,https://maps.google.com/?q=Tucson%20Foot%20and%20Ankle%20Institute%207406%20N%20La%20Cholla%20Blvd%2C%20Tucson%2C%20AZ%2085741%2C%20USA,,1,,,0,no website,205,false,ChIJSRcKVlV11oYRT3Qf68Z7S-8,4.8,248,tucsonfootandankleinstitute.com; tucsonfootandankleinstitutetucson.com
Center for Neurology and Spine,"7406 N La Cholla Blvd, Tucson, AZ 85741, USA",+1 602-482-2116,doctor,casas-adobes,https://maps.google.com/?q=Center%20for%20Neurology%20and%20Spine%207406%20N%20La%20Cholla%20Blvd%2C%20Tucson%2C%20AZ%2085741%2C%20USA,,1,,,0,no website,206,false,ChIJ9_IZCvV11oYRbLJ0f8rrn_E,,,centerforneurologyandspinetucson.com; centerforneurologyandspineaz.com
"Dr. Alan Shih, DPM","7406 N La Cholla Blvd, Tucson, AZ 85741, USA",+1 520-545-0202,doctor,casas-adobes,https://maps.google.com/?q=Dr.%20Alan%20Shih%2C%20DPM%207406%20N%20La%20Cholla%20Blvd%2C%20Tucson%2C%20AZ%2085741%2C%20USA,https://tucsonfoot.com/dr-shih/?utm_source=Local&utm_medium=GMB&utm_campaign=Alan%20Shih,2,wordpress,GoDaddy.com,0,has website,207,false,ChIJ2Zz3OLJ01oYRV8oxfPFBOic,4.6,36,
🟣Dr Ernestina Pelayo,"7410 N La Cholla Blvd, Tucson, AZ 85741, USA",+1 520-531-0431,doctor,casas-adobes,https://maps.google.com/?q=%F0%9F%9F%A3Dr%20Ernestina%20Pelayo%207410%20N%20La%20Cholla%20Blvd%2C%20Tucson%2C%20AZ%2085741%2C%20USA,,1,,,0,no website,208,false,ChIJM4Zwj55z1oYRwwkALsORvm8,,,drernestinapelayo.com; drernestinapelayotucson.com
"Head to Toe Healthcare, PLC","7406 N La Cholla Blvd, Tucson, AZ 85741, USA",+1 520-545-0202,doctor,casas-adobes,https://maps.google.com/?q=Head%20to%20Toe%20Healthcare%2C%20PLC%207406%20N%20La%20Cholla%20Blvd%2C%20Tucson%2C%20AZ%2085741%2C%20USA,https://headtotoehealthcare.org/?utm_source=Local&utm_medium=GMB&utm_campaign=Head%20to%20Toe%20Healthcare,2,wordpress,GoDaddy.com,0,has website,209,false,ChIJ2Zz3OLJ01oYR6H2vivWY9V4,4.6,245,
Pusch Ridge Family Medicine,"7390 N La Cholla Blvd, Tucson, AZ 85741, USA",+1 520-825-3547,doctor,casas-adobes,https://maps.google.com/?q=Pusch%20Ridge%20Family%20Medicine%207390%20N%20La%20Cholla%20Blvd%2C%20Tucson%2C%20AZ%2085741%2C%20USA,https://www.azacp.com/office/pusch-ridge/,2,custom php,GoDaddy.com,0,has website,210,false,ChIJ_QRNGLJ01oYR_5aZgqKrjs0,4.3,25,
"Kimy Charani, DO","7390 N La Cholla Blvd, Tucson, AZ 85741, USA",+1 520-825-3547,doctor,casas-adobes,https://maps.google.com/?q=Kimy%20Charani%2C%20DO%207390%20N%20La%20Cholla%20Blvd%2C%20Tucson%2C%20AZ%2085741%2C%20USA,http://www.azacp.com/,2,custom php,GoDaddy.com,0,has website,211,false,ChIJ_QRNGLJ01oYRGzqv6uTorOs,4.8,17,
"Greg Capocy, PMHNP-BC - Brightmind Psychiatry PLLC","7410 N La Cholla Blvd, Tucson, AZ 85741, USA",+1 520-742-9166,doctor,casas-adobes,https://maps.google.com/?q=Greg%20Capocy%2C%20PMHNP-BC%20-%20Brightmind%20Psychiatry%20PLLC%207410%20N%20La%20Cholla%20Blvd%2C%20Tucson%2C%20AZ%2085741%2C%20USA,http://brightmindpsychiatry.com/,2,wordpress,GoDaddy.com,0,has website,212,false,ChIJS0DFBCN3RSMRmMbd1ncLTjU,5,1,
Dr. Tejaskumar Patel,"7410 N La Cholla Blvd, Tucson, AZ 85741, USA",+1 520-639-8576,doctor,casas-adobes,https://maps.google.com/?q=Dr.%20Tejaskumar%20Patel%207410%20N%20La%20Cholla%20Blvd%2C%20Tucson%2C%20AZ%2085741%2C%20USA,,1,,,0,no website,213,false,ChIJ-3_hPbJ01oYRIE7dm0hemD4,,,drtejaskumarpatel.com; drtejaskumarpateltucson.com
"Dr. Ernestina Pelayo De Olivares, MD","7410 N La Cholla Blvd, Tucson, AZ 85741, USA",+1 520-742-9166,doctor,casas-adobes,https://maps.google.com/?q=Dr.%20Ernestina%20Pelayo%20De%20Olivares%2C%20MD%207410%20N%20La%20Cholla%20Blvd%2C%20Tucson%2C%20AZ%2085741%2C%20USA,https://rymap.org/business/dr-ernestina-pelayo-de-olivares-md-7y5ugw,2,custom/unknown,Name.com,0,has website,214,false,ChIJM4Zwj55z1oYReKuXfnH59jo,4.4,13,
Bock Erich V DPM,"7320 N La Cholla Blvd, Tucson, AZ 85741, USA",+1 520-219-1477,doctor,casas-adobes,https://maps.google.com/?q=Bock%20Erich%20V%20DPM%207320%20N%20La%20Cholla%20Blvd%2C%20Tucson%2C%20AZ%2085741%2C%20USA,,1,,,0,no website,215,false,ChIJq6qqqtp01oYRdLZRb3AfpOY,,,bockerichvdpm.com; bockerichvdpmtucson.com
Ortho Sport & Spine Physicians,"7434 N La Cholla Blvd, Tucson, AZ 85741, USA",+1 520-542-3515,doctor,casas-adobes,https://maps.google.com/?q=Ortho%20Sport%20%26%20Spine%20Physicians%207434%20N%20La%20Cholla%20Blvd%2C%20Tucson%2C%20AZ%2085741%2C%20USA,https://orthosportandspine.com/,2,wordpress,GoDaddy.com,0,has website,216,false,ChIJv-yQZ8511oYR6gYCqTPx2dw,,,
"Dr. Jeffrey M. Nelson, MD","7416 N La Cholla Blvd, Tucson, AZ 85741, USA",+1 520-575-8400,doctor,casas-adobes,https://maps.google.com/?q=Dr.%20Jeffrey%20M.%20Nelson%2C%20MD%207416%20N%20La%20Cholla%20Blvd%2C%20Tucson%2C%20AZ%2085741%2C%20USA,http://www.jnelsonmd.com/,2,,DomainSpot LLC,0,has website,217,false,ChIJ8S-UFrJ01oYRMa8-qLEClWo,3.9,31,
Dr Bruce Sadilek,"7468 N La Cholla Blvd, Tucson, AZ 85741, USA",+1 520-297-9664,doctor,casas-adobes,https://maps.google.com/?q=Dr%20Bruce%20Sadilek%207468%20N%20La%20Cholla%20Blvd%2C%20Tucson%2C%20AZ%2085741%2C%20USA,http://www.drsadilek.com/,2,custom/unknown,GoDaddy.com,0,has website,218,false,ChIJrVM0RLJ01oYRh_dwEnEqGJ4,5,28,
Integrative Medical Associates,"7468 N La Cholla Blvd, Tucson, AZ 85741, USA",+1 520-297-9664,doctor,casas-adobes,https://maps.google.com/?q=Integrative%20Medical%20Associates%207468%20N%20La%20Cholla%20Blvd%2C%20Tucson%2C%20AZ%2085741%2C%20USA,http://www.drsadilek.com/,2,custom/unknown,GoDaddy.com,0,has website,219,false,ChIJrVM0RLJ01oYRxZjuw6mDCcA,4.6,8,
Northwest Internal Medicine,"7370 N La Cholla Blvd, Tucson, AZ 85741, USA",+1 520-742-1565,doctor,casas-adobes,https://maps.google.com/?q=Northwest%20Internal%20Medicine%207370%20N%20La%20Cholla%20Blvd%2C%20Tucson%2C%20AZ%2085741%2C%20USA,http://www.nwalliedphysicians.com/,2,custom/unknown,GoDaddy.com,0,has website,220,false,ChIJgZ5V-LF01oYRCbo-VDQsxD0,,,
Mann Susan L,"7400 N La Cholla Blvd, Tucson, AZ 85741, USA",+1 520-531-0305,physiotherapist,casas-adobes,https://maps.google.com/?q=Mann%20Susan%20L%207400%20N%20La%20Cholla%20Blvd%2C%20Tucson%2C%20AZ%2085741%2C%20USA,,1,,,0,no website,221,false,ChIJsYSyO7J01oYRralL1PLINdk,,,mannsusanl.com; mannsusanltucson.com
Neal Marcus R,"7400 N La Cholla Blvd, Tucson, AZ 85741, USA",+1 520-531-0305,physiotherapist,casas-adobes,https://maps.google.com/?q=Neal%20Marcus%20R%207400%20N%20La%20Cholla%20Blvd%2C%20Tucson%2C%20AZ%2085741%2C%20USA,,1,,,0,no website,222,false,ChIJsYSyO7J01oYR66HjlewHqz8,,,nealmarcusr.com; nealmarcusrtucson.com
Desert Palms Physical Therapy,"7400 N La Cholla Blvd, Tucson, AZ 85741, USA",+1 520-531-0305,physiotherapist,casas-adobes,https://maps.google.com/?q=Desert%20Palms%20Physical%20Therapy%207400%20N%20La%20Cholla%20Blvd%2C%20Tucson%2C%20AZ%2085741%2C%20USA,https://desertpalmspt.com/,2,,GoDaddy.com,0,has website,223,false,ChIJsYSyO7J01oYRwbQDiFXdmew,4.9,176,
"Leslie P. Drawdy, PT","7368 N La Cholla Blvd, Tucson, AZ 85741, USA",+1 520-742-3092,physiotherapist,casas-adobes,https://maps.google.com/?q=Leslie%20P.%20Drawdy%2C%20PT%207368%20N%20La%20Cholla%20Blvd%2C%20Tucson%2C%20AZ%2085741%2C%20USA,,1,,,0,no website,224,false,ChIJvR-C-bF01oYRJL8Z0Sd_n7Y,,,lesliepdrawdypt.com; lesliepdrawdypttucson.com
"Dennis Theobald, PT","2262 W Magee Rd, Tucson, AZ 85742, USA",+1 520-219-0482,physiotherapist,casas-adobes,https://maps.google.com/?q=Dennis%20Theobald%2C%20PT%202262%20W%20Magee%20Rd%2C%20Tucson%2C%20AZ%2085742%2C%20USA,,1,,,0,no website,225,false,ChIJ1fK1g0wL1oYRl3RD11sgFJQ,,,dennistheobaldpt.com; dennistheobaldpttucson.com
"Selene A. Nance, DPT","6881 N Machiavelli Way, Tucson, AZ 85741, USA",+1 520-792-1450,physiotherapist,casas-adobes,https://maps.google.com/?q=Selene%20A.%20Nance%2C%20DPT%206881%20N%20Machiavelli%20Way%2C%20Tucson%2C%20AZ%2085741%2C%20USA,http://www.tucson.va.gov/,2,custom/unknown,unregistered,0,has website,226,false,ChIJfZ1yS7p01oYRXI9XqdagY_s,,,
"Jason A. Petz, PTA","2945 W Ina Rd # 121, Tucson, AZ 85741, USA",+1 520-219-5553,physiotherapist,casas-adobes,https://maps.google.com/?q=Jason%20A.%20Petz%2C%20PTA%202945%20W%20Ina%20Rd%20%23%20121%2C%20Tucson%2C%20AZ%2085741%2C%20USA,,1,,,0,no website,227,false,ChIJdRyHkM501oYR_q8IuV-6WNM,,,jasonapetzpta.com; jasonapetzptatucson.com
Total Care Connections,"3017 W Ina Rd STE 151, Tucson, AZ 85741, USA",+1 520-546-1554,physiotherapist,casas-adobes,https://maps.google.com/?q=Total%20Care%20Connections%203017%20W%20Ina%20Rd%20STE%20151%2C%20Tucson%2C%20AZ%2085741%2C%20USA,https://totalcareconnections.com/home-care-tucson-az/,2,,NameSilo,0,has website,228,false,ChIJATltSjty1oYRipJSl9piFUY,4.6,70,
Strocsher Amy M.,"2150 W Orange Grove Rd, Tucson, AZ 85741, USA",+1 520-219-0157,physiotherapist,casas-adobes,https://maps.google.com/?q=Strocsher%20Amy%20M.%202150%20W%20Orange%20Grove%20Rd%2C%20Tucson%2C%20AZ%2085741%2C%20USA,https://www.villagemedical.com/locations/arizona/10405-n-la-canada-dr-oro-valley-az-85737,2,custom/unknown,GoDaddy.com,0,has website,229,false,ChIJFZiRwJB01oYR29KEfmllR6w,5,5,
"Marlena Burk, LMT, PT","3055 W Ina Rd Suite 195, Tucson, AZ 85741, USA",+1 520-730-6952,physiotherapist,casas-adobes,https://maps.google.com/?q=Marlena%20Burk%2C%20LMT%2C%20PT%203055%20W%20Ina%20Rd%20Suite%20195%2C%20Tucson%2C%20AZ%2085741%2C%20USA,http://www.saguaronorthwest.com/,2,wix,Wix.com Ltd.,0,has website,230,false,ChIJaymXh1Dh1YYRveZMAl5KhXU,4,4,
Jessica Gonzalez Pons,"6320 N La Cholla Blvd #310, Tucson, AZ 85741, USA",+1 520-382-8200,physiotherapist,casas-adobes,https://maps.google.com/?q=Jessica%20Gonzalez%20Pons%206320%20N%20La%20Cholla%20Blvd%20%23310%2C%20Tucson%2C%20AZ%2085741%2C%20USA,,1,,,0,no website,231,false,ChIJq6pqmZd01oYRgLNKlsqkKYo,,,jessicagonzalezpons.com; jessicagonzalezponstucson.com
Tucson Orthopaedic Institute - Northwest Office,"6320 N La Cholla Blvd #200, Tucson, AZ 85741, USA",+1 520-382-8200,physiotherapist,casas-adobes,https://maps.google.com/?q=Tucson%20Orthopaedic%20Institute%20-%20Northwest%20Office%206320%20N%20La%20Cholla%20Blvd%20%23200%2C%20Tucson%2C%20AZ%2085741%2C%20USA,https://www.tucsonortho.com/contact/northwest-office/,2,custom/unknown,Network Solutions,0,has website,232,false,ChIJN7fkXJB01oYRhVzWsOS4bHw,4.3,639,
Ellers Kristen,"1313 W Magee Rd, Tucson, AZ 85704, USA",+1 520-797-2600,physiotherapist,casas-adobes,https://maps.google.com/?q=Ellers%20Kristen%201313%20W%20Magee%20Rd%2C%20Tucson%2C%20AZ%2085704%2C%20USA,,1,,,0,no website,233,false,ChIJ4xFMbqsM1oYRZ8RNmxcYkd0,,,ellerskristen.com; ellerskristentucson.com
Rusk Amber,"1919 W Medical St, Tucson, AZ 85704, USA",+1 520-291-8311,physiotherapist,casas-adobes,https://maps.google.com/?q=Rusk%20Amber%201919%20W%20Medical%20St%2C%20Tucson%2C%20AZ%2085704%2C%20USA,,1,,,0,no website,234,false,ChIJj8nkdZl01oYRWBcI710pW98,,,ruskamber.com; ruskambertucson.com
Encompass Health Rehabilitation Hospital of Northwest Tucson,"1921 W Hospital Dr, Tucson, AZ 85704, USA",+1 520-742-2800,physiotherapist,casas-adobes,https://maps.google.com/?q=Encompass%20Health%20Rehabilitation%20Hospital%20of%20Northwest%20Tucson%201921%20W%20Hospital%20Dr%2C%20Tucson%2C%20AZ%2085704%2C%20USA,https://www.encompasshealth.com/locations/northwest-tucson-rehab?utm_source=google&utm_medium=organic&utm_campaign=gbp,2,,Network Solutions,0,has website,235,false,ChIJ7wC7Ppp01oYRf14Z-iPUHnQ,4.3,68,
"Ashley Thompson, MOT","1921 W Hospital Dr, Tucson, AZ 85704, USA",+1 520-544-5262,physiotherapist,casas-adobes,https://maps.google.com/?q=Ashley%20Thompson%2C%20MOT%201921%20W%20Hospital%20Dr%2C%20Tucson%2C%20AZ%2085704%2C%20USA,,1,,,0,no website,236,false,ChIJ7wC7Ppp01oYRm1xnYt8Zm_k,,,ashleythompsonmot.com; ashleythompsonmottucson.com
Vibrant Health Clinic-Institute,"By Appt, Tucson, AZ 85704, USA",+1 520-615-1336,physiotherapist,casas-adobes,https://maps.google.com/?q=Vibrant%20Health%20Clinic-Institute%20By%20Appt%2C%20Tucson%2C%20AZ%2085704%2C%20USA,,1,,,0,no website,237,false,ChIJAQAAAFBz1oYRteTNrHl8PIY,,,vibranthealthclinicinstitute.com; vibranthealthclinicinstitutetucson.com
Athletico Physical Therapy - Tucson (Northwest La Cholla),"5880 N La Cholla Blvd Ste. 120, Tucson, AZ 85704, USA",+1 520-639-8122,physiotherapist,casas-adobes,https://maps.google.com/?q=Athletico%20Physical%20Therapy%20-%20Tucson%20%28Northwest%20La%20Cholla%29%205880%20N%20La%20Cholla%20Blvd%20Ste.%20120%2C%20Tucson%2C%20AZ%2085704%2C%20USA,https://www.athletico.com/locations/tucson-northwest-la-cholla/?utm_source=google-tucsonNWlacholla&utm_medium=web&utm_campaign=google-listings,2,custom/unknown,GoDaddy.com,0,has website,238,false,ChIJD897_Y901oYRLqDgHYoYkWI,4.8,48,
"Holly Dwyer, PTA","7315 N Oracle Rd, Tucson, AZ 85704, USA",+1 520-293-5551,physiotherapist,casas-adobes,https://maps.google.com/?q=Holly%20Dwyer%2C%20PTA%207315%20N%20Oracle%20Rd%2C%20Tucson%2C%20AZ%2085704%2C%20USA,,1,,,0,no website,239,false,ChIJzW0caJ5z1oYRHkcPWl-iEPQ,,,hollydwyerpta.com; hollydwyerptatucson.com
ProActive Physical Therapy,"7601 N Oracle Rd #101, Oro Valley, AZ 85704, USA",+1 520-293-5551,physiotherapist,casas-adobes,https://maps.google.com/?q=ProActive%20Physical%20Therapy%207601%20N%20Oracle%20Rd%20%23101%2C%20Oro%20Valley%2C%20AZ%2085704%2C%20USA,https://proactivept.com/location/north-central-tucson/,2,wordpress,Cloudflare,0,has website,240,false,ChIJY0kqRkZz1oYRisvNzqy7jNQ,4.9,106,
Apex Tailoring Studio,"7475 N La Cholla Blvd #418, Tucson, AZ 85741, USA",+1 520-639-6672,clothing_store,casas-adobes,https://maps.google.com/?q=Apex%20Tailoring%20Studio%207475%20N%20La%20Cholla%20Blvd%20%23418%2C%20Tucson%2C%20AZ%2085741%2C%20USA,https://www.apextailoringstudio.com/,2,wordpress,Cloudflare,0,has website,242,false,ChIJCe1EFgR11oYRbRtGQ9L-GRI,4.9,9,
True Me Inspire,"2840 W Ina Rd Apt 144, Tucson, AZ 85741, USA",+1 520-309-0456,clothing_store,casas-adobes,https://maps.google.com/?q=True%20Me%20Inspire%202840%20W%20Ina%20Rd%20Apt%20144%2C%20Tucson%2C%20AZ%2085741%2C%20USA,https://www.truemeinspire.com/,2,shopify,GoDaddy.com,0,has website,244,false,ChIJbfx5Ypx11oYReqG8_qwr0yc,5,11,
My Malonda Boutique,"3275 W Ina Rd Suite 269, Tucson, AZ 85741, USA",+1 520-860-5123,clothing_store,casas-adobes,https://maps.google.com/?q=My%20Malonda%20Boutique%203275%20W%20Ina%20Rd%20Suite%20269%2C%20Tucson%2C%20AZ%2085741%2C%20USA,,1,,,0,no website,246,false,ChIJ-YlMASJ11oYRbZfNMaeya4c,,,mymalondaboutique.com; mymalondaboutiquetucson.com
MWFLAVOR LLC,"3080 W Windsor Crest Pl, Tucson, AZ 85742, USA",+1 520-349-6081,clothing_store,casas-adobes,https://maps.google.com/?q=MWFLAVOR%20LLC%203080%20W%20Windsor%20Crest%20Pl%2C%20Tucson%2C%20AZ%2085742%2C%20USA,,1,,,0,no website,247,false,ChIJ-VUBlF0L1oYRQWU9il_zj6Q,,,mwflavor.com; mwflavortucson.com
Blessingdales Boutique,"3725 W Ina Rd Suite 100, Tucson, AZ 85741, USA",+1 520-572-6301,clothing_store,casas-adobes,https://maps.google.com/?q=Blessingdales%20Boutique%203725%20W%20Ina%20Rd%20Suite%20100%2C%20Tucson%2C%20AZ%2085741%2C%20USA,https://tcaz.org/get-involved/thrift-stores/?utm_source=gbp&utm_medium=organic,2,wordpress,Bluehost Inc.,0,has website,248,false,ChIJYZ76ndV01oYR9w6u32uPOJ4,4.5,20,
Bulldog Customs LLC,"3701 W Starburst Dr, Tucson, AZ 85741, USA",+1 520-370-4017,clothing_store,casas-adobes,https://maps.google.com/?q=Bulldog%20Customs%20LLC%203701%20W%20Starburst%20Dr%2C%20Tucson%2C%20AZ%2085741%2C%20USA,https://www.facebook.com/BulldogCustoms?mibextid=ZbWKwL,2,custom/unknown,RegistrarSafe,0,has website,249,false,ChIJw7Dv9XB11oYRwvNuU_NHh0Q,5,1,
Prestige clothing,"1616 W Sunridge Dr, Tucson, AZ 85704, USA",,clothing_store,casas-adobes,https://maps.google.com/?q=Prestige%20clothing%201616%20W%20Sunridge%20Dr%2C%20Tucson%2C%20AZ%2085704%2C%20USA,,1,,,0,no website,251,false,ChIJUdH-hfgL1oYRgtJQsCqnkL4,,,prestigeclothingtucson.com; prestigeclothingaz.com
Tally Anne's Fashion Closet,"7229 N Thornydale Rd # 137, Tucson, AZ 85741, USA",+1 520-488-2344,clothing_store,casas-adobes,https://maps.google.com/?q=Tally%20Anne%27s%20Fashion%20Closet%207229%20N%20Thornydale%20Rd%20%23%20137%2C%20Tucson%2C%20AZ%2085741%2C%20USA,http://www.tallyannes.com/,2,custom/unknown,IONOS SE,0,has website,252,false,ChIJpe9QzdN11oYRv2oi16Hpbjg,4.3,3,
AR Workshop Tucson,"7119 N Oracle Rd, Tucson, AZ 85704, USA",+1 520-339-6677,clothing_store,casas-adobes,https://maps.google.com/?q=AR%20Workshop%20Tucson%207119%20N%20Oracle%20Rd%2C%20Tucson%2C%20AZ%2085704%2C%20USA,https://www.arworkshop.com/tucson,2,custom/unknown,Rebel Ltd,0,has website,254,false,ChIJr5vaqQVz1oYR-RZJZdhR-eQ,5,42,
Road Runner Sports,"7113 N Oracle Rd, Tucson, AZ 85704, USA",+1 520-653-5306,clothing_store,casas-adobes,https://maps.google.com/?q=Road%20Runner%20Sports%207113%20N%20Oracle%20Rd%2C%20Tucson%2C%20AZ%2085704%2C%20USA,https://stores.roadrunnersports.com/az/tucson/running-shoe-store-306.html?utm_source=google&utm_medium=organic&utm_campaign=gmb&utm_term=306,2,custom/unknown,unregistered,0,has website,256,false,ChIJOZNzwUpz1oYR3VjH-t7dxGY,4.9,108,
Loop Jean Company,"7047 N Oracle Rd, Tucson, AZ 85704, USA",+1 520-219-9785,clothing_store,casas-adobes,https://maps.google.com/?q=Loop%20Jean%20Company%207047%20N%20Oracle%20Rd%2C%20Tucson%2C%20AZ%2085704%2C%20USA,http://www.loopjeancompany.com/,2,shopify,Automattic Inc.,0,has website,257,false,ChIJ1T2LKkFz1oYR0FAfEn45TrI,4.7,26,
Talbots,"Casas Adobes, Plaza, 7047 N Oracle Rd, Tucson, AZ 85704, USA",+1 520-333-4102,clothing_store,casas-adobes,https://maps.google.com/?q=Talbots%20Casas%20Adobes%2C%20Plaza%2C%207047%20N%20Oracle%20Rd%2C%20Tucson%2C%20AZ%2085704%2C%20USA,https://www.talbots.com/store?StoreID=01272&cmp=seo-gmb-local&utm_source=gmb&utm_medium=seo&utm_campaign=local,2,custom/unknown,CSC Corporate Domains,0,has website,258,false,ChIJW_NxuhJz1oYRlO4CeczQFqA,3.8,19,
J.McLaughlin,"7039 N Oracle Rd, Tucson, AZ 85704, USA",+1 520-492-7710,clothing_store,casas-adobes,https://maps.google.com/?q=J.McLaughlin%207039%20N%20Oracle%20Rd%2C%20Tucson%2C%20AZ%2085704%2C%20USA,https://www.jmclaughlin.com/pages/store-locator-az-tucson,2,shopify,Network Solutions,0,has website,259,false,ChIJmx21u_9z1oYRWXgdrYhqPio,5,2,
Jewelry & Watch Shop,"7250 N La Cholla Blvd Suite 178, Tucson, AZ 85741, USA",+1 520-955-9590,jewelry_store,casas-adobes,https://maps.google.com/?q=Jewelry%20%26%20Watch%20Shop%207250%20N%20La%20Cholla%20Blvd%20Suite%20178%2C%20Tucson%2C%20AZ%2085741%2C%20USA,http://www.jewelryandwatch.shop/,2,weebly,unknown,0,has website,260,false,ChIJUz4Lr7N01oYRL_STR8N32dw,4.6,150,
RED SHELL VENUE AT TUCSON GEM SHOW,"3434 W Sophia St, Tucson, AZ 85741, USA",,jewelry_store,casas-adobes,https://maps.google.com/?q=RED%20SHELL%20VENUE%20AT%20TUCSON%20GEM%20SHOW%203434%20W%20Sophia%20St%2C%20Tucson%2C%20AZ%2085741%2C%20USA,,1,,,0,no website,261,false,ChIJx85hDAAL1oYRgdSanorrRb8,,,redshellvenueattucsongemshow.com; redshellvenueattucsongemshowtucson.com
Wire N Wrap Jewelry by KG,"3600 W Orange Grove Rd Site 128, Tucson, AZ 85741, USA",+1 970-216-3392,jewelry_store,casas-adobes,https://maps.google.com/?q=Wire%20N%20Wrap%20Jewelry%20by%20KG%203600%20W%20Orange%20Grove%20Rd%20Site%20128%2C%20Tucson%2C%20AZ%2085741%2C%20USA,https://www.wirenstonejewelrybykg.com/?utm_source=google&utm_medium=wix_google_business_profile&utm_campaign=2566192889820733610,2,,Wix.com Ltd.,0,has website,262,false,ChIJpS4g6Vh11oYRJ0u63fKGj9g,,,
Caldwell Jewelers & Appraisers,"7225 N Oracle Rd Suite 204, Tucson, AZ 85704, USA",+1 520-742-3687,jewelry_store,casas-adobes,https://maps.google.com/?q=Caldwell%20Jewelers%20%26%20Appraisers%207225%20N%20Oracle%20Rd%20Suite%20204%2C%20Tucson%2C%20AZ%2085704%2C%20USA,https://caldwelljewelers.net/,2,wordpress,eNom,0,has website,263,false,ChIJIRo1-EZz1oYRTp3bFCfpWWQ,3.9,16,
Hilari Marks,"7057 N Oracle Rd, Tucson, AZ 85704, USA",+1 520-575-8028,jewelry_store,casas-adobes,https://maps.google.com/?q=Hilari%20Marks%207057%20N%20Oracle%20Rd%2C%20Tucson%2C%20AZ%2085704%2C%20USA,,1,,,0,no website,264,false,ChIJM7mVzkZz1oYRgwmwrB7jTBA,,,hilarimarkstucson.com; hilarimarksaz.com
Park Avenue Jewelers,"7029 N Oracle Rd, Tucson, AZ 85704, USA",+1 520-579-3040,jewelry_store,casas-adobes,https://maps.google.com/?q=Park%20Avenue%20Jewelers%207029%20N%20Oracle%20Rd%2C%20Tucson%2C%20AZ%2085704%2C%20USA,http://parkavejewelers.com/,2,wix,Wix.com Ltd.,0,has website,265,false,ChIJFW_JXN8K1oYRZFtsIJsNBko,4.7,68,
Chico's,"7003 N Oracle Rd Sp C, Tucson, AZ 85704, USA",+1 520-797-1200,jewelry_store,casas-adobes,https://maps.google.com/?q=Chico%27s%207003%20N%20Oracle%20Rd%20Sp%20C%2C%20Tucson%2C%20AZ%2085704%2C%20USA,https://www.chicos.com/locations/us/az/tucson/7003-n-oracle-rd/,2,,CSC Corporate Domains,0,has website,266,false,ChIJV_DO9DOHhYARvadRW0dyj8A,4.5,50,
Sheffield's Diamonds Jewelry Store,"7619 N Oracle Rd Suite 125, Oro Valley, AZ 85704, USA",+1 520-744-3443,jewelry_store,casas-adobes,https://maps.google.com/?q=Sheffield%27s%20Diamonds%20Jewelry%20Store%207619%20N%20Oracle%20Rd%20Suite%20125%2C%20Oro%20Valley%2C%20AZ%2085704%2C%20USA,http://www.sheffieldsdiamonds.com/,2,custom/unknown,GoDaddy.com,0,has website,267,false,ChIJG3ibmUlz1oYRclbdYssPk14,4.8,187,
Spirit’s Child Metaphysical Gift Store,"3870 W River Rd Suite 120, Tucson, AZ 85741, USA",+1 520-744-4402,jewelry_store,casas-adobes,https://maps.google.com/?q=Spirit%E2%80%99s%20Child%20Metaphysical%20Gift%20Store%203870%20W%20River%20Rd%20Suite%20120%2C%20Tucson%2C%20AZ%2085741%2C%20USA,https://www.spiritschild.com/,2,weebly,NameCheap,0,has website,268,false,ChIJ4V9sMP511oYRHUJVIQBk0Yw,4.9,73,
koala-t cut gems,"5621 N La Cholla Blvd, Tucson, AZ 85741, USA",+1 520-887-7299,jewelry_store,casas-adobes,https://maps.google.com/?q=koala-t%20cut%20gems%205621%20N%20La%20Cholla%20Blvd%2C%20Tucson%2C%20AZ%2085741%2C%20USA,https://koala1t1cut1gems.wordpress.com/,2,wordpress,unregistered,0,has website,269,false,ChIJd40kGY901oYRfcoCFv1aLNo,2.8,4,
Crystals,"Marana, AZ 85741, USA",,jewelry_store,casas-adobes,https://maps.google.com/?q=Crystals%20Marana%2C%20AZ%2085741%2C%20USA,,1,,,0,no website,270,false,ChIJ-8ETH9901oYRQ83XQDSWgTo,5,2,crystalstucson.com
Desert View Silver,"7090 N Oracle Rd #178, Tucson, AZ 85704, USA",,jewelry_store,casas-adobes,https://maps.google.com/?q=Desert%20View%20Silver%207090%20N%20Oracle%20Rd%20%23178%2C%20Tucson%2C%20AZ%2085704%2C%20USA,https://desertviewsilver.com/,2,shopify,Tucows Domains Inc.,0,has website,271,false,ChIJ-b5vIM1z1oYRjonq1v-gzFE,5,8,
Goldline Fine Jewelers,"4231 W Ina Rd #121, Tucson, AZ 85741, USA",+1 520-744-3700,jewelry_store,casas-adobes,https://maps.google.com/?q=Goldline%20Fine%20Jewelers%204231%20W%20Ina%20Rd%20%23121%2C%20Tucson%2C%20AZ%2085741%2C%20USA,http://goldlinejewelers.wordpress.com/,2,wordpress,unregistered,0,has website,272,false,ChIJF9a0rUdz1oYRqevsvxlxGCg,4.7,42,
T.J. Maxx,"6230 N Oracle Rd, Tucson, AZ 85704, USA",+1 520-797-8266,jewelry_store,casas-adobes,https://maps.google.com/?q=T.J.%20Maxx%206230%20N%20Oracle%20Rd%2C%20Tucson%2C%20AZ%2085704%2C%20USA,https://tjmaxx.tjx.com/store/index.jsp,2,custom/unknown,unregistered,0,has website,273,false,ChIJodkAoRJz1oYRuVLqUrJ6CaI,4.4,783,
Sunset sparkle designs by Mary,"5901 N Oracle Rd APT 31, Tucson, AZ 85704, USA",+1 520-869-9227,jewelry_store,casas-adobes,https://maps.google.com/?q=Sunset%20sparkle%20designs%20by%20Mary%205901%20N%20Oracle%20Rd%20APT%2031%2C%20Tucson%2C%20AZ%2085704%2C%20USA,,1,,,0,no website,274,false,ChIJZc_lyHtz1oYRDPlROl8NG4Q,,,sunsetsparkledesignsbymary.com; sunsetsparkledesignsbymarytucson.com
Trinity Diamonds and Fine Jewelry,"6070 N Oracle Rd, Tucson, AZ 85704, USA",+1 520-498-5195,jewelry_store,casas-adobes,https://maps.google.com/?q=Trinity%20Diamonds%20and%20Fine%20Jewelry%206070%20N%20Oracle%20Rd%2C%20Tucson%2C%20AZ%2085704%2C%20USA,http://trinitydiamonds.com/,2,shopify,GoDaddy.com,0,has website,275,false,ChIJh0Pk8mEM1oYRvA0rCsBER8o,5,188,
Sprouts Floral,"7665 N Oracle Rd, Oro Valley, AZ 85704, USA",,florist,casas-adobes,https://maps.google.com/?q=Sprouts%20Floral%207665%20N%20Oracle%20Rd%2C%20Oro%20Valley%2C%20AZ%2085704%2C%20USA,https://www.sprouts.com/healthy-living/fresh-flowers/,2,wordpress,Cloudflare,0,has website,277,false,ChIJGQ4TRABz1oYReY7RN0e8Kg0,,,
Sprouts Floral,"8XC4+WH, Marana, AZ 85741, USA",,florist,casas-adobes,https://maps.google.com/?q=Sprouts%20Floral%208XC4%2BWH%2C%20Marana%2C%20AZ%2085741%2C%20USA,https://www.sprouts.com/healthy-living/fresh-flowers/,2,wordpress,Cloudflare,0,has website,278,false,ChIJN7RIfAB11oYRJks1JTmwyBM,,,
Atelier de LaFleur,"6435 N Thornydale Rd Suite 169, Tucson, AZ 85741, USA",+1 520-548-1338,florist,casas-adobes,https://maps.google.com/?q=Atelier%20de%20LaFleur%206435%20N%20Thornydale%20Rd%20Suite%20169%2C%20Tucson%2C%20AZ%2085741%2C%20USA,http://www.lafleurevents.com/,2,squarespace,GoDaddy.com,0,has website,279,false,ChIJmZ65cuJw1oYRO-ZbbuMJ8P4,4.4,28,
Casas Adobes Flower Shop,"7090 N Oracle Rd Suite 198, Tucson, AZ 85704, USA",+1 520-297-1165,florist,casas-adobes,https://maps.google.com/?q=Casas%20Adobes%20Flower%20Shop%207090%20N%20Oracle%20Rd%20Suite%20198%2C%20Tucson%2C%20AZ%2085704%2C%20USA,https://www.casasflowers.com/?utm_source=google&utm_medium=organic&utm_campaign=gmb,2,custom/unknown,DNC Holdings,0,has website,280,false,ChIJTzdItkBz1oYReg1SrlnWNYk,4.8,273,
Forget Me Nots Fine Floral & Gifts,"4249 W Ina Rd Suite 117, Tucson, AZ 85741, USA",+1 520-771-1329,florist,casas-adobes,https://maps.google.com/?q=Forget%20Me%20Nots%20Fine%20Floral%20%26%20Gifts%204249%20W%20Ina%20Rd%20Suite%20117%2C%20Tucson%2C%20AZ%2085741%2C%20USA,https://forgetmenotsaz.com/,2,custom/unknown,GoDaddy.com,0,has website,281,false,ChIJm4X3kDng1YYRZhI-BZgke0E,4.9,254,
Pima Campus Bookstore- Northwest,"7600 N Shannon Rd # D, Tucson, AZ 85709, USA",+1 520-544-8082,book_store,casas-adobes,https://maps.google.com/?q=Pima%20Campus%20Bookstore-%20Northwest%207600%20N%20Shannon%20Rd%20%23%20D%2C%20Tucson%2C%20AZ%2085709%2C%20USA,https://www.follett.com/,2,custom/unknown,CSC Corporate Domains,0,has website,282,false,ChIJWZ-ppDQL1oYR9SJ41e-dnG0,,,
Savers Community Donation Center,"3900 W Ina Rd, Tucson, AZ 85741, USA",+1 520-416-6375,book_store,casas-adobes,https://maps.google.com/?q=Savers%20Community%20Donation%20Center%203900%20W%20Ina%20Rd%2C%20Tucson%2C%20AZ%2085741%2C%20USA,https://stores.savers.com/az/tucson/community-donation-center-cdc1277.html,2,custom/unknown,unregistered,0,has website,283,false,ChIJYZFpR5111oYRu4FuK-A-lvg,3.8,19,
Savers,"3900 W Ina Rd, Tucson, AZ 85741, USA",+1 520-534-2481,book_store,casas-adobes,https://maps.google.com/?q=Savers%203900%20W%20Ina%20Rd%2C%20Tucson%2C%20AZ%2085741%2C%20USA,https://stores.savers.com/az/tucson/savers-thrift-store-1277.html,2,custom/unknown,unregistered,0,has website,284,false,ChIJH1ByhCp11oYRaX3mRJ3Oet4,4.2,637,
The Bell,"5822 N Shannon Rd, Tucson, AZ 85741, USA",,book_store,casas-adobes,https://maps.google.com/?q=The%20Bell%205822%20N%20Shannon%20Rd%2C%20Tucson%2C%20AZ%2085741%2C%20USA,,1,,,0,no website,285,false,ChIJuWS0FAB11oYRcj-clsAxW-c,,,belltucson.com; bellarizona.com
Christian Science Reading Room,"7330 N Oracle Rd Suite 7312, Tucson, AZ 85704, USA",+1 520-297-7683,book_store,casas-adobes,https://maps.google.com/?q=Christian%20Science%20Reading%20Room%207330%20N%20Oracle%20Rd%20Suite%207312%2C%20Tucson%2C%20AZ%2085704%2C%20USA,https://cs3tucson.org/,2,wordpress,Bluehost Inc.,0,has website,286,false,ChIJeWESsWxz1oYR6UM3Y3WY5fM,4.3,6,
Sweet Repeats Children's Resale Boutique,"7936 N Oracle Rd, Tucson, AZ 85704, USA",+1 520-219-0675,book_store,casas-adobes,https://maps.google.com/?q=Sweet%20Repeats%20Children%27s%20Resale%20Boutique%207936%20N%20Oracle%20Rd%2C%20Tucson%2C%20AZ%2085704%2C%20USA,http://www.sweetrepeatstucson.com/,2,wix,GoDaddy.com,0,has website,287,false,ChIJCRzBpUpz1oYRfxs2yME5-RI,3.8,87,
Trinity Bookstore,"7930 N Oracle Rd, Oro Valley, AZ 85704, USA",+1 520-326-8997,book_store,casas-adobes,https://maps.google.com/?q=Trinity%20Bookstore%207930%20N%20Oracle%20Rd%2C%20Oro%20Valley%2C%20AZ%2085704%2C%20USA,http://www.trinitybookstucson.com/,2,custom php,Tucows Domains Inc.,0,has website,288,false,ChIJex0MyeRx1oYRQGC_ufYuxb4,4.7,125,
Little Free Library Book Exchange,"5400 N Trinity Dr, Tucson, AZ 85704, USA",,book_store,casas-adobes,https://maps.google.com/?q=Little%20Free%20Library%20Book%20Exchange%205400%20N%20Trinity%20Dr%2C%20Tucson%2C%20AZ%2085704%2C%20USA,,1,,,0,no website,289,false,ChIJV3jNKAB11oYR5pAQ-gdZ4UQ,5,2,littlefreelibrarybookexchange.com; littlefreelibrarybookexchangetucson.com
Casey's Hallmark Shop,"Desert Springs Shopping Center, 7250 N La Cholla Blvd Ste 170, Tucson, AZ 85704, USA",+1 520-219-0862,gift_shop,casas-adobes,https://maps.google.com/?q=Casey%27s%20Hallmark%20Shop%20Desert%20Springs%20Shopping%20Center%2C%207250%20N%20La%20Cholla%20Blvd%20Ste%20170%2C%20Tucson%2C%20AZ%2085704%2C%20USA,https://stores.hallmark.com/az/tucson/caseys-hallmark-shop-tucson-az-065936.html,2,custom/unknown,unregistered,0,has website,290,false,ChIJH-OCxbF01oYR0ohgV8vmExw,4.4,131,
Great Successes,"7233 N Paseo Del Norte, Tucson, AZ 85704, USA",+1 520-395-2770,gift_shop,casas-adobes,https://maps.google.com/?q=Great%20Successes%207233%20N%20Paseo%20Del%20Norte%2C%20Tucson%2C%20AZ%2085704%2C%20USA,,1,,,0,no website,291,false,ChIJe5oVrkVz1oYRfpPEFgB9nL8,,,greatsuccessestucson.com; greatsuccessesaz.com
La Fuente Museum Shop,"7366 N Paseo Del Norte, Tucson, AZ 85704, USA",,gift_shop,casas-adobes,https://maps.google.com/?q=La%20Fuente%20Museum%20Shop%207366%20N%20Paseo%20Del%20Norte%2C%20Tucson%2C%20AZ%2085704%2C%20USA,,1,,,0,no website,292,false,ChIJmcf-VABz1oYRYhSxgOWzlSM,5,1,lafuentemuseumshop.com; lafuentemuseumshoptucson.com
"Tohono Chul Botanical Gardens, Galleries, and Bistro","7366 N Paseo Del Norte, Tucson, AZ 85704, USA",+1 520-742-6455,gift_shop,casas-adobes,https://maps.google.com/?q=Tohono%20Chul%20Botanical%20Gardens%2C%20Galleries%2C%20and%20Bistro%207366%20N%20Paseo%20Del%20Norte%2C%20Tucson%2C%20AZ%2085704%2C%20USA,https://tohonochul.org/,2,wordpress,Tucows Domains Inc.,0,has website,293,false,ChIJUXp670Vz1oYRMiPExKaTbrA,4.7,2822,
Fred's Cafe,"4142 W Jupiter St, Tucson, AZ 85741, USA",,gift_shop,casas-adobes,https://maps.google.com/?q=Fred%27s%20Cafe%204142%20W%20Jupiter%20St%2C%20Tucson%2C%20AZ%2085741%2C%20USA,,1,,,0,no website,294,false,ChIJA55KUQAL1oYRS4CroG8tztE,,,fredscafetucson.com; fredscafeaz.com
MyManGratsky LLC,"6281 N Oracle Rd Box 36032, Tucson, AZ 85740, USA",,gift_shop,casas-adobes,https://maps.google.com/?q=MyManGratsky%20LLC%206281%20N%20Oracle%20Rd%20Box%2036032%2C%20Tucson%2C%20AZ%2085740%2C%20USA,,1,,,0,no website,295,false,ChIJd8ICl4Nz1oYRnS3MQNGfN-U,,,mymangratskytucson.com; mymangratskyaz.com
Lizards Lair Gifts,"6281 N Oracle Rd #36376, Tucson, AZ 85704, USA",+1 520-422-7878,gift_shop,casas-adobes,https://maps.google.com/?q=Lizards%20Lair%20Gifts%206281%20N%20Oracle%20Rd%20%2336376%2C%20Tucson%2C%20AZ%2085704%2C%20USA,https://lizards-lair-gifts.printify.me/products,2,custom/unknown,unknown,0,has website,296,false,ChIJadbjce9z1oYRFmWkhgDTSI0,,,
100 Point V-16 cadillac parts LLC,"2120 W Ina Rd, Tucson, AZ 85741, USA",+1 520-297-1178,car_repair,casas-adobes,https://maps.google.com/?q=100%20Point%20V-16%20cadillac%20parts%20LLC%202120%20W%20Ina%20Rd%2C%20Tucson%2C%20AZ%2085741%2C%20USA,,1,,,0,no website,297,false,ChIJVVWVBrF01oYRGQYXGV89e4w,,,100pointv16cadillacparts.com; 100pointv16cadillacpartstucson.com
Mobile Mechanic Crew Tucson,"7300 N Mona Lisa Rd, Tucson, AZ 85741, USA",,car_repair,casas-adobes,https://maps.google.com/?q=Mobile%20Mechanic%20Crew%20Tucson%207300%20N%20Mona%20Lisa%20Rd%2C%20Tucson%2C%20AZ%2085741%2C%20USA,,1,,,0,no website,299,false,ChIJxZldR6F11oYR7aE9GeExBew,3,2,mobilemechaniccrewtucson.com; mobilemechaniccrewtucsontucson.com
1-Hour Auto Glass,"2292 W Magee Rd, Tucson, AZ 85742, USA",+1 520-891-5880,car_repair,casas-adobes,https://maps.google.com/?q=1-Hour%20Auto%20Glass%202292%20W%20Magee%20Rd%2C%20Tucson%2C%20AZ%2085742%2C%20USA,https://1hourautoglass.com/,2,wordpress,GoDaddy.com,0,has website,300,false,ChIJVVWlfksL1oYRHQlRbI_wJ9g,5,1,
Discount Tire,"2830 W Ina Rd, Tucson, AZ 85741, USA",+1 520-297-6081,car_repair,casas-adobes,https://maps.google.com/?q=Discount%20Tire%202830%20W%20Ina%20Rd%2C%20Tucson%2C%20AZ%2085741%2C%20USA,https://www.discounttire.com/store/az/tucson/s/1035,2,,CSC Corporate Domains,0,has website,301,false,ChIJf2DEAcx01oYRibXQxPVakck,4.5,628,
Tire shop repair,"2155 W Orange Grove Rd, Tucson, AZ 85741, USA",,car_repair,casas-adobes,https://maps.google.com/?q=Tire%20shop%20repair%202155%20W%20Orange%20Grove%20Rd%2C%20Tucson%2C%20AZ%2085741%2C%20USA,,1,,,0,no website,302,false,ChIJ2ZCpQwB11oYRZ3IgMcUyTnU,,,tireshoprepair.com; tireshoprepairtucson.com
A Universal Window Tinting LLC,"3002 W Gina Pl, Tucson, AZ 85741, USA",+1 520-258-8316,car_repair,casas-adobes,https://maps.google.com/?q=A%20Universal%20Window%20Tinting%20LLC%203002%20W%20Gina%20Pl%2C%20Tucson%2C%20AZ%2085741%2C%20USA,https://alfredolozano20.wixsite.com/auniversalwindowti-1,2,wix,unregistered,0,has website,303,false,ChIJMwDA3yp11oYRfIohoOItttI,5,4,
Tucson Tractor Repair,"Tucson, AZ 85704, USA",+1 520-730-9298,car_repair,casas-adobes,https://maps.google.com/?q=Tucson%20Tractor%20Repair%20Tucson%2C%20AZ%2085704%2C%20USA,http://tucsontractorrepair.com/,2,wix,Squarespace Domains II LLC,0,has website,304,false,ChIJjzJR2jwN1oYRFn2l5pFO4VY,4.8,33,
Automotive Specialists LLC,"3611 W Ina Rd # 101, Tucson, AZ 85741, USA",+1 520-572-1734,car_repair,casas-adobes,https://maps.google.com/?q=Automotive%20Specialists%20LLC%203611%20W%20Ina%20Rd%20%23%20101%2C%20Tucson%2C%20AZ%2085741%2C%20USA,https://automotivespecialistsaz.com/,2,custom/unknown,GoDaddy.com,0,has website,305,false,ChIJtVIwqtV01oYRyT2piOhuARQ,4.6,194,
Freedom Automotive,"3631 W Ina Rd, Tucson, AZ 85741, USA",+1 520-572-1776,car_repair,casas-adobes,https://maps.google.com/?q=Freedom%20Automotive%203631%20W%20Ina%20Rd%2C%20Tucson%2C%20AZ%2085741%2C%20USA,https://freedomautomotiverepair.com/,2,wordpress,GoDaddy.com,0,has website,309,false,ChIJt0DCDTN11oYRqGwbrV9UzIQ,5,50,
AAMCO Transmissions & Total Car Care,"3674 W Ina Rd, Tucson, AZ 85741, USA",+1 520-658-2381,car_repair,casas-adobes,https://maps.google.com/?q=AAMCO%20Transmissions%20%26%20Total%20Car%20Care%203674%20W%20Ina%20Rd%2C%20Tucson%2C%20AZ%2085741%2C%20USA,https://aamcoina.com/?utm_source=G&utm_medium=local&utm_campaign=google-local,2,custom/unknown,GoDaddy.com,0,has website,310,false,ChIJZRqvDdV01oYReD37keTCLwk,4.5,196,
Brake Masters #159,"3670 W Ina Rd, Tucson, AZ 85741, USA",+1 520-762-7553,car_repair,casas-adobes,https://maps.google.com/?q=Brake%20Masters%20%23159%203670%20W%20Ina%20Rd%2C%20Tucson%2C%20AZ%2085741%2C%20USA,https://www.brakemasters.com/stores/3670-w-ina-road-tucson-az/,2,wordpress,GoDaddy.com,0,has website,311,false,ChIJOdP4CtV01oYRTl7FQTJx8ns,4.2,268,
RV Repair Hero,"3600 W Orange Grove Rd Site 69, Tucson, AZ 85741, USA",+1 520-214-1802,car_repair,casas-adobes,https://maps.google.com/?q=RV%20Repair%20Hero%203600%20W%20Orange%20Grove%20Rd%20Site%2069%2C%20Tucson%2C%20AZ%2085741%2C%20USA,https://rvrepairhero.com/,2,wordpress,NameCheap,0,has website,313,false,ChIJ3T6RSmZ11oYROamJiVG3CKM,5,8,
Rolling Homes,"3600 W Orange Grove Rd Site #3, Tucson, AZ 85741, USA",+1 520-222-6541,car_repair,casas-adobes,https://maps.google.com/?q=Rolling%20Homes%203600%20W%20Orange%20Grove%20Rd%20Site%20%233%2C%20Tucson%2C%20AZ%2085741%2C%20USA,https://www.rollinghomesrvrepair.com/,2,wordpress,GoDaddy.com,0,has website,314,false,ChIJb0gKdqV11oYRElN5NbtH4KU,5,174,
BRAKEmax,"7613 N Oracle Rd, Tucson, AZ 85704, USA",+1 520-210-4876,car_repair,casas-adobes,https://maps.google.com/?q=BRAKEmax%207613%20N%20Oracle%20Rd%2C%20Tucson%2C%20AZ%2085704%2C%20USA,https://www.brakemax.com/locations/az/tucson/auto-repair-7613-n-oracle-rd?utm_source=local_listing&utm_medium=organic&utm_campaign=store_1009,2,wordpress,GoDaddy.com,0,has website,315,false,ChIJKal-cklz1oYR6WQpONgAozU,4.9,717,
Quality Lube & Tune,"6895 N Thornydale Rd, Tucson, AZ 85741, USA",+1 520-572-4644,car_repair,casas-adobes,https://maps.google.com/?q=Quality%20Lube%20%26%20Tune%206895%20N%20Thornydale%20Rd%2C%20Tucson%2C%20AZ%2085741%2C%20USA,https://www.qualitylubentune.com/,2,custom/unknown,eNom,0,has website,316,false,ChIJ96v4tNV01oYR3xFYZBatgJA,4.5,136,
Triton Mobile Auto Detailing,"3073 W Avior Dr, Tucson, AZ 85742, USA",+1 480-275-9854,car_wash,casas-adobes,https://maps.google.com/?q=Triton%20Mobile%20Auto%20Detailing%203073%20W%20Avior%20Dr%2C%20Tucson%2C%20AZ%2085742%2C%20USA,https://www.triton-detailing.com/,2,weebly,Register.com - Network Solutions,0,has website,317,false,ChIJ0T-_f5AL1oYRu9-PV8Y53Ts,5,44,
Blue Whale Car Wash,"6611 N Thornydale Rd, Tucson, AZ 85741, USA",+1 520-207-0700,car_wash,casas-adobes,https://maps.google.com/?q=Blue%20Whale%20Car%20Wash%206611%20N%20Thornydale%20Rd%2C%20Tucson%2C%20AZ%2085741%2C%20USA,https://bluewhalecarwashaz.com/,2,wordpress,GoDaddy.com,0,has website,318,false,ChIJ_bzRqZx11oYRyoXX8z8Em6c,2.8,144,
Cool Drive Car Wash,"411 W Cool Dr., Tucson, AZ 85704, USA",+1 520-288-6330,car_wash,casas-adobes,https://maps.google.com/?q=Cool%20Drive%20Car%20Wash%20411%20W%20Cool%20Dr.%2C%20Tucson%2C%20AZ%2085704%2C%20USA,,1,,,0,no website,319,false,ChIJXYG3IrUM1oYR4gShwRhZs3w,4.3,355,cooldrivecarwash.com; cooldrivecarwashtucson.com
Surf Thru Express Car Wash,"3847 W River Rd, Tucson, AZ 85741, USA",+1 520-447-5142,car_wash,casas-adobes,https://maps.google.com/?q=Surf%20Thru%20Express%20Car%20Wash%203847%20W%20River%20Rd%2C%20Tucson%2C%20AZ%2085741%2C%20USA,https://www.surfthruexpress.com/,2,wordpress,GoDaddy.com,0,has website,320,false,ChIJJUFnnCB11oYRha8_i1njk_Y,4.2,860,
ATM (Mister Car Wash),"8175 N Oracle Rd, Tucson, AZ 85704, USA",+1 520-326-1755,car_wash,casas-adobes,https://maps.google.com/?q=ATM%20%28Mister%20Car%20Wash%29%208175%20N%20Oracle%20Rd%2C%20Tucson%2C%20AZ%2085704%2C%20USA,https://mistercarwash.com/,2,wordpress,Network Solutions,0,has website,321,false,ChIJf_WugcoM1oYRYk2kOM5f0Ag,2.6,7,
Mister Car Wash,"8175 N Oracle Rd, Tucson, AZ 85704, USA",+1 520-326-1755,car_wash,casas-adobes,https://maps.google.com/?q=Mister%20Car%20Wash%208175%20N%20Oracle%20Rd%2C%20Tucson%2C%20AZ%2085704%2C%20USA,https://mistercarwash.com/store/oro-valley/?utm_source=google&utm_medium=organic&utm_campaign=gbp,2,wordpress,Network Solutions,0,has website,322,false,ChIJqaon1qUN1oYRYEXS0NjhQZ8,3.9,726,
Mister Car Wash,"3870 W Cortaro Farms Rd, Tucson, AZ 85742, USA",+1 520-338-8676,car_wash,casas-adobes,https://maps.google.com/?q=Mister%20Car%20Wash%203870%20W%20Cortaro%20Farms%20Rd%2C%20Tucson%2C%20AZ%2085742%2C%20USA,https://mistercarwash.com/store/thornydale/?utm_source=google&utm_medium=organic&utm_campaign=gbp,2,wordpress,Network Solutions,0,has website,323,false,ChIJTxQKbEAL1oYRsk7-7eaZCsA,4.4,390,
Mega Wash,"6260 N Travel Center Dr, Tucson, AZ 85743, USA",,car_wash,casas-adobes,https://maps.google.com/?q=Mega%20Wash%206260%20N%20Travel%20Center%20Dr%2C%20Tucson%2C%20AZ%2085743%2C%20USA,,1,,,0,no website,324,false,ChIJ7XHtWCB11oYR2W4SKUdHzVY,3,2,megawashtucson.com; megawashaz.com
Speedy Wash,"Marana, AZ 85741, USA",,car_wash,casas-adobes,https://maps.google.com/?q=Speedy%20Wash%20Marana%2C%20AZ%2085741%2C%20USA,,1,,,0,no website,325,false,ChIJWWK6Ky111oYRdCu0gB45HaA,,,speedywashtucson.com; speedywashaz.com
Super Star Car Wash,"401 W Orange Grove Rd, Tucson, AZ 85704, USA",+1 623-536-5956,car_wash,casas-adobes,https://maps.google.com/?q=Super%20Star%20Car%20Wash%20401%20W%20Orange%20Grove%20Rd%2C%20Tucson%2C%20AZ%2085704%2C%20USA,https://locations.superstarcarwashaz.com/az/tucson/401-w-orange-grove-rd?utm_source=gmb&utm_medium=yext&utm_campaign=store_2046&y_source=1_MjAxNjYxODUzMi03MTUtbG9jYXRpb24ud2Vic2l0ZQ%3D%3D,2,custom/unknown,unregistered,0,has website,326,false,ChIJeelSWtNz1oYRO2PpPLgKlWo,4.5,611,
Clean Freak Car Wash,"4300 W Ina Rd, Tucson, AZ 85741, USA",+1 520-639-6146,car_wash,casas-adobes,https://maps.google.com/?q=Clean%20Freak%20Car%20Wash%204300%20W%20Ina%20Rd%2C%20Tucson%2C%20AZ%2085741%2C%20USA,https://cleanfreakcarwash.com/,2,wordpress,GoDaddy.com,0,has website,327,false,ChIJMZHmn18L1oYR8mT3m6AzvbE,4.1,640,
Auto Wash Express,"4405 W Ina Rd, Tucson, AZ 85741, USA",+1 520-345-6769,car_wash,casas-adobes,https://maps.google.com/?q=Auto%20Wash%20Express%204405%20W%20Ina%20Rd%2C%20Tucson%2C%20AZ%2085741%2C%20USA,http://www.azautowashexpress.com/,2,custom/unknown,Amazon Registrar,0,has website,328,false,ChIJT7JvsDJ11oYReo2ddxD6xGs,4.3,349,
Carpet Police,"7320 N La Cholla Blvd, Tucson, AZ 85741, USA",+1 520-877-9300,laundry,casas-adobes,https://maps.google.com/?q=Carpet%20Police%207320%20N%20La%20Cholla%20Blvd%2C%20Tucson%2C%20AZ%2085741%2C%20USA,https://carpetpolice.com/contact-us/,2,wordpress,GoDaddy.com,0,has website,329,false,ChIJVVUok7F01oYRA4CLfZfBUM8,4.2,5,
Mr Pro Carpet Cleaning,"2001 W Omar Dr, Tucson, AZ 85704, USA",+1 520-504-5828,laundry,casas-adobes,https://maps.google.com/?q=Mr%20Pro%20Carpet%20Cleaning%202001%20W%20Omar%20Dr%2C%20Tucson%2C%20AZ%2085704%2C%20USA,,1,,,0,no website,330,false,ChIJJRCz7KV01oYR-1-4OmQWnQU,3,4,mrprocarpetcleaning.com; mrprocarpetcleaningtucson.com
Steamy Concepts - North Tucson,"3216 W Liberty Tree Ln, Tucson, AZ 85741, USA",+1 520-497-2272,laundry,casas-adobes,https://maps.google.com/?q=Steamy%20Concepts%20-%20North%20Tucson%203216%20W%20Liberty%20Tree%20Ln%2C%20Tucson%2C%20AZ%2085741%2C%20USA,https://www.steamyconcepts.com/locations/north-tucson/,2,wordpress,GoDaddy.com,0,has website,331,false,ChIJCVfsHqFv1oYR57kjwZ08wzA,4.8,678,
Jc Carpet Cleaning,"2441 W Oracle Jaynes Station Rd, Tucson, AZ 85741, USA",,laundry,casas-adobes,https://maps.google.com/?q=Jc%20Carpet%20Cleaning%202441%20W%20Oracle%20Jaynes%20Station%20Rd%2C%20Tucson%2C%20AZ%2085741%2C%20USA,,1,,,0,no website,332,false,ChIJAQDk_5J01oYRYP2ZDhZCcN0,5,1,jccarpetcleaningtucson.com; jccarpetcleaningaz.com
Orange Grove Laundromat,"3684 W Orange Grove Rd, Tucson, AZ 85741, USA",+1 520-797-8877,laundry,casas-adobes,https://maps.google.com/?q=Orange%20Grove%20Laundromat%203684%20W%20Orange%20Grove%20Rd%2C%20Tucson%2C%20AZ%2085741%2C%20USA,https://orangegrovelaundromat.com/,2,custom/unknown,GoDaddy.com,0,has website,333,false,ChIJzWgrnOd11oYRAaA30Rh821o,3.5,29,
Sparkle Cleaners - Oracle,"7090 N Oracle Rd #184, Tucson, AZ 85704, USA",+1 520-402-4984,laundry,casas-adobes,https://maps.google.com/?q=Sparkle%20Cleaners%20-%20Oracle%207090%20N%20Oracle%20Rd%20%23184%2C%20Tucson%2C%20AZ%2085704%2C%20USA,http://www.sparklecleaners.com/,2,custom/unknown,Network Solutions,0,has website,334,false,ChIJTzdItkBz1oYRmpQbmmMQWbg,4.8,519,
Room Of Rugs,"7090 N Oracle Rd #192, Tucson, AZ 85704, USA",+1 520-797-3885,laundry,casas-adobes,https://maps.google.com/?q=Room%20Of%20Rugs%207090%20N%20Oracle%20Rd%20%23192%2C%20Tucson%2C%20AZ%2085704%2C%20USA,https://roomofrugs.com/,2,wordpress,Wild West Domains,0,has website,335,false,ChIJ4xU5skBz1oYRv5ERLp4H8uE,5,168,
Catalina Cleaners,"8310 N Thornydale Rd, Tucson, AZ 85741, USA",+1 520-744-7677,laundry,casas-adobes,https://maps.google.com/?q=Catalina%20Cleaners%208310%20N%20Thornydale%20Rd%2C%20Tucson%2C%20AZ%2085741%2C%20USA,,1,,,0,no website,336,false,ChIJ_XmLoiAL1oYRNEkFcsiHgZw,3.3,9,catalinacleaners.com; catalinacleanerstucson.com
Super Cleaners Laundromat & Alterations,"4140 W Ina Rd STE 100, Tucson, AZ 85741, USA",+1 520-395-2519,laundry,casas-adobes,https://maps.google.com/?q=Super%20Cleaners%20Laundromat%20%26%20Alterations%204140%20W%20Ina%20Rd%20STE%20100%2C%20Tucson%2C%20AZ%2085741%2C%20USA,,1,,,0,no website,337,false,ChIJv1e1StMK1oYR0eLm0_ilsys,4.1,299,supercleanerslaundromatalterations.com; supercleanerslaundromatalterationstucson.com
Tucson Cleanpro - Carpet Cleaner,"7509 N Oldfather Rd #1623, Tucson, AZ 85741, USA",+1 520-975-3172,laundry,casas-adobes,https://maps.google.com/?q=Tucson%20Cleanpro%20-%20Carpet%20Cleaner%207509%20N%20Oldfather%20Rd%20%231623%2C%20Tucson%2C%20AZ%2085741%2C%20USA,,1,,,0,no website,338,false,ChIJw-OGL9IK1oYRwdMnfSvUyjs,5,11,tucsoncleanprocarpetcleaner.com; tucsoncleanprocarpetcleanertucson.com
Specialty Cleaning Services,"3432 W Sunset Rd, Tucson, AZ 85705, USA",+1 520-370-1666,laundry,casas-adobes,https://maps.google.com/?q=Specialty%20Cleaning%20Services%203432%20W%20Sunset%20Rd%2C%20Tucson%2C%20AZ%2085705%2C%20USA,,1,,,0,no website,339,false,ChIJJefrqeR01oYRMuDmfiHxMX8,2.8,42,specialtycleaningservicestucson.com; specialtycleaningservicesaz.com
Sparkle Cleaners - Rudasill,"6001 N Oracle Rd, Tucson, AZ 85704, USA",+1 520-391-9522,laundry,casas-adobes,https://maps.google.com/?q=Sparkle%20Cleaners%20-%20Rudasill%206001%20N%20Oracle%20Rd%2C%20Tucson%2C%20AZ%2085704%2C%20USA,http://www.sparklecleaners.com/,2,custom/unknown,Network Solutions,0,has website,340,false,ChIJDa8JCXNz1oYRBCgm3_GVnLs,4.7,436,
"All Pro Carpet, Tile, Upholstery & Biohazard Cleaning","4377 W Rae Cir, Tucson, AZ 85741, USA",+1 520-888-7563,laundry,casas-adobes,https://maps.google.com/?q=All%20Pro%20Carpet%2C%20Tile%2C%20Upholstery%20%26%20Biohazard%20Cleaning%204377%20W%20Rae%20Cir%2C%20Tucson%2C%20AZ%2085741%2C%20USA,https://allprocarpetcleaningaz.com/,2,custom/unknown,GoDaddy.com,0,has website,341,false,ChIJb1QPEYVz1oYR_vjhR99_G2E,5,34,
Shaffer Dry Cleaning & Laundry - Oracle,"6002 N Oracle Rd, Tucson, AZ 85704, USA",+1 520-839-3421,laundry,casas-adobes,https://maps.google.com/?q=Shaffer%20Dry%20Cleaning%20%26%20Laundry%20-%20Oracle%206002%20N%20Oracle%20Rd%2C%20Tucson%2C%20AZ%2085704%2C%20USA,http://shafferdrycleaning.com/,2,custom/unknown,Network Solutions,0,has website,342,false,ChIJS3p7F3Nz1oYR95IJ-Mu8O-Q,4.7,185,
OR Locksmith,"2262 W Magee Rd STE 3, Tucson, AZ 85742, USA",+1 520-436-5732,locksmith,casas-adobes,https://maps.google.com/?q=OR%20Locksmith%202262%20W%20Magee%20Rd%20STE%203%2C%20Tucson%2C%20AZ%2085742%2C%20USA,https://locksmithtucson.us/,2,,NameCheap,0,has website,343,false,ChIJRzPwGy8hWgoRYAXLMWeX1xU,4.9,126,
KeyMe Locksmiths,"3770 W Ina Rd, Tucson, AZ 85741, USA",+1 520-363-1096,locksmith,casas-adobes,https://maps.google.com/?q=KeyMe%20Locksmiths%203770%20W%20Ina%20Rd%2C%20Tucson%2C%20AZ%2085741%2C%20USA,https://key.me/kiosks/arizona/tucson/tucson/locksmith-key-copy-tucson-fry-s-85741-arizona,2,,GoDaddy.com,0,has website,344,false,ChIJ_Yjd-A111oYRuwqeVHx6-TU,3.8,4,
Minute Key,"4075 W Ina Rd, Tucson, AZ 85741, USA",+1 805-472-6062,locksmith,casas-adobes,https://maps.google.com/?q=Minute%20Key%204075%20W%20Ina%20Rd%2C%20Tucson%2C%20AZ%2085741%2C%20USA,https://www.minutekey.com/key-services/arizona/tucson/locksmith-key-copy-duplication-4075-west-ina-road/364/,2,custom/unknown,Amazon Registrar,0,has website,345,false,ChIJd9EPirp11oYREHxgAcVJxqM,1.8,5,
Minute Key,"3925 W Costco Dr, Tucson, AZ 85741, USA",+1 805-472-6062,locksmith,casas-adobes,https://maps.google.com/?q=Minute%20Key%203925%20W%20Costco%20Dr%2C%20Tucson%2C%20AZ%2085741%2C%20USA,https://www.minutekey.com/key-services/arizona/tucson/locksmith-key-copy-duplication-3925-w-costco-dr/34556/,2,custom/unknown,Amazon Registrar,0,has website,346,false,ChIJoxH8FA511oYR7zrlsoo0AW0,,,
Carl Express Locks & Keys,"4113 W Orleans St, Tucson, AZ 85741, USA",+1 520-848-4824,locksmith,casas-adobes,https://maps.google.com/?q=Carl%20Express%20Locks%20%26%20Keys%204113%20W%20Orleans%20St%2C%20Tucson%2C%20AZ%2085741%2C%20USA,,1,,,0,no website,348,false,ChIJndxA68QL1oYRluPYh-KtAjM,,,carlexpresslockskeys.com; carlexpresslockskeystucson.com
Mendel's Wife The Tailor - Rudasill,"6001 N Oracle Rd, Tucson, AZ 85704, USA",+1 520-887-9600,tailor,casas-adobes,https://maps.google.com/?q=Mendel%27s%20Wife%20The%20Tailor%20-%20Rudasill%206001%20N%20Oracle%20Rd%2C%20Tucson%2C%20AZ%2085704%2C%20USA,https://www.sparklecleaners.com/alterations-repairs/,2,custom/unknown,Network Solutions,0,has website,349,false,ChIJVcWnCXNz1oYRsTBmeTDOkCA,4,1,
Paw Palace Puppies,"5981 N Antillon Pl, Tucson, AZ 85741, USA",+1 520-988-3999,pet_store,casas-adobes,https://maps.google.com/?q=Paw%20Palace%20Puppies%205981%20N%20Antillon%20Pl%2C%20Tucson%2C%20AZ%2085741%2C%20USA,https://pawpalacepuppies.com/,2,custom/unknown,NameCheap,0,has website,350,false,ChIJz3s9jOwK1oYRkkXPgVk_fGE,4.7,163,
Cold Blooded Exotics,"3924 W Ina Rd #302, Tucson, AZ 85741, USA",+1 520-744-2794,pet_store,casas-adobes,https://maps.google.com/?q=Cold%20Blooded%20Exotics%203924%20W%20Ina%20Rd%20%23302%2C%20Tucson%2C%20AZ%2085741%2C%20USA,https://www.facebook.com/people/Cold-Blooded-Exotics/100056202676464/,2,custom/unknown,RegistrarSafe,0,has website,351,false,ChIJ60GMatB11oYRXP6ir28C2Qs,4.7,202,
Shark Reef,"4145 W Ina Rd, Tucson, AZ 85741, USA",+1 520-965-7157,pet_store,casas-adobes,https://maps.google.com/?q=Shark%20Reef%204145%20W%20Ina%20Rd%2C%20Tucson%2C%20AZ%2085741%2C%20USA,https://sharkreef.fish/,2,wordpress,unknown,0,has website,352,false,ChIJRR8z1_pz1oYRTUCTY7p4lKk,4.8,215,
Rosie's Barket DIY Dog Wash OV,"7960 N Oracle Rd, Oro Valley, AZ 85704, USA",+1 520-304-1029,pet_store,casas-adobes,https://maps.google.com/?q=Rosie%27s%20Barket%20DIY%20Dog%20Wash%20OV%207960%20N%20Oracle%20Rd%2C%20Oro%20Valley%2C%20AZ%2085704%2C%20USA,http://rosiesbarket.com/,2,shopify,GoDaddy.com,0,has website,353,false,ChIJy7WqUhxx1oYRipaQQi4yXGM,4.9,129,
Fini's Landing,"5689 N Swan Rd, Tucson, AZ 85718, USA",+1 520-299-1010,restaurant,catalina-foothills,https://maps.google.com/?q=Fini%27s%20Landing%205689%20N%20Swan%20Rd%2C%20Tucson%2C%20AZ%2085718%2C%20USA,https://finislanding.com/?utm_source=google,2,custom/unknown,Squarespace Domains II LLC,0,has website,2,false,ChIJif_mso9t1oYRWQ44Xj_T2hs,4.3,1214,
El Cisne Restaurant,"4717 E Sunrise Dr, Tucson, AZ 85718, USA",+1 520-638-6160,restaurant,catalina-foothills,https://maps.google.com/?q=El%20Cisne%20Restaurant%204717%20E%20Sunrise%20Dr%2C%20Tucson%2C%20AZ%2085718%2C%20USA,http://elcisnerestaurant.com/,2,custom/unknown,Launchpad.com Inc.,0,has website,3,false,ChIJK7KQPY5t1oYR6Ta6xz4MV-U,4.2,614,
Bruegger's Bagels,"5665 N Swan Rd, Tucson, AZ 85718, USA",+1 520-529-7424,restaurant,catalina-foothills,https://maps.google.com/?q=Bruegger%27s%20Bagels%205665%20N%20Swan%20Rd%2C%20Tucson%2C%20AZ%2085718%2C%20USA,https://locations.brueggers.com/us/az/tucson/5665-north-swan-rd?y_source=1_OTczMjIyMS03MTUtbG9jYXRpb24ud2Vic2l0ZQ%3D%3D,2,wordpress,unregistered,0,has website,5,false,ChIJeSFDSo5t1oYRNq6LHyLkFQY,4.4,284,
Bazil's,"4777 E Sunrise Dr, Tucson, AZ 85718, USA",+1 520-577-3322,restaurant,catalina-foothills,https://maps.google.com/?q=Bazil%27s%204777%20E%20Sunrise%20Dr%2C%20Tucson%2C%20AZ%2085718%2C%20USA,http://bazilstucson.com/,2,wordpress,GoDaddy.com,0,has website,6,false,ChIJ5eoV3pFt1oYRcfd5is6c01Q,4.3,425,
Bisbee Breakfast Club,"4811 E Sunrise Dr Suite 165, Tucson, AZ 85718, USA",+1 520-329-8769,restaurant,catalina-foothills,https://maps.google.com/?q=Bisbee%20Breakfast%20Club%204811%20E%20Sunrise%20Dr%20Suite%20165%2C%20Tucson%2C%20AZ%2085718%2C%20USA,https://www.bisbeebreakfastclub.com/,2,wix,GoDaddy.com,0,has website,7,false,ChIJXS7SxJFt1oYR5ajqoNLS4wE,4.4,1090,
Trattoria Pina,"5541 N Swan Rd, Tucson, AZ 85718, USA",+1 520-577-6992,restaurant,catalina-foothills,https://maps.google.com/?q=Trattoria%20Pina%205541%20N%20Swan%20Rd%2C%20Tucson%2C%20AZ%2085718%2C%20USA,http://www.trattoriapina.com/,2,custom/unknown,GoDaddy.com,0,has website,9,false,ChIJ4RzRdo5t1oYRY5gWBSERdUQ,4.6,648,
ZENSHI Handcrafted Sushi,"4752 E Sunrise Dr, Tucson, AZ 85718, USA",+1 520-299-3534,restaurant,catalina-foothills,https://maps.google.com/?q=ZENSHI%20Handcrafted%20Sushi%204752%20E%20Sunrise%20Dr%2C%20Tucson%2C%20AZ%2085718%2C%20USA,https://www.zenshisushi.com/,2,wix,Network Solutions,0,has website,10,false,ChIJMX7taIxt1oYRGTxSxbF3wgE,,,
Einstein Bros. Bagels,"4708 E Sunrise Dr, Tucson, AZ 85718, USA",+1 520-615-0508,restaurant,catalina-foothills,https://maps.google.com/?q=Einstein%20Bros.%20Bagels%204708%20E%20Sunrise%20Dr%2C%20Tucson%2C%20AZ%2085718%2C%20USA,https://locations.einsteinbros.com/us/az/tucson/4708-e-sunrise-dr?y_source=1_OTA0OTk0Ni03MTUtbG9jYXRpb24ud2Vic2l0ZQ%3D%3D,2,wordpress,unregistered,0,has website,11,false,ChIJFX-9FY5t1oYRmnrb6Kq0vk0,4.2,194,
Fiamme Pizza,"4706 E Sunrise Dr, Tucson, AZ 85718, USA",+1 520-529-5777,restaurant,catalina-foothills,https://maps.google.com/?q=Fiamme%20Pizza%204706%20E%20Sunrise%20Dr%2C%20Tucson%2C%20AZ%2085718%2C%20USA,http://fiammepizzatucson.com/,2,custom/unknown,GoDaddy.com,0,has website,12,false,ChIJqybBFY5t1oYRa-qieD7TdvQ,4.5,910,
Golden Dragon Chinese Restaurant,"4704 E Sunrise Dr, Tucson, AZ 85718, USA",+1 520-299-8088,restaurant,catalina-foothills,https://maps.google.com/?q=Golden%20Dragon%20Chinese%20Restaurant%204704%20E%20Sunrise%20Dr%2C%20Tucson%2C%20AZ%2085718%2C%20USA,http://goldendragontucson.com/,2,custom php,GoDaddy.com,0,has website,13,false,ChIJjUmfFY5t1oYRFM5hOhX0dy4,4.1,254,
La Luz Restaurant,"3800 E Sunrise Dr, Tucson, AZ 85718, USA",+1 520-742-6000,restaurant,catalina-foothills,https://maps.google.com/?q=La%20Luz%20Restaurant%203800%20E%20Sunrise%20Dr%2C%20Tucson%2C%20AZ%2085718%2C%20USA,https://laluztucson.com/,2,wordpress,GoDaddy.com,0,has website,14,false,ChIJHfDeQ2Ny1oYRQZh-OKy7lpU,3.6,30,
Contigo Latin Kitchen,"3770 E Sunrise Dr, Tucson, AZ 85718, USA",+1 520-299-1540,restaurant,catalina-foothills,https://maps.google.com/?q=Contigo%20Latin%20Kitchen%203770%20E%20Sunrise%20Dr%2C%20Tucson%2C%20AZ%2085718%2C%20USA,http://www.eatatcontigo.com/,2,squarespace,GoDaddy.com,0,has website,15,false,ChIJqSWgmWRy1oYRPrtqLaTYieQ,4.5,966,
Terraza Garden Patio & Lounge,"5501 N Hacienda Del Sol Rd, Tucson, AZ 85718, USA",+1 520-529-3500,restaurant,catalina-foothills,https://maps.google.com/?q=Terraza%20Garden%20Patio%20%26%20Lounge%205501%20N%20Hacienda%20Del%20Sol%20Rd%2C%20Tucson%2C%20AZ%2085718%2C%20USA,http://www.haciendadelsol.com/dining,2,custom/unknown,GoDaddy.com,0,has website,16,false,ChIJ3UbX5W9y1oYRGk0YznUP_To,4.4,355,
Hacienda Del Sol Guest Ranch Resort,"5501 N Hacienda Del Sol Rd, Tucson, AZ 85718, USA",+1 520-299-1501,restaurant,catalina-foothills,https://maps.google.com/?q=Hacienda%20Del%20Sol%20Guest%20Ranch%20Resort%205501%20N%20Hacienda%20Del%20Sol%20Rd%2C%20Tucson%2C%20AZ%2085718%2C%20USA,https://www.haciendadelsol.com/?utm_source=google&utm_medium=organic&utm_campaign=gbp_listing,2,custom/unknown,GoDaddy.com,0,has website,17,false,ChIJe5FRH25y1oYRSxfPouGi-dE,4.6,2090,
The Grill at Hacienda del Sol,"5501 N Hacienda Del Sol Rd, Tucson, AZ 85718, USA",+1 520-529-3500,restaurant,catalina-foothills,https://maps.google.com/?q=The%20Grill%20at%20Hacienda%20del%20Sol%205501%20N%20Hacienda%20Del%20Sol%20Rd%2C%20Tucson%2C%20AZ%2085718%2C%20USA,https://www.haciendadelsol.com/dining,2,custom/unknown,GoDaddy.com,0,has website,18,false,ChIJ4zOQTHBy1oYRiOClVIs5KME,4.5,711,
Vivace Restaurant,"6440 N Campbell Ave, Tucson, AZ 85718, USA",+1 520-795-7221,restaurant,catalina-foothills,https://maps.google.com/?q=Vivace%20Restaurant%206440%20N%20Campbell%20Ave%2C%20Tucson%2C%20AZ%2085718%2C%20USA,https://www.vivacetucson.com/?utm_source=google&utm_medium=organic&utm_campaign=gmb,2,wix,Squarespace Domains II LLC,0,has website,19,false,ChIJaW1HcDFy1oYRNTvCvAurO9k,4.7,2345,
Fleming’s Prime Steakhouse & Wine Bar,"6360 N Campbell Ave Suite 180, Tucson, AZ 85718, USA",+1 520-529-5017,restaurant,catalina-foothills,https://maps.google.com/?q=Fleming%E2%80%99s%20Prime%20Steakhouse%20%26%20Wine%20Bar%206360%20N%20Campbell%20Ave%20Suite%20180%2C%20Tucson%2C%20AZ%2085718%2C%20USA,https://www.flemingssteakhouse.com/Locations/AZ/Tucson?y_source=1_MTU1MDMxODctNzE1LWxvY2F0aW9uLndlYnNpdGU%3D,2,custom/unknown,MarkMonitor Inc.,0,has website,20,false,ChIJvxxnmPRy1oYRr3czHuylLA4,4.6,1848,
Casa 71 Tequila Lounge,"3800 E Sunrise Dr, Tucson, AZ 85718, USA",+1 520-742-6000,bar,catalina-foothills,https://maps.google.com/?q=Casa%2071%20Tequila%20Lounge%203800%20E%20Sunrise%20Dr%2C%20Tucson%2C%20AZ%2085718%2C%20USA,https://www.marriott.com/en-us/hotels/tuswi-the-westin-la-paloma-resort-and-spa/dining/,2,custom/unknown,CSC Corporate Domains,0,has website,21,false,ChIJNVBIeCFz1oYRMb7FreVj7YY,5,4,
North Italia,"2995 E Skyline Dr, Tucson, AZ 85718, USA",+1 520-299-1600,bar,catalina-foothills,https://maps.google.com/?q=North%20Italia%202995%20E%20Skyline%20Dr%2C%20Tucson%2C%20AZ%2085718%2C%20USA,https://www.northitalia.com/locations/tucson-az-la-encantada/,2,wordpress,GoDaddy.com,0,has website,22,false,ChIJSdKkZPNy1oYR0IMLmW1xKGc,4.3,2181,
RA Sushi - Tucson,"2905 E Skyline Dr, Tucson, AZ 85718, USA",+1 520-615-3970,bar,catalina-foothills,https://maps.google.com/?q=RA%20Sushi%20-%20Tucson%202905%20E%20Skyline%20Dr%2C%20Tucson%2C%20AZ%2085718%2C%20USA,https://rasushi.com/,2,custom/unknown,Network Solutions,0,has website,23,false,ChIJnbk6d_Ny1oYRd8s33eij5cI,4.2,2374,
Blanco Cocina + Cantina,"2905 E Skyline Dr #246, Tucson, AZ 85718, USA",+1 520-232-1007,bar,catalina-foothills,https://maps.google.com/?q=Blanco%20Cocina%20%2B%20Cantina%202905%20E%20Skyline%20Dr%20%23246%2C%20Tucson%2C%20AZ%2085718%2C%20USA,https://www.blancotacostequila.com/locations/tucson-az/?utm_source=Google&utm_medium=Organic&utm_campaign=Maps,2,,GoDaddy.com,0,has website,24,false,ChIJnbk6d_Ny1oYRd6gi8PB_Gbk,4.3,1665,
Tavolino Ristorante Italiano,"2890 E Skyline Dr, Tucson, AZ 85718, USA",+1 520-531-1913,bar,catalina-foothills,https://maps.google.com/?q=Tavolino%20Ristorante%20Italiano%202890%20E%20Skyline%20Dr%2C%20Tucson%2C%20AZ%2085718%2C%20USA,http://www.tavolinoristorante.com/,2,wix,GoDaddy.com,0,has website,25,false,ChIJ_Vr9d_Ry1oYR80TSB_gs4K0,4.4,797,
Wild Garlic Grill,"2870 E Skyline Dr #120, Tucson, AZ 85718, USA",+1 520-206-0017,bar,catalina-foothills,https://maps.google.com/?q=Wild%20Garlic%20Grill%202870%20E%20Skyline%20Dr%20%23120%2C%20Tucson%2C%20AZ%2085718%2C%20USA,http://www.wildgarlicgrill.com/,2,custom/unknown,GoDaddy.com,0,has website,26,false,ChIJMyvDlnFx1oYRqFtHTwRJEVA,4.4,1894,
Tinajas Wine & Beer,"6960 E Sunrise Dr, Tucson, AZ 85750, USA",+1 520-614-8808,bar,catalina-foothills,https://maps.google.com/?q=Tinajas%20Wine%20%26%20Beer%206960%20E%20Sunrise%20Dr%2C%20Tucson%2C%20AZ%2085750%2C%20USA,https://tinajaswine.com/,2,custom/unknown,Squarespace Domains II LLC,0,has website,27,false,ChIJ9S1Hzqtt1oYRorloMYLW5nQ,4.8,42,
Bing's Boba Tea,"5675 N Swan Rd, Tucson, AZ 85718, USA",+1 520-210-7402,cafe,catalina-foothills,https://maps.google.com/?q=Bing%27s%20Boba%20Tea%205675%20N%20Swan%20Rd%2C%20Tucson%2C%20AZ%2085718%2C%20USA,https://bingsbobatea.com/,2,wix,GoDaddy.com,0,has website,28,false,ChIJP7AHtOpt1oYRelH5xBG_meU,4.4,10,
Presta Coffee Roaster,"4700 E Sunrise Dr, Tucson, AZ 85718, USA",,cafe,catalina-foothills,https://maps.google.com/?q=Presta%20Coffee%20Roaster%204700%20E%20Sunrise%20Dr%2C%20Tucson%2C%20AZ%2085718%2C%20USA,https://prestacoffee.com/,2,shopify,GoDaddy.com,0,has website,30,false,ChIJcbGDTgBt1oYRnIcDNMIp1z8,4.8,65,
The Canyon Club,"7000 N Resort Dr, Tucson, AZ 85750, USA",+1 520-529-7856,cafe,catalina-foothills,https://maps.google.com/?q=The%20Canyon%20Club%207000%20N%20Resort%20Dr%2C%20Tucson%2C%20AZ%2085750%2C%20USA,https://www.loewshotels.com/ventana-canyon/dining,2,custom/unknown,CSC Corporate Domains,0,has website,31,false,ChIJ2RErNlRs1oYR43vxftAxJg8,4.4,105,
Haute Coffee,"2905 E Skyline Dr #287, Tucson, AZ 85718, USA",+1 520-739-6075,cafe,catalina-foothills,https://maps.google.com/?q=Haute%20Coffee%202905%20E%20Skyline%20Dr%20%23287%2C%20Tucson%2C%20AZ%2085718%2C%20USA,https://www.instagram.com/hautecoffeetucson,2,custom/unknown,RegistrarSafe,0,has website,32,false,ChIJ3XdJEQBz1oYRa6pnB-72uj0,4.1,55,
Mona's Danish Bakery,"4777 E Sunrise Dr # 113, Tucson, AZ 85718, USA",+1 520-579-1959,bakery,catalina-foothills,https://maps.google.com/?q=Mona%27s%20Danish%20Bakery%204777%20E%20Sunrise%20Dr%20%23%20113%2C%20Tucson%2C%20AZ%2085718%2C%20USA,http://monasdanishbakery.com/,2,wordpress,Tucows Domains Inc.,0,has website,35,false,ChIJ5eoV3pFt1oYR2ME-Hcg1ryg,4.2,328,
True Food Kitchen,"2905 E Skyline Dr #298, Tucson, AZ 85718, USA",+1 520-829-5005,meal_takeaway,catalina-foothills,https://maps.google.com/?q=True%20Food%20Kitchen%202905%20E%20Skyline%20Dr%20%23298%2C%20Tucson%2C%20AZ%2085718%2C%20USA,https://www.truefoodkitchen.com/locations/tucson/,2,,GoDaddy.com,0,has website,39,false,ChIJAdeDxIxz1oYROxb27xz8FJ0,4.3,585,
Ventana Room at Loews Ventana Canyon (CLOSED),"7000 N Resort Dr #210, Tucson, AZ 85750, USA",+1 520-615-5496,meal_takeaway,catalina-foothills,https://maps.google.com/?q=Ventana%20Room%20at%20Loews%20Ventana%20Canyon%20%28CLOSED%29%207000%20N%20Resort%20Dr%20%23210%2C%20Tucson%2C%20AZ%2085750%2C%20USA,https://www.loewshotels.com/ventana-canyon/dining,2,custom/unknown,CSC Corporate Domains,0,has website,40,false,ChIJ2RErNlRs1oYRSsei_Frarkk,4.6,12,
Reveal Hair,"4743 E Sunrise Dr, Tucson, AZ 85718, USA",+1 520-624-1010,hair_salon,catalina-foothills,https://maps.google.com/?q=Reveal%20Hair%204743%20E%20Sunrise%20Dr%2C%20Tucson%2C%20AZ%2085718%2C%20USA,http://www.revealhair.com/,2,custom/unknown,GoDaddy.com,0,has website,41,false,ChIJ55mhgvRy1oYRwDyuNJllvjM,4.8,54,
Top Knotch Salon,"5673 N Swan Rd #179, Tucson, AZ 85718, USA",+1 520-299-4747,hair_salon,catalina-foothills,https://maps.google.com/?q=Top%20Knotch%20Salon%205673%20N%20Swan%20Rd%20%23179%2C%20Tucson%2C%20AZ%2085718%2C%20USA,,1,,,0,no website,42,false,ChIJH7LzSo5t1oYRETaDE-rcxaU,4.6,16,topknotchsalontucson.com; topknotchsalonaz.com
Not Forgotten Mobile Hair Studio,"4500 E Sunrise Dr, Tucson, AZ 85718, USA",+1 520-651-2087,hair_salon,catalina-foothills,https://maps.google.com/?q=Not%20Forgotten%20Mobile%20Hair%20Studio%204500%20E%20Sunrise%20Dr%2C%20Tucson%2C%20AZ%2085718%2C%20USA,,1,,,0,no website,44,false,ChIJeRg-DTZx1oYRjcmMYsagFp4,5,1,notforgottenmobilehairstudio.com; notforgottenmobilehairstudiotucson.com
Drybar - La Encantada,"2905 E Skyline Dr Suite 208, Tucson, AZ 85718, USA",+1 520-492-6003,hair_salon,catalina-foothills,https://maps.google.com/?q=Drybar%20-%20La%20Encantada%202905%20E%20Skyline%20Dr%20Suite%20208%2C%20Tucson%2C%20AZ%2085718%2C%20USA,https://www.drybarshops.com/service/locator/detail/?slug=tucson-at-la-encantada&utm_source=Google&utm_medium=SoCi,2,custom/unknown,GoDaddy.com,0,has website,45,false,ChIJmQAnFnFz1oYRJuOgji2C3UQ,3.7,43,
Bloom Salon & Beauty Bar,"2840 E Skyline Dr #170, Tucson, AZ 85718, USA",+1 520-529-7070,hair_salon,catalina-foothills,https://maps.google.com/?q=Bloom%20Salon%20%26%20Beauty%20Bar%202840%20E%20Skyline%20Dr%20%23170%2C%20Tucson%2C%20AZ%2085718%2C%20USA,https://www.bloomsalon.bar/?utm_source=google&utm_medium=organic&utm_campaign=gbp,2,custom/unknown,GoDaddy,0,has website,46,false,ChIJzbqsptpz1oYR3AeArnwg_Uw,4.8,160,
Gadabout SalonSpas - Kolb/Sunrise,"6960 E Sunrise Dr, Tucson, AZ 85750, USA",+1 520-325-0000,hair_salon,catalina-foothills,https://maps.google.com/?q=Gadabout%20SalonSpas%20-%20Kolb/Sunrise%206960%20E%20Sunrise%20Dr%2C%20Tucson%2C%20AZ%2085750%2C%20USA,https://gadabout.com/pages/kolbsunrise,2,shopify,Network Solutions,0,has website,48,false,ChIJF1dxjzds1oYRHzhjarTnRSs,4.6,136,
SK Nails & Spa,"5673 N Swan Rd, Tucson, AZ 85718, USA",+1 520-329-8316,nail_salon,catalina-foothills,https://maps.google.com/?q=SK%20Nails%20%26%20Spa%205673%20N%20Swan%20Rd%2C%20Tucson%2C%20AZ%2085718%2C%20USA,https://booking.galaxyaccess.us/sknails,2,custom/unknown,unknown,0,has website,49,false,ChIJtTiu2mNz1oYReR0dtCl4U7U,4.8,242,
My Nails,"4777 E Sunrise Dr Unit #109, Tucson, AZ 85718, USA",+1 520-354-2965,nail_salon,catalina-foothills,https://maps.google.com/?q=My%20Nails%204777%20E%20Sunrise%20Dr%20Unit%20%23109%2C%20Tucson%2C%20AZ%2085718%2C%20USA,http://www.mynailstucson.com/,2,,GoDaddy.com,0,has website,50,false,ChIJF1T55pFt1oYRjHjoUVetnHo,4.7,110,
Skyline Nail & Spa,"4760 E Sunrise Dr, Tucson, AZ 85718, USA",+1 520-577-1729,nail_salon,catalina-foothills,https://maps.google.com/?q=Skyline%20Nail%20%26%20Spa%204760%20E%20Sunrise%20Dr%2C%20Tucson%2C%20AZ%2085718%2C%20USA,https://skylinenailtucson.com/,2,,GoDaddy.com,0,has website,51,false,ChIJ51qCF45t1oYR6BfUh7YMj_M,4.6,241,
Nails by Yen,"6360 N Campbell Ave #120, Tucson, AZ 85718, USA",+1 520-638-8840,nail_salon,catalina-foothills,https://maps.google.com/?q=Nails%20by%20Yen%206360%20N%20Campbell%20Ave%20%23120%2C%20Tucson%2C%20AZ%2085718%2C%20USA,https://nailsbyyen.com/,2,,GoDaddy.com,0,has website,52,false,ChIJL26fYvNy1oYRlBUMZFET-eo,4.5,233,
Gloss & Glow Luxury Nail Spa,"2890 E Skyline Dr Suite 190, Tucson, AZ 85718, USA",+1 520-528-1602,nail_salon,catalina-foothills,https://maps.google.com/?q=Gloss%20%26%20Glow%20Luxury%20Nail%20Spa%202890%20E%20Skyline%20Dr%20Suite%20190%2C%20Tucson%2C%20AZ%2085718%2C%20USA,http://glossglownail.com/,2,custom/unknown,GoDaddy.com,0,has website,53,false,ChIJWyp4hllz1oYR9VRl1jD6JoE,4.8,213,
Nail Fever & Spa,"6878 E Sunrise Dr, Tucson, AZ 85750, USA",+1 520-577-1139,nail_salon,catalina-foothills,https://maps.google.com/?q=Nail%20Fever%20%26%20Spa%206878%20E%20Sunrise%20Dr%2C%20Tucson%2C%20AZ%2085750%2C%20USA,https://nailfevertucson.com/,2,custom php,NameCheap,0,has website,54,false,ChIJkWGgxTds1oYRQ4-zcONCtUA,4.6,143,
Wink Lashes Tucson,"6262 N Swan Rd suite 140, Tucson, AZ 85718, USA",+1 520-668-6540,beauty_salon,catalina-foothills,https://maps.google.com/?q=Wink%20Lashes%20Tucson%206262%20N%20Swan%20Rd%20suite%20140%2C%20Tucson%2C%20AZ%2085718%2C%20USA,https://squareup.com/appointments/book/8E9XPB7DD287W/wink-lashes-tucson-llc-tucson-az,2,,CSC Corporate Domains,0,has website,55,false,ChIJzyrNmDZy1oYRyEfW45NfOcA,5,18,
At Lash Pro,"6262 N Swan Rd suite 140, Tucson, AZ 85718, USA",+1 520-269-0947,beauty_salon,catalina-foothills,https://maps.google.com/?q=At%20Lash%20Pro%206262%20N%20Swan%20Rd%20suite%20140%2C%20Tucson%2C%20AZ%2085718%2C%20USA,http://www.atlashtucson.com/,2,,unregistered,0,has website,56,false,ChIJscuCqDZy1oYRyNcfNt1Ne9E,5,12,
Massage Envy,"4749 E Sunrise Dr Suite #103, Tucson, AZ 85718, USA",+1 520-462-5385,beauty_salon,catalina-foothills,https://maps.google.com/?q=Massage%20Envy%204749%20E%20Sunrise%20Dr%20Suite%20%23103%2C%20Tucson%2C%20AZ%2085718%2C%20USA,https://locations.massageenvy.com/arizona/tucson/4749-e-sunrise-dr.html?utm_source=GMB&utm_medium=useractions&utm_campaign=website,2,custom/unknown,unregistered,0,has website,57,false,ChIJecpkKo5t1oYR8Rj56k4jao0,4.8,470,
Vein and Aesthetics of Tucson,"4640 E Sunrise Dr Ste 217, Tucson, AZ 85718, USA",+1 520-445-7693,beauty_salon,catalina-foothills,https://maps.google.com/?q=Vein%20and%20Aesthetics%20of%20Tucson%204640%20E%20Sunrise%20Dr%20Ste%20217%2C%20Tucson%2C%20AZ%2085718%2C%20USA,https://www.veinandaestheticsoftucson.com/,2,wordpress,GoDaddy.com,0,has website,58,false,ChIJ0-v2oORt1oYRfoakn_5nNKA,4.8,109,
Bespoke Beauty,"6360 N Campbell Ave, Tucson, AZ 85718, USA",+1 520-989-3174,beauty_salon,catalina-foothills,https://maps.google.com/?q=Bespoke%20Beauty%206360%20N%20Campbell%20Ave%2C%20Tucson%2C%20AZ%2085718%2C%20USA,https://www.bespokebeautyusa.com/,2,custom/unknown,GoDaddy.com,0,has website,59,false,ChIJ3ZHpFK5z1oYRv7Xq64SGTMw,4.9,260,
FACE FOUNDRIÉ - Tucson,"6370 N Campbell Ave Suite 140, Tucson, AZ 85718, USA",+1 520-488-2278,beauty_salon,catalina-foothills,https://maps.google.com/?q=FACE%20FOUNDRI%C3%89%20-%20Tucson%206370%20N%20Campbell%20Ave%20Suite%20140%2C%20Tucson%2C%20AZ%2085718%2C%20USA,https://facefoundrie.com/location/tucson/,2,custom/unknown,GoDaddy.com,0,has website,60,false,ChIJBwax6o5z1oYRJMHHhNbeBZk,4.5,74,
LaserAway Tucson,"2905 E Skyline Dr Suite 252, Tucson, AZ 85718, USA",+1 520-600-5757,beauty_salon,catalina-foothills,https://maps.google.com/?q=LaserAway%20Tucson%202905%20E%20Skyline%20Dr%20Suite%20252%2C%20Tucson%2C%20AZ%2085718%2C%20USA,https://www.laseraway.com/locations/az/tucson/?utm_source=google&utm_medium=organic&utm_campaign=website-link,2,custom/unknown,GoDaddy.com,0,has website,61,false,ChIJdzYeWBpz1oYRQQGy3cKr9fQ,4.8,712,
Fuchsia Spa La Encantada,"2905 E Skyline Dr Suite 123, Tucson, AZ 85718, USA",+1 520-328-8769,beauty_salon,catalina-foothills,https://maps.google.com/?q=Fuchsia%20Spa%20La%20Encantada%202905%20E%20Skyline%20Dr%20Suite%20123%2C%20Tucson%2C%20AZ%2085718%2C%20USA,https://fuchsiaspa.com/la-encantada/,2,wordpress,GoDaddy.com,0,has website,62,false,ChIJb0x9QxJz1oYRsrhsa4FHRVc,4.8,1038,
TONI&GUY Hair Salon,"2905 E Skyline Dr, Tucson, AZ 85718, USA",+1 520-408-1555,beauty_salon,catalina-foothills,https://maps.google.com/?q=TONI%26GUY%20Hair%20Salon%202905%20E%20Skyline%20Dr%2C%20Tucson%2C%20AZ%2085718%2C%20USA,https://www.toniguy.com/hair-salons/arizona/tucson-mall/,2,shopify,Network Solutions,0,has website,63,false,ChIJ5TR-Sr5z1oYR0_W6lduCtjw,4.5,297,
BB Beauty Lounge (Foothills),"6450 N Swan Rd STE 100, Tucson, AZ 85718, USA",+1 520-771-2359,spa,catalina-foothills,https://maps.google.com/?q=BB%20Beauty%20Lounge%20%28Foothills%29%206450%20N%20Swan%20Rd%20STE%20100%2C%20Tucson%2C%20AZ%2085718%2C%20USA,http://www.beautyloungeaz.com/,2,wix,Wix.com Ltd.,0,has website,64,false,ChIJtze7t8Nt1oYRn9YwvobXuW4,5,13,
RenewAll Wellness & Aesthetics,"4640 E Sunrise Dr #127, Tucson, AZ 85718, USA",+1 520-298-0005,spa,catalina-foothills,https://maps.google.com/?q=RenewAll%20Wellness%20%26%20Aesthetics%204640%20E%20Sunrise%20Dr%20%23127%2C%20Tucson%2C%20AZ%2085718%2C%20USA,https://myrenewall.com/,2,wordpress,GoDaddy.com,0,has website,65,false,ChIJY0njzydt1oYRBu0cz_fFtIg,4.9,60,
Wildflower Med Spa LLC,"4640 E Sunrise Dr #100, Tucson, AZ 85718, USA",+1 520-543-8970,spa,catalina-foothills,https://maps.google.com/?q=Wildflower%20Med%20Spa%20LLC%204640%20E%20Sunrise%20Dr%20%23100%2C%20Tucson%2C%20AZ%2085718%2C%20USA,,1,,,0,no website,66,false,ChIJpfeSCIxv1oYRLg-ngDlMHsA,4.6,19,wildflowermedspatucson.com; wildflowermedspaaz.com
Jouvance Med Spa,"4640 E Sunrise Dr #100, Tucson, AZ 85718, USA",+1 520-543-8970,spa,catalina-foothills,https://maps.google.com/?q=Jouvance%20Med%20Spa%204640%20E%20Sunrise%20Dr%20%23100%2C%20Tucson%2C%20AZ%2085718%2C%20USA,,1,,,0,no website,67,false,ChIJ4WcqKaJt1oYRvKg5KImDaJU,5,18,jouvancemedspa.com; jouvancemedspatucson.com
La Paloma Spa & Salon,"3666 E Sunrise Dr, Tucson, AZ 85718, USA",+1 520-615-8370,spa,catalina-foothills,https://maps.google.com/?q=La%20Paloma%20Spa%20%26%20Salon%203666%20E%20Sunrise%20Dr%2C%20Tucson%2C%20AZ%2085718%2C%20USA,https://www.marriott.com/hotels/hotel-information/fitness-spa-services/tuswi-the-westin-la-paloma-resort-and-spa/,2,custom/unknown,CSC Corporate Domains,0,has website,68,false,ChIJ3bTALA1z1oYRbZDMwU90sFo,4.1,33,
Venus By Mars,"4041 E Sunrise Dr, Tucson, AZ 85718, USA",+1 520-722-6277,spa,catalina-foothills,https://maps.google.com/?q=Venus%20By%20Mars%204041%20E%20Sunrise%20Dr%2C%20Tucson%2C%20AZ%2085718%2C%20USA,https://venusbymars.com/,2,custom/unknown,GoDaddy.com,0,has website,69,false,ChIJX1jAO6pv1oYROGtH3rdiYYE,4.8,59,
The Spa at Hacienda del Sol,"5555 N Hacienda Del Sol Rd, Tucson, AZ 85718, USA",+1 520-901-1320,spa,catalina-foothills,https://maps.google.com/?q=The%20Spa%20at%20Hacienda%20del%20Sol%205555%20N%20Hacienda%20Del%20Sol%20Rd%2C%20Tucson%2C%20AZ%2085718%2C%20USA,https://www.haciendadelsol.com/spa,2,custom/unknown,GoDaddy.com,0,has website,70,false,ChIJY5HQnSRz1oYR03Q28fnBb2E,4.7,24,
Lakeside Spa & Fitness Center at Loews Ventana Canyon Resort,"7000 N Resort Dr, Tucson, AZ 85750, USA",+1 520-529-7830,spa,catalina-foothills,https://maps.google.com/?q=Lakeside%20Spa%20%26%20Fitness%20Center%20at%20Loews%20Ventana%20Canyon%20Resort%207000%20N%20Resort%20Dr%2C%20Tucson%2C%20AZ%2085750%2C%20USA,https://www.loewshotels.com/ventana-canyon/discover/lakeside-spa,2,custom/unknown,CSC Corporate Domains,0,has website,71,false,ChIJCUnmswJt1oYRXeRgNTqCo3E,3.8,17,
Foothills Facial Plastic Surgery: Dr. Jerold Olson,"6340 N Campbell Ave #256, Tucson, AZ 85718, USA",+1 520-200-2218,spa,catalina-foothills,https://maps.google.com/?q=Foothills%20Facial%20Plastic%20Surgery%3A%20Dr.%20Jerold%20Olson%206340%20N%20Campbell%20Ave%20%23256%2C%20Tucson%2C%20AZ%2085718%2C%20USA,https://www.foothillsfacialplasticsurgery.com/?utm_source=google&utm_medium=local&utm_campaign=tucson-practice-website,2,custom/unknown,GoDaddy.com,0,has website,72,false,ChIJPQd4D7J01oYRLP_iKNgXUGU,4.9,330,
Innovation Medical,"6340 N Campbell Ave Suite 120, Tucson, AZ 85718, USA",+1 520-260-1181,spa,catalina-foothills,https://maps.google.com/?q=Innovation%20Medical%206340%20N%20Campbell%20Ave%20Suite%20120%2C%20Tucson%2C%20AZ%2085718%2C%20USA,https://innovationmedicalaz.com/,2,custom/unknown,Register.com - Network Solutions,0,has website,73,false,ChIJSas2mj5t1oYRQ2Ykt5oELiU,5,2,
Bluemercury,"2905 E Skyline Dr, Tucson, AZ 85718, USA",+1 520-529-9700,spa,catalina-foothills,https://maps.google.com/?q=Bluemercury%202905%20E%20Skyline%20Dr%2C%20Tucson%2C%20AZ%2085718%2C%20USA,https://stores.bluemercury.com/az/tucson/172028/,2,custom/unknown,unregistered,0,has website,74,false,ChIJnbk6d_Ny1oYRg_KYn3JpxEM,4.5,32,
Loews Ventana Canyon Resort,"7000 N Resort Dr, Tucson, AZ 85750, USA",+1 520-299-2020,spa,catalina-foothills,https://maps.google.com/?q=Loews%20Ventana%20Canyon%20Resort%207000%20N%20Resort%20Dr%2C%20Tucson%2C%20AZ%2085750%2C%20USA,https://www.loewshotels.com/ventana-canyon,2,custom/unknown,CSC Corporate Domains,0,has website,75,false,ChIJ2RErNlRs1oYROqSdGY_L1To,4.6,4949,
Masters Barber Lounge,"6360 N Campbell Ave Suite 110, Tucson, AZ 85718, USA",+1 520-638-5341,barber_shop,catalina-foothills,https://maps.google.com/?q=Masters%20Barber%20Lounge%206360%20N%20Campbell%20Ave%20Suite%20110%2C%20Tucson%2C%20AZ%2085718%2C%20USA,https://mastersbarberlounge.com/,2,wordpress,Squarespace Domains II LLC,0,has website,76,false,ChIJj8SSy9lz1oYRubWvdakbGgE,4.9,114,
Smith Lloyd a w DDS,"4210 E La Paloma Dr, Tucson, AZ 85718, USA",+1 520-745-5187,dentist,catalina-foothills,https://maps.google.com/?q=Smith%20Lloyd%20a%20w%20DDS%204210%20E%20La%20Paloma%20Dr%2C%20Tucson%2C%20AZ%2085718%2C%20USA,,1,,,0,no website,77,false,ChIJvY4CYZ1y1oYRFAqGhy03S8M,,,smithlloydawdds.com; smithlloydawddstucson.com
Weiss Richard I DDS,"3921 E Coronado Dr, Tucson, AZ 85718, USA",+1 520-299-1819,dentist,catalina-foothills,https://maps.google.com/?q=Weiss%20Richard%20I%20DDS%203921%20E%20Coronado%20Dr%2C%20Tucson%2C%20AZ%2085718%2C%20USA,,1,,,0,no website,78,false,ChIJ7Wurh5ty1oYR40NsR2RJBGI,,,weissrichardidds.com; weissrichardiddstucson.com
Dentists on Sunrise,"4742 E Sunrise Dr, Tucson, AZ 85718, USA",+1 520-526-1343,dentist,catalina-foothills,https://maps.google.com/?q=Dentists%20on%20Sunrise%204742%20E%20Sunrise%20Dr%2C%20Tucson%2C%20AZ%2085718%2C%20USA,https://www.dentistsonsunrise.com/?sc_cid=GBP%3AO%3AGP%3A1264%3AOrganic_Search%3AGeneral%3Ana&_vsrefdom=organic_gbp&y_source=1_MjAwODgzMTgyNi03MTUtbG9jYXRpb24ud2Vic2l0ZQ%3D%3D,2,custom/unknown,CSC Corporate Domains,0,has website,79,false,ChIJCWuZtyRt1oYRXdp9i75LAzE,4.8,46,
Prinicipal Dental Services,"3430 E Sunrise Dr # 160, Tucson, AZ 85718, USA",+1 520-696-4310,dentist,catalina-foothills,https://maps.google.com/?q=Prinicipal%20Dental%20Services%203430%20E%20Sunrise%20Dr%20%23%20160%2C%20Tucson%2C%20AZ%2085718%2C%20USA,,1,,,0,no website,80,false,ChIJQawOh4ly1oYR4GVOIuh6ahQ,,,prinicipaldentalservices.com; prinicipaldentalservicestucson.com
Skyline Dental,"3001 E Skyline Dr Suite 101, Tucson, AZ 85718, USA",+1 520-800-7010,dentist,catalina-foothills,https://maps.google.com/?q=Skyline%20Dental%203001%20E%20Skyline%20Dr%20Suite%20101%2C%20Tucson%2C%20AZ%2085718%2C%20USA,https://skylinedentaltucson.com/?utm_source=local&utm_medium=organic&utm_campaign=gmb,2,custom/unknown,NameCheap,0,has website,81,false,ChIJ-5iBM9Rz1oYR037A9yTbDkQ,5,426,
"Dr. Burton Bentley II, MD","6440 N Swan Rd STE 100, Tucson, AZ 85718, USA",+1 888-790-1399,doctor,catalina-foothills,https://maps.google.com/?q=Dr.%20Burton%20Bentley%20II%2C%20MD%206440%20N%20Swan%20Rd%20STE%20100%2C%20Tucson%2C%20AZ%2085718%2C%20USA,https://elitemedicalexperts.com/meet-elites-ceo/,2,wordpress,GoDaddy.com,0,has website,82,false,ChIJs9bf3EZt1oYRJLWr_ioCbmY,,,
"Dr. Dennis Weimer, Psychiatry","6450 N Swan Rd #106, Tucson, AZ 85718, USA",+1 541-297-8905,doctor,catalina-foothills,https://maps.google.com/?q=Dr.%20Dennis%20Weimer%2C%20Psychiatry%206450%20N%20Swan%20Rd%20%23106%2C%20Tucson%2C%20AZ%2085718%2C%20USA,https://www.dennisweimermd.com/,2,wordpress,GoDaddy.com,0,has website,83,false,ChIJefviu-xt1oYR786sBf_tP08,5,4,
Executive Healthcare And Aviation Medicine,"6450 N Swan Rd #120, Tucson, AZ 85718, USA",+1 520-444-9109,doctor,catalina-foothills,https://maps.google.com/?q=Executive%20Healthcare%20And%20Aviation%20Medicine%206450%20N%20Swan%20Rd%20%23120%2C%20Tucson%2C%20AZ%2085718%2C%20USA,http://www.douglittlemdame.com/,2,wix,Wix.com Ltd.,0,has website,84,false,ChIJzfUrnoJt1oYR7TQqzMIOjD0,5,12,
Cosmetic Surgery San Diego,"4525 E Skyline Dr #113, Tucson, AZ 85718, USA",+1 858-522-0546,doctor,catalina-foothills,https://maps.google.com/?q=Cosmetic%20Surgery%20San%20Diego%204525%20E%20Skyline%20Dr%20%23113%2C%20Tucson%2C%20AZ%2085718%2C%20USA,,1,,,0,no website,85,false,ChIJwwJrrnht1oYRjkd5x16OsWA,,,cosmeticsurgerysandiegotucson.com; cosmeticsurgerysandiegoaz.com
"Arizona Institute of Integrative Medicine | Concierge Medicine | Daniel Horzempa, MD","6262 N Swan Rd #205, Tucson, AZ 85718, USA",+1 520-333-7577,doctor,catalina-foothills,https://maps.google.com/?q=Arizona%20Institute%20of%20Integrative%20Medicine%20%7C%20Concierge%20Medicine%20%7C%20Daniel%20Horzempa%2C%20MD%206262%20N%20Swan%20Rd%20%23205%2C%20Tucson%2C%20AZ%2085718%2C%20USA,https://drhorzempa.com/,2,custom/unknown,Tucows Domains Inc.,0,has website,86,false,ChIJO4LI3oJt1oYREZieAFivKko,4.9,19,
"Will Polec, NMD","6262 N Swan Rd Ste 120, Tucson, AZ 85718, USA",+1 520-299-4700,doctor,catalina-foothills,https://maps.google.com/?q=Will%20Polec%2C%20NMD%206262%20N%20Swan%20Rd%20Ste%20120%2C%20Tucson%2C%20AZ%2085718%2C%20USA,,1,,,0,no website,87,false,ChIJBRviYI5t1oYR0Rv7-MMlC-s,3.9,7,willpolecnmd.com; willpolecnmdtucson.com
Hensler Robert R,"6262 N Swan Rd # 123, Tucson, AZ 85718, USA",+1 520-299-5437,doctor,catalina-foothills,https://maps.google.com/?q=Hensler%20Robert%20R%206262%20N%20Swan%20Rd%20%23%20123%2C%20Tucson%2C%20AZ%2085718%2C%20USA,,1,,,0,no website,88,false,ChIJhVA834Jt1oYR_IPOYVUKp18,,,henslerrobertr.com; henslerrobertrtucson.com
"Dr. Julia DiPierdomenico, MD | Psychiatrist Tucson AZ","6262 N Swan Rd Suite 105, Tucson, AZ 85718, USA",+1 520-261-6533,doctor,catalina-foothills,https://maps.google.com/?q=Dr.%20Julia%20DiPierdomenico%2C%20MD%20%7C%20Psychiatrist%20Tucson%20AZ%206262%20N%20Swan%20Rd%20Suite%20105%2C%20Tucson%2C%20AZ%2085718%2C%20USA,http://www.drjuliadp.com/,2,custom php,Tucows Domains Inc.,0,has website,89,false,ChIJO4LI3oJt1oYRz2UHi-6SoSg,4.8,19,
Phibbs Brendon MD,"5300 E Camino Bosque, Tucson, AZ 85718, USA",+1 520-694-8888,doctor,catalina-foothills,https://maps.google.com/?q=Phibbs%20Brendon%20MD%205300%20E%20Camino%20Bosque%2C%20Tucson%2C%20AZ%2085718%2C%20USA,http://www.bannerhealth.com/,2,custom/unknown,GoDaddy Corporate Domains,0,has website,90,false,ChIJu5NwZ-pt1oYRBTmmzYgQvBM,,,
Kohl Harold w MD,"5997 N Moon Crest Dr, Tucson, AZ 85718, USA",+1 520-299-6675,doctor,catalina-foothills,https://maps.google.com/?q=Kohl%20Harold%20w%20MD%205997%20N%20Moon%20Crest%20Dr%2C%20Tucson%2C%20AZ%2085718%2C%20USA,,1,,,0,no website,91,false,ChIJGepuy3hy1oYRR5Vdp3Zy1v4,,,kohlharoldwmd.com; kohlharoldwmdtucson.com
Mohammad Reza Movahed Shariat Panahi,"6119 Pinchot Rd, Tucson, AZ 85750, USA",+1 520-303-4572,doctor,catalina-foothills,https://maps.google.com/?q=Mohammad%20Reza%20Movahed%20Shariat%20Panahi%206119%20Pinchot%20Rd%2C%20Tucson%2C%20AZ%2085750%2C%20USA,,1,,,0,no website,92,false,ChIJVVWlj6Rt1oYRNFKwarTKwao,,,mohammadrezamovahedshariatpanahi.com; mohammadrezamovahedshariatpanahitucson.com
"Dr. Silvia Kurtovic, MD","5780 N Swan Rd suite 180, Tucson, AZ 85718, USA",+1 520-448-9490,doctor,catalina-foothills,https://maps.google.com/?q=Dr.%20Silvia%20Kurtovic%2C%20MD%205780%20N%20Swan%20Rd%20suite%20180%2C%20Tucson%2C%20AZ%2085718%2C%20USA,https://tucsonplasticsurgery.com/,2,custom/unknown,GoDaddy.com,0,has website,93,false,ChIJDehqe0tt1oYRCzJW-7JZuiY,5,3,
Tucson Plastic Surgery,"5780 N Swan Rd suite 180, Tucson, AZ 85718, USA",+1 520-448-9490,doctor,catalina-foothills,https://maps.google.com/?q=Tucson%20Plastic%20Surgery%205780%20N%20Swan%20Rd%20suite%20180%2C%20Tucson%2C%20AZ%2085718%2C%20USA,http://www.tucsonplasticsurgery.com/?utm_source=GMBlisting&utm_medium=organic&utm_campaign=tucson-plastic-surgery,2,custom/unknown,GoDaddy.com,0,has website,94,false,ChIJ4f3MVyhz1oYRkH5yuIPOaV8,5,185,
Raman Mahabir,"5780 N Swan Rd suite 180, Tucson, AZ 85718, USA",+1 520-448-9490,doctor,catalina-foothills,https://maps.google.com/?q=Raman%20Mahabir%205780%20N%20Swan%20Rd%20suite%20180%2C%20Tucson%2C%20AZ%2085718%2C%20USA,https://tucsonplasticsurgery.com/meet-dr-mahabir/,2,custom/unknown,GoDaddy.com,0,has website,95,false,ChIJq6q6SDty1oYR-tstCvQnrIU,5,8,
"Herbert M. Grossman, M.D.","4729 E Sunrise Dr POB 233, Tucson, AZ 85718, USA",+1 520-742-7724,doctor,catalina-foothills,https://maps.google.com/?q=Herbert%20M.%20Grossman%2C%20M.D.%204729%20E%20Sunrise%20Dr%20POB%20233%2C%20Tucson%2C%20AZ%2085718%2C%20USA,,1,,,0,no website,96,false,ChIJNe8YXzFy1oYRMMHKOlWJ0_8,5,7,herbertmgrossmanmd.com; herbertmgrossmanmdtucson.com
Bone,"4640 E Sunrise Dr #100, Tucson, AZ 85718, USA",,doctor,catalina-foothills,https://maps.google.com/?q=Bone%204640%20E%20Sunrise%20Dr%20%23100%2C%20Tucson%2C%20AZ%2085718%2C%20USA,,1,,,0,no website,97,false,ChIJDfCvWf1z1oYR8jQagoaE6og,5,19,bonetucson.com; boneaz.com
"Dr. Sander F. Fleisher, MD","3871 E Vía Del Verdemar, Tucson, AZ 85718, USA",+1 952-595-1100,doctor,catalina-foothills,https://maps.google.com/?q=Dr.%20Sander%20F.%20Fleisher%2C%20MD%203871%20E%20V%C3%ADa%20Del%20Verdemar%2C%20Tucson%2C%20AZ%2085718%2C%20USA,http://www.vrad.com/,2,custom/unknown,GoDaddy.com,0,has website,98,false,ChIJIVsglXty1oYR5gnuoq9G5uo,,,
Dr. Patricia N. Mars,"4041 E Sunrise Dr, Tucson, AZ 85718, USA",+1 520-722-6277,doctor,catalina-foothills,https://maps.google.com/?q=Dr.%20Patricia%20N.%20Mars%204041%20E%20Sunrise%20Dr%2C%20Tucson%2C%20AZ%2085718%2C%20USA,http://www.patriciamarsmd.com/,2,custom/unknown,GoDaddy.com,0,has website,99,false,ChIJX1jAO6pv1oYRoA-P1UeKTdA,3.9,10,
Restore Health and Wellness,"6262 N Swan Rd Suite 105, Tucson, AZ 85718, USA",+1 520-697-5116,physiotherapist,catalina-foothills,https://maps.google.com/?q=Restore%20Health%20and%20Wellness%206262%20N%20Swan%20Rd%20Suite%20105%2C%20Tucson%2C%20AZ%2085718%2C%20USA,https://restorehealthtucson.com/,2,custom php,Squarespace Domains II LLC,0,has website,100,false,ChIJQ7kjqcZt1oYR3pUjjeYsEvs,,,
Applied Physical Sciences LLC,"4901 E Placita Alisa, Tucson, AZ 85718, USA",+1 520-904-1007,physiotherapist,catalina-foothills,https://maps.google.com/?q=Applied%20Physical%20Sciences%20LLC%204901%20E%20Placita%20Alisa%2C%20Tucson%2C%20AZ%2085718%2C%20USA,,1,,,0,no website,101,false,ChIJg_munpBt1oYRfRz1LmWzF-Q,,,appliedphysicalsciences.com; appliedphysicalsciencestucson.com
Follow Through Fitness,"5501 N Swan Rd #150, Tucson, AZ 85718, USA",+1 520-405-1837,physiotherapist,catalina-foothills,https://maps.google.com/?q=Follow%20Through%20Fitness%205501%20N%20Swan%20Rd%20%23150%2C%20Tucson%2C%20AZ%2085718%2C%20USA,,1,,,0,no website,102,false,ChIJO6s92Y1t1oYRXOmtrujxx9U,5,5,followthroughfitnesstucson.com; followthroughfitnessaz.com
Lonny Nenadovich,"4001 E Sunrise Dr Ste 121, Tucson, AZ 85718, USA",+1 520-382-8446,physiotherapist,catalina-foothills,https://maps.google.com/?q=Lonny%20Nenadovich%204001%20E%20Sunrise%20Dr%20Ste%20121%2C%20Tucson%2C%20AZ%2085718%2C%20USA,,1,,,0,no website,103,false,ChIJq6pq4nly1oYR_DgnzLrZ-C4,,,lonnynenadovich.com; lonnynenadovichtucson.com
The Bridal Shop - Wedding Dresses in Tucson,"4701 E Camino la Brinca, Tucson, AZ 85718, USA",+1 520-327-1180,clothing_store,catalina-foothills,https://maps.google.com/?q=The%20Bridal%20Shop%20-%20Wedding%20Dresses%20in%20Tucson%204701%20E%20Camino%20la%20Brinca%2C%20Tucson%2C%20AZ%2085718%2C%20USA,http://thebridalshop.com/,2,,Network Solutions,0,has website,104,false,ChIJAfAYuSpu1oYRb3BkhyK6WoA,4.3,48,
Desert Bloom Boutique,"4756 E Sunrise Dr, Tucson, AZ 85718, USA",+1 520-792-9882,clothing_store,catalina-foothills,https://maps.google.com/?q=Desert%20Bloom%20Boutique%204756%20E%20Sunrise%20Dr%2C%20Tucson%2C%20AZ%2085718%2C%20USA,https://m.facebook.com/DesertBloomBoutiqueTucson/,2,custom/unknown,unregistered,0,has website,106,false,ChIJS38s_o1t1oYRZSL0KnTmAFs,4.5,8,
Buchart Colbert,"#0000, Tucson, AZ 85718, USA",,clothing_store,catalina-foothills,https://maps.google.com/?q=Buchart%20Colbert%20%230000%2C%20Tucson%2C%20AZ%2085718%2C%20USA,http://buchartcolbert.com/,2,shopify,Dynadot Inc,0,has website,107,false,ChIJ8UfzG_Vz1oYR555CmSUVT2A,,,
Vuori,"2905 E Skyline Dr Suite 229, Tucson, AZ 85718, USA",+1 520-675-7290,clothing_store,catalina-foothills,https://maps.google.com/?q=Vuori%202905%20E%20Skyline%20Dr%20Suite%20229%2C%20Tucson%2C%20AZ%2085718%2C%20USA,https://www.vuoriclothing.com/,2,,MarkMonitor Inc.,0,has website,108,false,ChIJ__mwmQdz1oYRaavv8cxSIpM,4.8,13,
CLUTCH,"2905 E Skyline Dr 2nd Floor, Tucson, AZ 85718, USA",+1 520-639-8194,clothing_store,catalina-foothills,https://maps.google.com/?q=CLUTCH%202905%20E%20Skyline%20Dr%202nd%20Floor%2C%20Tucson%2C%20AZ%2085718%2C%20USA,http://www.clutchhealdsburg.com/,2,shopify,Domain.com - Network Solutions,0,has website,109,false,ChIJFYVgEDhz1oYR0DG8H7vDgSs,4.3,6,
Tecovas,"2905 E Skyline Dr Suite 262, Tucson, AZ 85718, USA",+1 520-504-6540,clothing_store,catalina-foothills,https://maps.google.com/?q=Tecovas%202905%20E%20Skyline%20Dr%20Suite%20262%2C%20Tucson%2C%20AZ%2085718%2C%20USA,https://www.tecovas.com/stores/tucson-az-la-encantada,2,custom/unknown,GoDaddy.com,0,has website,110,false,ChIJf70cf45z1oYRv94DJnNSUrE,4.7,32,
lululemon,"2905 E Skyline Dr Space 251, Tucson, AZ 85718, USA",+1 520-341-2397,clothing_store,catalina-foothills,https://maps.google.com/?q=lululemon%202905%20E%20Skyline%20Dr%20Space%20251%2C%20Tucson%2C%20AZ%2085718%2C%20USA,https://shop.lululemon.com/stores/us/tucson/laencantada?utm_source=organic&utm_medium=local_listings&utm_campaign=GBP,2,custom/unknown,unregistered,0,has website,111,false,ChIJ2QIjKkdz1oYRD--IhIZBMlw,3.8,127,
Psycho Bunny,"2905 E Skyline Dr Unit 271, Tucson, AZ 85718, USA",+1 520-467-0850,clothing_store,catalina-foothills,https://maps.google.com/?q=Psycho%20Bunny%202905%20E%20Skyline%20Dr%20Unit%20271%2C%20Tucson%2C%20AZ%2085718%2C%20USA,https://www.psychobunny.com/pages/store-locator-new#!/l/tucson/2905-east-skyline-drive/4599876,2,custom/unknown,Amazon Registrar,0,has website,112,false,ChIJk81zJGBz1oYRNjL0ewYMN9o,3.7,9,
EVEREVE,"2905 E Skyline Dr suite 147, Tucson, AZ 85718, USA",+1 520-540-0720,clothing_store,catalina-foothills,https://maps.google.com/?q=EVEREVE%202905%20E%20Skyline%20Dr%20suite%20147%2C%20Tucson%2C%20AZ%2085718%2C%20USA,https://evereve.com/tools/stores/locations/la-encantada?utm_source=extnet&utm_medium=listings&utm_campaign=yext,2,custom/unknown,GoDaddy.com,0,has website,113,false,ChIJAdKq3Qhz1oYR0U4x8zaf8YM,,,
The Nest,"6370 N Campbell Ave #130, Tucson, AZ 85718, USA",+1 520-638-8132,clothing_store,catalina-foothills,https://maps.google.com/?q=The%20Nest%206370%20N%20Campbell%20Ave%20%23130%2C%20Tucson%2C%20AZ%2085718%2C%20USA,http://www.shopfromthenest.com/,2,wix,Wix.com Ltd.,0,has website,114,false,ChIJ33p_YeRz1oYRpj62P-gknII,5,21,
ALO,"2905 E Skyline Dr Suite #274, Tucson, AZ 85718, USA",+1 520-675-7734,clothing_store,catalina-foothills,https://maps.google.com/?q=ALO%202905%20E%20Skyline%20Dr%20Suite%20%23274%2C%20Tucson%2C%20AZ%2085718%2C%20USA,https://www.aloyoga.com/?utm_source=extnet&utm_medium=yext,2,shopify,GoDaddy.com,0,has website,115,false,ChIJ7ZQpEzpz1oYR_d7JL6FYD-M,3.1,23,
Tommy Bahama,"2905 E Skyline Dr #268, Tucson, AZ 85718, USA",+1 520-299-8830,clothing_store,catalina-foothills,https://maps.google.com/?q=Tommy%20Bahama%202905%20E%20Skyline%20Dr%20%23268%2C%20Tucson%2C%20AZ%2085718%2C%20USA,http://www.tommybahama.com/en/store/Tucson?lat=32.3389931&long=-110.9268201,2,,SafeNames Ltd.,0,has website,116,false,ChIJP_sO-fJy1oYROrXHekXZozE,4.8,51,
Johnny Was,"2905 E Skyline Dr #261, Tucson, AZ 85718, USA",+1 520-329-0339,clothing_store,catalina-foothills,https://maps.google.com/?q=Johnny%20Was%202905%20E%20Skyline%20Dr%20%23261%2C%20Tucson%2C%20AZ%2085718%2C%20USA,https://www.johnnywas.com/store/tucson/38-1036,2,custom/unknown,SafeNames Ltd.,0,has website,117,false,ChIJBfVxdkpz1oYRlXmLI7qhX2E,4.8,14,
COACH,"2905 E Skyline Dr SUITE 265, Tucson, AZ 85718, USA",+1 520-529-2925,clothing_store,catalina-foothills,https://maps.google.com/?q=COACH%202905%20E%20Skyline%20Dr%20SUITE%20265%2C%20Tucson%2C%20AZ%2085718%2C%20USA,https://www.coach.com/stores/az/tucson/2905-e-skyline-drive?utm_medium=organic&utm_source=google&utm_campaign=stores,2,custom/unknown,SafeNames Ltd.,0,has website,118,false,ChIJnbk6d_Ny1oYR6k-Po5Qn5zg,4.3,28,
White House Black Market,"2905 E Skyline Dr Suite 190, Tucson, AZ 85718, USA",+1 520-529-0212,clothing_store,catalina-foothills,https://maps.google.com/?q=White%20House%20Black%20Market%202905%20E%20Skyline%20Dr%20Suite%20190%2C%20Tucson%2C%20AZ%2085718%2C%20USA,https://www.whitehouseblackmarket.com/locations/us/az/tucson/2905-e-skyline-dr/,2,,CSC Corporate Domains,0,has website,120,false,ChIJnbk6d_Ny1oYR1il03kjO3KE,4.1,22,
FUEGO / ATTIC SALT,"2905 E Skyline Dr Space 251, Tucson, AZ 85718, USA",+1 520-230-8921,clothing_store,catalina-foothills,https://maps.google.com/?q=FUEGO%20/%20ATTIC%20SALT%202905%20E%20Skyline%20Dr%20Space%20251%2C%20Tucson%2C%20AZ%2085718%2C%20USA,https://www.atticsalt.com/,2,,GoDaddy.com,0,has website,121,false,ChIJDyRxq_Ny1oYRWKWbsTEJ6tM,4.6,25,
Soma,"2905 E Skyline Dr Ste 178, Tucson, AZ 85718, USA",+1 520-888-3058,clothing_store,catalina-foothills,https://maps.google.com/?q=Soma%202905%20E%20Skyline%20Dr%20Ste%20178%2C%20Tucson%2C%20AZ%2085718%2C%20USA,https://www.soma.com/locations/us/az/tucson/2905-e-skyline-drive/,2,,CSC Corporate Domains,0,has website,122,false,ChIJl40pFHAXiYgRjjC6XqspBpI,4.3,56,
GemCraft Jewelry,"4570 E Coronado Dr, Tucson, AZ 85718, USA",+1 520-517-6285,jewelry_store,catalina-foothills,https://maps.google.com/?q=GemCraft%20Jewelry%204570%20E%20Coronado%20Dr%2C%20Tucson%2C%20AZ%2085718%2C%20USA,,1,,,0,no website,123,false,ChIJ19tPDE9t1oYRkDe3E-bVbqU,,,gemcraftjewelry.com; gemcraftjewelrytucson.com
Sunrise Custom Jewelry,"4777 E Sunrise Dr #143, Tucson, AZ 85718, USA",+1 520-780-2263,jewelry_store,catalina-foothills,https://maps.google.com/?q=Sunrise%20Custom%20Jewelry%204777%20E%20Sunrise%20Dr%20%23143%2C%20Tucson%2C%20AZ%2085718%2C%20USA,https://www.facebook.com/SunriseCustomJewelry/,2,custom/unknown,RegistrarSafe,0,has website,124,false,ChIJiRxVhHpt1oYRSPVQ8BKQosc,4.6,9,
Sun Treasurz,"NOT A STORE FRONT PLEASE CALL, 3574 E Lizard Rock Pl, Tucson, AZ 85718, USA",+1 520-339-5699,jewelry_store,catalina-foothills,https://maps.google.com/?q=Sun%20Treasurz%20NOT%20A%20STORE%20FRONT%20PLEASE%20CALL%2C%203574%20E%20Lizard%20Rock%20Pl%2C%20Tucson%2C%20AZ%2085718%2C%20USA,https://suntreasurz.com/,2,custom/unknown,GoDaddy.com,0,has website,125,false,ChIJOfOXtmBFna0RWRsX5HGsYwE,5,7,
CGreen Jeweler,"6360 N Campbell Ave #170, Tucson, AZ 85718, USA",+1 520-444-0012,jewelry_store,catalina-foothills,https://maps.google.com/?q=CGreen%20Jeweler%206360%20N%20Campbell%20Ave%20%23170%2C%20Tucson%2C%20AZ%2085718%2C%20USA,https://jeweler.green/,2,wordpress,unknown,0,has website,126,false,ChIJvxxnmPRy1oYR6vZGviLv99I,4.8,16,
Tiffany & Co.,"2905 E Skyline Dr, Tucson, AZ 85718, USA",+1 520-577-7772,jewelry_store,catalina-foothills,https://maps.google.com/?q=Tiffany%20%26%20Co.%202905%20E%20Skyline%20Dr%2C%20Tucson%2C%20AZ%2085718%2C%20USA,https://www.tiffany.com/stores/en/united-states/tucson-la-encantada-122?local=true&y_source=1_MTc5OTUzOC03MTUtbG9jYXRpb24ud2Vic2l0ZQ%3D%3D,2,custom/unknown,CSC Corporate Domains,0,has website,127,false,ChIJWbk6d_Ny1oYR9QvbmPj5aXs,4.4,112,
Ben Bridge Jeweler,"2905 E Skyline Dr #149, Tucson, AZ 85718, USA",+1 520-690-9115,jewelry_store,catalina-foothills,https://maps.google.com/?q=Ben%20Bridge%20Jeweler%202905%20E%20Skyline%20Dr%20%23149%2C%20Tucson%2C%20AZ%2085718%2C%20USA,http://www.benbridge.com/,2,custom/unknown,Network Solutions,0,has website,128,false,ChIJ9Vyp579z1oYREWRX24kmyI0,4.9,630,
Swarovski LA ENCANTADA,"2905 E Skyline Dr, Tucson, AZ 85718, USA",+1 520-529-5753,jewelry_store,catalina-foothills,https://maps.google.com/?q=Swarovski%20LA%20ENCANTADA%202905%20E%20Skyline%20Dr%2C%20Tucson%2C%20AZ%2085718%2C%20USA,https://www.swarovski.com/en-US/store/0001826651/la-encantada-tucson/,2,custom/unknown,"COREhub, S.R.L.",0,has website,129,false,ChIJ01ecu8Nz1oYRUNI4sQt-q_I,3.5,8,
gorjana,"2905 E Skyline Dr Suite 254, Tucson, AZ 85718, USA",+1 909-274-9172,jewelry_store,catalina-foothills,https://maps.google.com/?q=gorjana%202905%20E%20Skyline%20Dr%20Suite%20254%2C%20Tucson%2C%20AZ%2085718%2C%20USA,https://www.gorjana.com/pages/tucson-store-details,2,shopify,GoDaddy.com,0,has website,130,false,ChIJw8y533dz1oYRldGi5ZK5XKU,5,1,
Kendra Scott,"2905 E Skyline Dr #232, Tucson, AZ 85718, USA",+1 520-433-9726,jewelry_store,catalina-foothills,https://maps.google.com/?q=Kendra%20Scott%202905%20E%20Skyline%20Dr%20%23232%2C%20Tucson%2C%20AZ%2085718%2C%20USA,https://www.kendrascott.com/stores/az/tucson/265018,2,custom/unknown,SafeNames Ltd.,0,has website,131,false,ChIJ8Uowq_Ny1oYR3cdMSPsoIJs,4.4,39,
Michael Kors,"2905 E Skyline Dr #251, Tucson, AZ 85718, USA",+1 520-329-6169,jewelry_store,catalina-foothills,https://maps.google.com/?q=Michael%20Kors%202905%20E%20Skyline%20Dr%20%23251%2C%20Tucson%2C%20AZ%2085718%2C%20USA,https://www.michaelkors.com/,2,custom/unknown,Nom-iq Ltd. dba COM LAUDE,0,has website,132,false,ChIJDyRxq_Ny1oYRp537gaJzzqc,4.5,21,
Rowan La Encantada,"2905 E Skyline Dr #228, Tucson, AZ 85718, USA",+1 520-492-5080,jewelry_store,catalina-foothills,https://maps.google.com/?q=Rowan%20La%20Encantada%202905%20E%20Skyline%20Dr%20%23228%2C%20Tucson%2C%20AZ%2085718%2C%20USA,https://heyrowan.com/pages/about-tucson-piercing-studio?utm_medium=yext&utm_source=gmb&y_source=1_MTAxNjQ4MDUyMy03MTUtbG9jYXRpb24ud2Vic2l0ZQ%3D%3D,2,shopify,GoDaddy.com,0,has website,133,false,ChIJfTow639z1oYR_mOn7oV51_M,4.9,357,
Spirit of Santa Fe,"2905 E Skyline Dr # 212, Tucson, AZ 85718, USA",+1 520-577-9673,jewelry_store,catalina-foothills,https://maps.google.com/?q=Spirit%20of%20Santa%20Fe%202905%20E%20Skyline%20Dr%20%23%20212%2C%20Tucson%2C%20AZ%2085718%2C%20USA,https://spiritofsantafe.com/,2,custom/unknown,Bluehost Inc.,0,has website,134,false,ChIJnbk6d_Ny1oYRa_nJODqe8VI,4.8,200,
Mark Sublette Medicine Man Gallery,"6872 E Sunrise Dr #130, Tucson, AZ 85750, USA",+1 520-722-7798,jewelry_store,catalina-foothills,https://maps.google.com/?q=Mark%20Sublette%20Medicine%20Man%20Gallery%206872%20E%20Sunrise%20Dr%20%23130%2C%20Tucson%2C%20AZ%2085750%2C%20USA,https://www.medicinemangallery.com/,2,shopify,eNom,0,has website,135,false,ChIJUTbyQuNu1oYRlMpPuKtErqo,4.9,514,
In Full Bloom Floral Studio,"4659 E Cll Barril, Tucson, AZ 85718, USA",+1 520-498-0505,florist,catalina-foothills,https://maps.google.com/?q=In%20Full%20Bloom%20Floral%20Studio%204659%20E%20Cll%20Barril%2C%20Tucson%2C%20AZ%2085718%2C%20USA,https://infullbloomweddings.com/,2,squarespace,Squarespace Domains LLC,0,has website,136,false,ChIJ__-vKvJt1oYRB-9TtEH3pcw,4.9,61,
Bart's Book Bin,"4729 E Sunrise Dr #163, Tucson, AZ 85718, USA",,book_store,catalina-foothills,https://maps.google.com/?q=Bart%27s%20Book%20Bin%204729%20E%20Sunrise%20Dr%20%23163%2C%20Tucson%2C%20AZ%2085718%2C%20USA,https://bartsbookbin.com/,2,,GoDaddy.com,0,has website,137,false,ChIJiWqqzOht1oYRlTSE7ScFm_o,,,
Hacienda,"5501 N Hacienda Del Sol Rd, Tucson, AZ 85718, USA",+1 520-526-9345,gift_shop,catalina-foothills,https://maps.google.com/?q=Hacienda%205501%20N%20Hacienda%20Del%20Sol%20Rd%2C%20Tucson%2C%20AZ%2085718%2C%20USA,http://www.haciendadelsol.com/,2,custom/unknown,GoDaddy.com,0,has website,138,false,ChIJgywgl4tz1oYRymJaAajnWi8,,,
L'Occitane en Provence,"2905 E Skyline Dr #156, Tucson, AZ 85718, USA",+1 520-299-1728,gift_shop,catalina-foothills,https://maps.google.com/?q=L%27Occitane%20en%20Provence%202905%20E%20Skyline%20Dr%20%23156%2C%20Tucson%2C%20AZ%2085718%2C%20USA,https://www.loccitane.com/en-us/store?id=04OCST100&y_source=1_MTM3MjE5OTMtNzE1LWxvY2F0aW9uLndlYnNpdGU%3D,2,,CSC Corporate Domains,0,has website,139,false,ChIJnbk6d_Ny1oYRtuzutYFtDs4,4.5,36,
Lush Cosmetics La Encantada,"2905 E Skyline Dr Suite 169, Tucson, AZ 85718, USA",+1 520-529-7270,gift_shop,catalina-foothills,https://maps.google.com/?q=Lush%20Cosmetics%20La%20Encantada%202905%20E%20Skyline%20Dr%20Suite%20169%2C%20Tucson%2C%20AZ%2085718%2C%20USA,https://www.lush.com/us/en_us/?y_source=1_ODM2OTIyMy03MTUtbG9jYXRpb24ud2Vic2l0ZQ%3D%3D,2,custom/unknown,Network Solutions,0,has website,140,false,ChIJuQSzV_Jy1oYRjSqTvUvS8yY,4.8,315,
Crate & Barrel,"2905 E Skyline Dr, Tucson, AZ 85718, USA",+1 520-299-7100,gift_shop,catalina-foothills,https://maps.google.com/?q=Crate%20%26%20Barrel%202905%20E%20Skyline%20Dr%2C%20Tucson%2C%20AZ%2085718%2C%20USA,https://www.crateandbarrel.com/stores/la-encantada/str555?utm_source=gmb&utm_medium=organic_search,2,custom/unknown,CSC Corporate Domains,0,has website,141,false,ChIJnbk6d_Ny1oYR8J4AQDbb30w,4.1,157,
Go! Calendars,"2905 E Skyline Dr, Tucson, AZ 85718, USA",+1 520-448-3547,gift_shop,catalina-foothills,https://maps.google.com/?q=Go%21%20Calendars%202905%20E%20Skyline%20Dr%2C%20Tucson%2C%20AZ%2085718%2C%20USA,http://www.goretailgroup.com/,2,,GoDaddy.com,0,has website,142,false,ChIJDyRxq_Ny1oYRNc2EHAhZgHA,4.8,5,
Sunglass Hut,"2905 E Skyline Dr #136, Tucson, AZ 85718, USA",+1 520-577-1623,gift_shop,catalina-foothills,https://maps.google.com/?q=Sunglass%20Hut%202905%20E%20Skyline%20Dr%20%23136%2C%20Tucson%2C%20AZ%2085718%2C%20USA,https://stores.sunglasshut.com/us/az/tucson/2905-e-skyline-dr?cid=YEXT_4322&y_source=1_MTE0Mzk2Ny03MTUtbG9jYXRpb24ud2Vic2l0ZQ%3D%3D,2,custom/unknown,unregistered,0,has website,143,false,ChIJnbk6d_Ny1oYRopwUaUUVhNU,3.8,27,
Giving Machine: Light the World,"2905 E Skyline Dr, Tucson, AZ 85718, USA",,gift_shop,catalina-foothills,https://maps.google.com/?q=Giving%20Machine%3A%20Light%20the%20World%202905%20E%20Skyline%20Dr%2C%20Tucson%2C%20AZ%2085718%2C%20USA,https://www.churchofjesuschrist.org/comeuntochrist/light-the-world/giving-machines,2,custom/unknown,Key-Systems GmbH,0,has website,144,false,ChIJHYg1JgBz1oYRa8wLbXE3IGM,5,2,
Philabaum Glass Gallery,"2840 E Skyline Dr #100, Tucson, AZ 85718, USA",+1 520-884-7404,gift_shop,catalina-foothills,https://maps.google.com/?q=Philabaum%20Glass%20Gallery%202840%20E%20Skyline%20Dr%20%23100%2C%20Tucson%2C%20AZ%2085718%2C%20USA,http://www.philabaumglass.com/,2,,Launchpad.com Inc.,0,has website,145,false,ChIJwafZ-OVw1oYRTS3oCXoJGbo,4.9,115,
Daiso - Japanese Household Goods,"6884 E Sunrise Dr Suite 150, Tucson, AZ 85750, USA",+1 928-662-5205,gift_shop,catalina-foothills,https://maps.google.com/?q=Daiso%20-%20Japanese%20Household%20Goods%206884%20E%20Sunrise%20Dr%20Suite%20150%2C%20Tucson%2C%20AZ%2085750%2C%20USA,https://daisoca.com/,2,shopify,Tucows Domains Inc.,0,has website,146,false,ChIJNawZzk9t1oYRaVdjd7WyiEg,4.3,127,
SuperGlass of Tucson,"7551 N Calle Sin Controversia, Tucson, AZ 85718, USA",+1 520-404-6522,car_repair,catalina-foothills,https://maps.google.com/?q=SuperGlass%20of%20Tucson%207551%20N%20Calle%20Sin%20Controversia%2C%20Tucson%2C%20AZ%2085718%2C%20USA,https://www.superglassbestrvglass.com/contact-us.html,2,custom/unknown,DropCatch.com 800 LLC,0,has website,148,false,ChIJq6rmkcRy1oYRlQSP-Y3lpR0,5,3,
Jack Furrier Tire and Auto Care,"6885 E Sunrise Dr, Tucson, AZ 85750, USA",+1 520-529-6070,car_repair,catalina-foothills,https://maps.google.com/?q=Jack%20Furrier%20Tire%20and%20Auto%20Care%206885%20E%20Sunrise%20Dr%2C%20Tucson%2C%20AZ%2085750%2C%20USA,http://jackfurriers.com/,2,custom/unknown,GoDaddy.com,0,has website,149,false,ChIJEykcKEhs1oYROXDn1bT3MzU,4.7,164,
Clear Strike Auto Glass,"6890 E Sunrise Dr #120-221, Tucson, AZ 85750, USA",+1 520-433-6566,car_repair,catalina-foothills,https://maps.google.com/?q=Clear%20Strike%20Auto%20Glass%206890%20E%20Sunrise%20Dr%20%23120-221%2C%20Tucson%2C%20AZ%2085750%2C%20USA,https://www.clearstrikeautoglass.com/,2,wix,Wix.com Ltd.,0,has website,150,false,ChIJV4ES6gxt1oYRSm3ncNmN_dI,4.3,18,
Sparkle Cleaners - Swan,"5639 N Swan Rd, Tucson, AZ 85718, USA",+1 520-386-0530,laundry,catalina-foothills,https://maps.google.com/?q=Sparkle%20Cleaners%20-%20Swan%205639%20N%20Swan%20Rd%2C%20Tucson%2C%20AZ%2085718%2C%20USA,http://www.sparklecleaners.com/,2,custom/unknown,Network Solutions,0,has website,151,false,ChIJVYy3SY5t1oYRZ8VAHip-UW0,4.8,303,
Shaffer Dry Cleaning & Laundry,"4777 E Sunrise Dr #101, Tucson, AZ 85718, USA",+1 520-523-4851,laundry,catalina-foothills,https://maps.google.com/?q=Shaffer%20Dry%20Cleaning%20%26%20Laundry%204777%20E%20Sunrise%20Dr%20%23101%2C%20Tucson%2C%20AZ%2085718%2C%20USA,http://shafferdrycleaning.com/,2,custom/unknown,Network Solutions,0,has website,152,false,ChIJ5eoV3pFt1oYR6SqJpJrP6zQ,4.7,119,
Ventana Dry Cleaners,"6875 E Sunrise Dr #111, Tucson, AZ 85750, USA",+1 520-299-2110,laundry,catalina-foothills,https://maps.google.com/?q=Ventana%20Dry%20Cleaners%206875%20E%20Sunrise%20Dr%20%23111%2C%20Tucson%2C%20AZ%2085750%2C%20USA,,1,,,0,no website,153,false,ChIJoUkMxTds1oYREIfrKPA4jK0,4.3,13,ventanadrycleaners.com; ventanadrycleanerstucson.com
Sparkle Cleaners - Sunrise,"6890 E Sunrise Dr #130, Tucson, AZ 85750, USA",+1 520-391-7993,laundry,catalina-foothills,https://maps.google.com/?q=Sparkle%20Cleaners%20-%20Sunrise%206890%20E%20Sunrise%20Dr%20%23130%2C%20Tucson%2C%20AZ%2085750%2C%20USA,https://www.sparklecleaners.com/,2,custom/unknown,Network Solutions,0,has website,154,false,ChIJL9-gxTds1oYRxZyqj3ijmeY,4.7,252,
Sew-What Tailor Shop,"5669 N Swan Rd, Tucson, AZ 85718, USA",+1 520-577-0080,tailor,catalina-foothills,https://maps.google.com/?q=Sew-What%20Tailor%20Shop%205669%20N%20Swan%20Rd%2C%20Tucson%2C%20AZ%2085718%2C%20USA,,1,,,0,no website,155,false,ChIJcwVfSo5t1oYRje5MtHMxLSU,4.6,9,sewwhattailorshop.com; sewwhattailorshoptucson.com
Apex Tailoring Studio,"2905 E Skyline Dr #172, Tucson, AZ 85718, USA",+1 520-639-8129,tailor,catalina-foothills,https://maps.google.com/?q=Apex%20Tailoring%20Studio%202905%20E%20Skyline%20Dr%20%23172%2C%20Tucson%2C%20AZ%2085718%2C%20USA,http://www.apextailoringstudio.com/,2,wordpress,Cloudflare,0,has website,156,false,ChIJOb9As_9u1oYR-1VPxC1ntoQ,4.8,186,
Woof Gang Bakery & Grooming Catalina Foothills,"4748 E Sunrise Dr, Tucson, AZ 85718, USA",+1 520-286-5153,pet_store,catalina-foothills,https://maps.google.com/?q=Woof%20Gang%20Bakery%20%26%20Grooming%20Catalina%20Foothills%204748%20E%20Sunrise%20Dr%2C%20Tucson%2C%20AZ%2085718%2C%20USA,http://woofgangbakery.com/catalinafoothillsaz,2,wordpress,GoDaddy.com,0,has website,157,false,ChIJEccO9V1t1oYRrMCeHlO0h60,5,189,
China Valley Chinese Restaurant,"10110 N Oracle Rd #180, Oro Valley, AZ 85737, USA",+1 520-354-2097,restaurant,oro-valley,https://maps.google.com/?q=China%20Valley%20Chinese%20Restaurant%2010110%20N%20Oracle%20Rd%20%23180%2C%20Oro%20Valley%2C%20AZ%2085737%2C%20USA,https://www.chinavalleytogo.com/,2,custom/unknown,GoDaddy.com,0,has website,1,false,ChIJv-aGjvAM1oYRo3E9YBysMME,4.5,311,
El Molinito Restaurant,"10180 N Oracle Rd, Oro Valley, AZ 85737, USA",+1 520-268-8180,restaurant,oro-valley,https://maps.google.com/?q=El%20Molinito%20Restaurant%2010180%20N%20Oracle%20Rd%2C%20Oro%20Valley%2C%20AZ%2085737%2C%20USA,https://elmolinitorestaurants.com/,2,custom/unknown,GoDaddy.com,0,has website,2,false,ChIJ39S9jfAM1oYRvzPrNSe48rU,4,1233,
Seis Kitchen Oro Valley,"9740 N Oracle Rd #110, Oro Valley, AZ 85704, USA",+1 520-797-5669,restaurant,oro-valley,https://maps.google.com/?q=Seis%20Kitchen%20Oro%20Valley%209740%20N%20Oracle%20Rd%20%23110%2C%20Oro%20Valley%2C%20AZ%2085704%2C%20USA,https://www.seiskitchen.com/,2,custom/unknown,GoDaddy.com,0,has website,3,false,ChIJaesfQgwN1oYRBkBidn0IYHU,4.2,669,
Sushi Valley,"10509 N Oracle Rd #131, Oro Valley, AZ 85737, USA",+1 520-219-1908,restaurant,oro-valley,https://maps.google.com/?q=Sushi%20Valley%2010509%20N%20Oracle%20Rd%20%23131%2C%20Oro%20Valley%2C%20AZ%2085737%2C%20USA,http://sushi-valley.com/,2,wordpress,eNom,0,has website,4,false,ChIJYW0p9_gM1oYRXZ1WLmt4rpQ,4.4,350,
Rubio's Coastal Grill,"10509 N Oracle Rd, Oro Valley, AZ 85737, USA",+1 520-297-9551,restaurant,oro-valley,https://maps.google.com/?q=Rubio%27s%20Coastal%20Grill%2010509%20N%20Oracle%20Rd%2C%20Oro%20Valley%2C%20AZ%2085737%2C%20USA,https://www.rubios.com/restaurant-locations/arizona/oro-valley,2,wordpress,eNom,0,has website,5,false,ChIJIb3GZ_gM1oYRbfssuZnb4do,4.2,695,
Nautical Bowls,"10515 N Oracle Rd #167, Oro Valley, AZ 85737, USA",+1 520-771-1138,restaurant,oro-valley,https://maps.google.com/?q=Nautical%20Bowls%2010515%20N%20Oracle%20Rd%20%23167%2C%20Oro%20Valley%2C%20AZ%2085737%2C%20USA,https://nauticalbowls.com/store/orovalley/,2,wordpress,GoDaddy.com,0,has website,6,false,ChIJkSghWlUN1oYRXp8D4SCUYGs,4.9,335,
Filiberto’s Mexican Food,"10535 N Oracle Rd, Oro Valley, AZ 85737, USA",+1 520-219-7116,restaurant,oro-valley,https://maps.google.com/?q=Filiberto%E2%80%99s%20Mexican%20Food%2010535%20N%20Oracle%20Rd%2C%20Oro%20Valley%2C%20AZ%2085737%2C%20USA,https://www.doordash.com/store/filibertos-mexican-food-oro-valley-420123/1206184/?preview=1,2,custom/unknown,MarkMonitor Inc.,0,has website,8,false,ChIJU8UO8UAN1oYR7IxvpxAhv9w,4.1,617,
DiBella’s Brunch N’ Booze,"9630 N Oracle Rd #110, Oro Valley, AZ 85704, USA",+1 520-258-0595,restaurant,oro-valley,https://maps.google.com/?q=DiBella%E2%80%99s%20Brunch%20N%E2%80%99%20Booze%209630%20N%20Oracle%20Rd%20%23110%2C%20Oro%20Valley%2C%20AZ%2085704%2C%20USA,,1,,,0,no website,9,false,ChIJwzTcWgAN1oYR4ySSjYye6NM,4.4,245,dibellasbrunchnbooze.com; dibellasbrunchnboozetucson.com
Ciao Down Pizza Bistro,"10565 N Oracle Rd #111, Oro Valley, AZ 85737, USA",,restaurant,oro-valley,https://maps.google.com/?q=Ciao%20Down%20Pizza%20Bistro%2010565%20N%20Oracle%20Rd%20%23111%2C%20Oro%20Valley%2C%20AZ%2085737%2C%20USA,https://www.ciaodownpizza.com/,2,wix,Wix.com Ltd.,0,has website,10,false,ChIJKVG0ciIN1oYRZtPW4kvFSJc,4.3,106,
First Watch,"10565 N Oracle Rd #103, Oro Valley, AZ 85737, USA",+1 520-544-6115,restaurant,oro-valley,https://maps.google.com/?q=First%20Watch%2010565%20N%20Oracle%20Rd%20%23103%2C%20Oro%20Valley%2C%20AZ%2085737%2C%20USA,http://www.firstwatch.com/locations/rooney-ranch/?utm_source=gbp-listing&utm_medium=organic&utm_campaign=gbp-listing&utm_content=rooney-ranch,2,wordpress,Network Solutions,0,has website,11,false,ChIJ1z90mfgM1oYRQgQmegu8ym8,4.4,1563,
Epazote Kitchen & Cocktails,"10000 N Oracle Rd, Tucson, AZ 85704, USA",+1 520-544-1705,restaurant,oro-valley,https://maps.google.com/?q=Epazote%20Kitchen%20%26%20Cocktails%2010000%20N%20Oracle%20Rd%2C%20Tucson%2C%20AZ%2085704%2C%20USA,https://www.hiltonelconquistador.com/dining/epazote-kitchen-cocktails,2,,MarkMonitor Inc.,0,has website,12,false,ChIJsWOrneQM1oYR0Mm-TewAv5g,4,215,
SNOWFOX Sushi,"10661 N Oracle Rd, Oro Valley, AZ 85737, USA",,restaurant,oro-valley,https://maps.google.com/?q=SNOWFOX%20Sushi%2010661%20N%20Oracle%20Rd%2C%20Oro%20Valley%2C%20AZ%2085737%2C%20USA,https://jfefood.com/,2,wordpress,GoDaddy.com,0,has website,18,false,ChIJ7X-j_tIN1oYRDq-9W0uiB14,,,
Street Taco and Beer Co.,"10785 N Oracle Rd, Oro Valley, AZ 85737, USA",,restaurant,oro-valley,https://maps.google.com/?q=Street%20Taco%20and%20Beer%20Co.%2010785%20N%20Oracle%20Rd%2C%20Oro%20Valley%2C%20AZ%2085737%2C%20USA,https://streettaco.online/,2,,Register.com - Network Solutions,0,has website,19,false,ChIJRxS8L2sN1oYRZO4RXu2-2ho,4.5,410,
Noble Hops,"1335 W Lambert Ln, Oro Valley, AZ 85737, USA",+1 520-797-4677,bar,oro-valley,https://maps.google.com/?q=Noble%20Hops%201335%20W%20Lambert%20Ln%2C%20Oro%20Valley%2C%20AZ%2085737%2C%20USA,http://noblehops.com/,2,wordpress,GoDaddy.com,0,has website,22,false,ChIJKUsxXn4M1oYRogB_Fnpv5Ig,4.2,1646,
Harvest Restaurant,"10355 N La Cañada Dr #141, Oro Valley, AZ 85737, USA",+1 520-731-1100,bar,oro-valley,https://maps.google.com/?q=Harvest%20Restaurant%2010355%20N%20La%20Ca%C3%B1ada%20Dr%20%23141%2C%20Oro%20Valley%2C%20AZ%2085737%2C%20USA,http://www.harvestov.com/,2,wix,GoDaddy.com,0,has website,23,false,ChIJ4Y-En38M1oYRuFxaHktaPGA,4.3,1093,
The Overlook,"10555 N La Cañada Dr, Tucson, AZ 85737, USA",+1 520-229-5355,bar,oro-valley,https://maps.google.com/?q=The%20Overlook%2010555%20N%20La%20Ca%C3%B1ada%20Dr%2C%20Tucson%2C%20AZ%2085737%2C%20USA,https://www.elcongolf.com/overlook-restaurant,2,wordpress,GoDaddy.com,0,has website,24,false,ChIJsQIZGogL1oYR4dNPegvnnQ4,4.2,103,
Cabali,"8195 N Oracle Rd, Oro Valley, AZ 85704, USA",,bar,oro-valley,https://maps.google.com/?q=Cabali%208195%20N%20Oracle%20Rd%2C%20Oro%20Valley%2C%20AZ%2085704%2C%20USA,https://cabalitikibar.com/,2,custom/unknown,Squarespace Domains LLC,0,has website,25,false,ChIJ6S4xMQAN1oYR1ZahZHzj2uQ,4.3,78,
Rosati's Pizza- Oro Valley,"12152 N Rancho Vistoso Blvd #C170, Oro Valley, AZ 85755, USA",+1 520-229-0083,bar,oro-valley,https://maps.google.com/?q=Rosati%27s%20Pizza-%20Oro%20Valley%2012152%20N%20Rancho%20Vistoso%20Blvd%20%23C170%2C%20Oro%20Valley%2C%20AZ%2085755%2C%20USA,https://myrosatis.com/orovalley/,2,wordpress,NameCheap,0,has website,26,false,ChIJkSAr7DAM1oYRm1WoOsZHrOw,4.3,653,
The Landing,"8195 N Oracle Rd, Oro Valley, AZ 85704, USA",+1 520-395-1099,bar,oro-valley,https://maps.google.com/?q=The%20Landing%208195%20N%20Oracle%20Rd%2C%20Oro%20Valley%2C%20AZ%2085704%2C%20USA,https://landingov.com/?utm_source=google,2,custom/unknown,Squarespace Domains II LLC,0,has website,27,false,ChIJQQ7e1MwN1oYRvE-u6YCBWZU,4.2,425,
Fork & Fire Smokehouse + Taproom,"11835 N Oracle Rd #101, Oro Valley, AZ 85737, USA",+1 520-222-6605,bar,oro-valley,https://maps.google.com/?q=Fork%20%26%20Fire%20Smokehouse%20%2B%20Taproom%2011835%20N%20Oracle%20Rd%20%23101%2C%20Oro%20Valley%2C%20AZ%2085737%2C%20USA,https://www.forknfire.com/?utm_source=google&utm_medium=organic&utm_campaign=tucson-gbp,2,wix,GoDaddy.com,0,has website,28,false,ChIJofGo7jQN1oYRMkHvWqvGnpU,4.4,839,
Stacks Book Club,"1880 E Tangerine Rd Suite 140, Oro Valley, AZ 85755, USA",+1 520-638-8758,bar,oro-valley,https://maps.google.com/?q=Stacks%20Book%20Club%201880%20E%20Tangerine%20Rd%20Suite%20140%2C%20Oro%20Valley%2C%20AZ%2085755%2C%20USA,http://stacksbookclub.com/,2,custom php,GoDaddy.com,0,has website,30,false,ChIJWR5MmXAN1oYRV7dPaWmXq_8,4.8,282,
The Keg Steakhouse + Bar - Oro Valley,"12005 N Oracle Rd, Oro Valley, AZ 85737, USA",+1 520-219-9500,bar,oro-valley,https://maps.google.com/?q=The%20Keg%20Steakhouse%20%2B%20Bar%20-%20Oro%20Valley%2012005%20N%20Oracle%20Rd%2C%20Oro%20Valley%2C%20AZ%2085737%2C%20USA,https://thekeg.com/en/locations/oro-valley,2,,Porkbun LLC,0,has website,31,false,ChIJC-FnA8gN1oYRNFafiDQHNFY,4.5,1546,
Anthony's Cigar Emporium,"7866 N Oracle Rd, Tucson, AZ 85704, USA",+1 520-531-9155,bar,oro-valley,https://maps.google.com/?q=Anthony%27s%20Cigar%20Emporium%207866%20N%20Oracle%20Rd%2C%20Tucson%2C%20AZ%2085704%2C%20USA,http://www.anthonyscigars.com/,2,custom/unknown,GoDaddy.com,0,has website,32,false,ChIJWVT3h0pz1oYRqIyvS6K0L-U,4.5,123,
The Hoppy Vine,"12125 N Oracle Rd, Oro Valley, AZ 85737, USA",+1 520-395-1215,bar,oro-valley,https://maps.google.com/?q=The%20Hoppy%20Vine%2012125%20N%20Oracle%20Rd%2C%20Oro%20Valley%2C%20AZ%2085737%2C%20USA,https://www.thehoppyvineov.com/,2,wix,Squarespace Domains II LLC,0,has website,33,false,ChIJC-4J3RkN1oYRZOg_wYFuk0s,4.8,72,
El Charro Café Oro Valley,"7725 N Oracle Rd #101, Tucson, AZ 85704, USA",+1 520-229-1922,bar,oro-valley,https://maps.google.com/?q=El%20Charro%20Caf%C3%A9%20Oro%20Valley%207725%20N%20Oracle%20Rd%20%23101%2C%20Tucson%2C%20AZ%2085704%2C%20USA,http://www.elcharrocafe.com/,2,wordpress,GoDaddy.com,0,has website,34,false,ChIJGU1UP0pz1oYR2SNxDPJLtM4,4.3,1997,
Dutch Bros Coffee,"9730 N Oracle Rd, Oro Valley, AZ 85704, USA",+1 877-899-2767,cafe,oro-valley,https://maps.google.com/?q=Dutch%20Bros%20Coffee%209730%20N%20Oracle%20Rd%2C%20Oro%20Valley%2C%20AZ%2085704%2C%20USA,https://www.dutchbros.com/locations/az/oro-valley/9730-n.-oracle-road?y_source=1_MTU1NTM4ODgtNzE1LWxvY2F0aW9uLndlYnNpdGU%3D,2,custom/unknown,GoDaddy Corporate Domains,0,has website,35,false,ChIJ3TKJ0DoN1oYRw-q2vMbZ788,4.7,561,
Sundance Cafe at El Conquistador Resort,"10000 N Oracle Rd, Tucson, AZ 85704, USA",+1 520-544-1700,cafe,oro-valley,https://maps.google.com/?q=Sundance%20Cafe%20at%20El%20Conquistador%20Resort%2010000%20N%20Oracle%20Rd%2C%20Tucson%2C%20AZ%2085704%2C%20USA,https://www.hilton.com/en/hotels/tushthh-el-conquistador-tucson/dining/sundance-cafe/,2,,MarkMonitor Inc.,0,has website,36,false,ChIJw7eSk-QM1oYRukhAr4E_sHw,3.7,32,
Desert Drifter (Lambert La Cañada),"10335 N La Cañada Dr, Oro Valley, AZ 85737, USA",,cafe,oro-valley,https://maps.google.com/?q=Desert%20Drifter%20%28Lambert%20La%20Ca%C3%B1ada%29%2010335%20N%20La%20Ca%C3%B1ada%20Dr%2C%20Oro%20Valley%2C%20AZ%2085737%2C%20USA,https://desertdriftercoffee.com/,2,custom/unknown,IONOS SE,0,has website,42,false,ChIJ7ZFfS_gN1oYRiT3MqCa8Qu4,,,
Savaya Coffee Market - at Steam Pump,"11177 N Oracle Rd, Oro Valley, AZ 85737, USA",+1 520-447-5713,cafe,oro-valley,https://maps.google.com/?q=Savaya%20Coffee%20Market%20-%20at%20Steam%20Pump%2011177%20N%20Oracle%20Rd%2C%20Oro%20Valley%2C%20AZ%2085737%2C%20USA,http://www.savayacoffee.com/,2,custom/unknown,DNC Holdings,0,has website,43,false,ChIJu1tSrQEN1oYRmNs4qvNw5m8,4.7,143,
Bruegger's Bagels,"11165 N La Cañada Dr Suite 161, Tucson, AZ 85737, USA",+1 520-575-0651,cafe,oro-valley,https://maps.google.com/?q=Bruegger%27s%20Bagels%2011165%20N%20La%20Ca%C3%B1ada%20Dr%20Suite%20161%2C%20Tucson%2C%20AZ%2085737%2C%20USA,https://locations.brueggers.com/us/az/tucson/11165-north-la-canada?y_source=1_OTczMjIzMy03MTUtbG9jYXRpb24ud2Vic2l0ZQ%3D%3D,2,wordpress,unregistered,0,has website,44,false,ChIJj5uvxnUM1oYRTqHFoK0EYMo,4.2,394,
Cheers To You Nutrition,"12152 N Rancho Vistoso Blvd #130, Oro Valley, AZ 85755, USA",+1 520-531-8000,cafe,oro-valley,https://maps.google.com/?q=Cheers%20To%20You%20Nutrition%2012152%20N%20Rancho%20Vistoso%20Blvd%20%23130%2C%20Oro%20Valley%2C%20AZ%2085755%2C%20USA,https://www.facebook.com/cheerstoyounutritionov/,2,custom/unknown,RegistrarSafe,0,has website,45,false,ChIJe54l7DAM1oYRMv5u7VIpHQQ,4.6,43,
Oro Valley Coffee Roasting Co.,"1551 E Tangerine Rd, Tucson, AZ 85755, USA",,cafe,oro-valley,https://maps.google.com/?q=Oro%20Valley%20Coffee%20Roasting%20Co.%201551%20E%20Tangerine%20Rd%2C%20Tucson%2C%20AZ%2085755%2C%20USA,,1,,,0,no website,48,false,ChIJa-AgeAAN1oYRskH7uH3hcmU,,,orovalleycoffeeroastingco.com; orovalleycoffeeroastingcotucson.com
Village Bakehouse,"7882 N Oracle Rd, Tucson, AZ 85704, USA",+1 520-531-0977,cafe,oro-valley,https://maps.google.com/?q=Village%20Bakehouse%207882%20N%20Oracle%20Rd%2C%20Tucson%2C%20AZ%2085704%2C%20USA,https://villagebakehouse.com/,2,custom php,GoDaddy.com,0,has website,49,false,ChIJYcHLh0pz1oYRikGeRd_eVOQ,4.6,921,
Fry's,"10661 N Oracle Rd, Oro Valley, AZ 85737, USA",+1 520-742-6663,bakery,oro-valley,https://maps.google.com/?q=Fry%27s%2010661%20N%20Oracle%20Rd%2C%20Oro%20Valley%2C%20AZ%2085737%2C%20USA,https://www.frysfood.com/stores/grocery/az/oro-valley/oracle-1st-ave/660/00018?cid=loc_66000018_gmb,2,,Network Solutions,0,has website,51,false,ChIJFctuzlcM1oYRXYEPOvIlvDY,4.3,483,
Oro Valley Boucakes,"777 W Calle Concordia, Oro Valley, AZ 85704, USA",+1 520-440-5681,bakery,oro-valley,https://maps.google.com/?q=Oro%20Valley%20Boucakes%20777%20W%20Calle%20Concordia%2C%20Oro%20Valley%2C%20AZ%2085704%2C%20USA,https://ovboucakes.com/,2,custom/unknown,GoDaddy.com,0,has website,52,false,ChIJS2Src1AN1oYR8U3KizEonwk,5,19,
Fry's,"10450 N La Cañada Dr, Oro Valley, AZ 85737, USA",+1 520-877-9207,bakery,oro-valley,https://maps.google.com/?q=Fry%27s%2010450%20N%20La%20Ca%C3%B1ada%20Dr%2C%20Oro%20Valley%2C%20AZ%2085737%2C%20USA,https://www.frysfood.com/stores/grocery/az/oro-valley/lambert-la-canada-dr/660/00117?cid=loc_66000117_gmb,2,,Network Solutions,0,has website,53,false,ChIJQbQNwn4M1oYR1kYodlgXijM,4.3,596,
Breadsmith of Oro Valley,"10355 N La Cañada Dr, Oro Valley, AZ 85737, USA",+1 520-219-7985,bakery,oro-valley,https://maps.google.com/?q=Breadsmith%20of%20Oro%20Valley%2010355%20N%20La%20Ca%C3%B1ada%20Dr%2C%20Oro%20Valley%2C%20AZ%2085737%2C%20USA,http://www.breadsmith.com/oro-valley,2,custom php,GoDaddy.com,0,has website,54,false,ChIJy8uAon8M1oYRVwENrTN6hBw,4.7,207,
Happy Joe's Pizza - Oro Valley,"11695 N Oracle Rd, Oro Valley, AZ 85737, USA",+1 520-675-3588,bakery,oro-valley,https://maps.google.com/?q=Happy%20Joe%27s%20Pizza%20-%20Oro%20Valley%2011695%20N%20Oracle%20Rd%2C%20Oro%20Valley%2C%20AZ%2085737%2C%20USA,https://happyjoes.com/locations/arizona/oro-valley-az/,2,wordpress,IONOS SE,0,has website,57,false,ChIJiY-OSdIN1oYRoUtStbdOemI,4,51,
Pastry By Village,"7882 N Oracle Rd, Tucson, AZ 85704, USA",+1 520-389-5729,bakery,oro-valley,https://maps.google.com/?q=Pastry%20By%20Village%207882%20N%20Oracle%20Rd%2C%20Tucson%2C%20AZ%2085704%2C%20USA,,1,,,0,no website,61,false,ChIJdaNM-bBz1oYRaPY9vYGb8qk,,,pastrybyvillage.com; pastrybyvillagetucson.com
Crumbl,"7805 N Oracle Rd Ste 151, Oro Valley, AZ 85704, USA",+1 520-355-3848,bakery,oro-valley,https://maps.google.com/?q=Crumbl%207805%20N%20Oracle%20Rd%20Ste%20151%2C%20Oro%20Valley%2C%20AZ%2085704%2C%20USA,https://crumblcookies.com/stores/az/tucson-area/azorovalley?utm_source=google+business&utm_medium=profile&utm_campaign=CRUMBL-US+%7C+GOOGLE+BUSINESS+%7C+STORE+PAGE+%7C+ONGOING+%7C+CONSIDERATION+%7C+PROFILE,2,custom/unknown,GoDaddy.com,0,has website,62,false,ChIJ8f_MFv9z1oYRnzrjZAEMES0,4.7,1610,
Baggin's Gourmet Sandwiches,"11015 N Oracle Rd, Tucson, AZ 85737, USA",+1 520-547-2839,meal_delivery,oro-valley,https://maps.google.com/?q=Baggin%27s%20Gourmet%20Sandwiches%2011015%20N%20Oracle%20Rd%2C%20Tucson%2C%20AZ%2085737%2C%20USA,http://www.bagginsgourmet.com/,2,wordpress,eNom,0,has website,63,false,ChIJ2dWhY6sN1oYRBEYz2DX1ezk,4.2,397,
It's Just Wings,"11065 N Oracle Rd, Oro Valley, AZ 85737, USA",+1 469-284-8566,meal_delivery,oro-valley,https://maps.google.com/?q=It%27s%20Just%20Wings%2011065%20N%20Oracle%20Rd%2C%20Oro%20Valley%2C%20AZ%2085737%2C%20USA,https://locations.itsjustwings.com/az/oro-valley/oro-valley-its-just-wings?utm_source=google&utm_medium=local&utm_campaign=IJW,2,custom/unknown,unregistered,0,has website,64,false,ChIJge_1pasN1oYRGi5v9euaBgM,3.3,32,
QuikTrip,"11045 N Oracle Rd, Oro Valley, AZ 85737, USA",+1 520-219-0350,meal_takeaway,oro-valley,https://maps.google.com/?q=QuikTrip%2011045%20N%20Oracle%20Rd%2C%20Oro%20Valley%2C%20AZ%2085737%2C%20USA,https://locations.quiktrip.com/az/oro-valley/11045-n-oracle-rd?utm_source=gmb&utm_medium=yext&y_source=1_MTYwMDQzNDktNzE1LWxvY2F0aW9uLndlYnNpdGU%3D,2,custom/unknown,unregistered,0,has website,67,false,ChIJ_RryYawN1oYRam_NWh-2oLI,4,80,
ZENSHI Handcrafted Sushi,"12122 N Rancho Vistoso Blvd, Oro Valley, AZ 85755, USA",+1 520-297-4344,meal_takeaway,oro-valley,https://maps.google.com/?q=ZENSHI%20Handcrafted%20Sushi%2012122%20N%20Rancho%20Vistoso%20Blvd%2C%20Oro%20Valley%2C%20AZ%2085755%2C%20USA,https://www.zenshisushi.com/,2,wix,Network Solutions,0,has website,72,false,ChIJe9ZxNOEN1oYRAfh7LBzH8mM,,,
It's About Hair Tucson,"10110 N Oracle Rd #120, Oro Valley, AZ 85737, USA",+1 520-244-2705,hair_salon,oro-valley,https://maps.google.com/?q=It%27s%20About%20Hair%20Tucson%2010110%20N%20Oracle%20Rd%20%23120%2C%20Oro%20Valley%2C%20AZ%2085737%2C%20USA,https://www.itsabouthair.com/,2,squarespace,PDR Ltd. d/b/a PublicDomainRegistry.com,0,has website,75,false,ChIJD1SrARYN1oYRlpnNDSqKFvY,,,
Antonias LLC at Havven Salon,"10110 N Oracle Rd, Oro Valley, AZ 85737, USA",+1 520-903-7660,hair_salon,oro-valley,https://maps.google.com/?q=Antonias%20LLC%20at%20Havven%20Salon%2010110%20N%20Oracle%20Rd%2C%20Oro%20Valley%2C%20AZ%2085737%2C%20USA,,1,,,0,no website,76,false,ChIJs9cwDNMN1oYRP1krljqoeSM,5,3,antoniasathavvensalon.com; antoniasathavvensalontucson.com
Michelle Houghton,"10110 N Oracle Rd #120, Oro Valley, AZ 85737, USA",+1 520-244-2705,hair_salon,oro-valley,https://maps.google.com/?q=Michelle%20Houghton%2010110%20N%20Oracle%20Rd%20%23120%2C%20Oro%20Valley%2C%20AZ%2085737%2C%20USA,http://itsabouthair.com/,2,squarespace,PDR Ltd. d/b/a PublicDomainRegistry.com,0,has website,77,false,ChIJMYsShg1z1oYRtol1FZ8-CZ0,,,
Imagen Salon & Day Spa,"475 E Vuelta Caminata del Rio, Oro Valley, AZ 85737, USA",+1 520-742-0040,hair_salon,oro-valley,https://maps.google.com/?q=Imagen%20Salon%20%26%20Day%20Spa%20475%20E%20Vuelta%20Caminata%20del%20Rio%2C%20Oro%20Valley%2C%20AZ%2085737%2C%20USA,https://imagensalonspa.com/,2,,GoDaddy.com,0,has website,78,false,ChIJqb4pclgM1oYRf0mmrDU5SjE,4.5,142,
Reform Salon,"10509 N Oracle Rd #109, Oro Valley, AZ 85737, USA",+1 520-909-4816,hair_salon,oro-valley,https://maps.google.com/?q=Reform%20Salon%2010509%20N%20Oracle%20Rd%20%23109%2C%20Oro%20Valley%2C%20AZ%2085737%2C%20USA,http://reformsalon.com/,2,squarespace,Tucows Domains Inc.,0,has website,79,false,ChIJeUJvcIsN1oYR1IBiFS3MTiY,4.9,16,
Beauty Obsessed,"10509 N Oracle Rd #109, Tucson, AZ 85737, USA",+1 520-559-0403,hair_salon,oro-valley,https://maps.google.com/?q=Beauty%20Obsessed%2010509%20N%20Oracle%20Rd%20%23109%2C%20Tucson%2C%20AZ%2085737%2C%20USA,http://beauty-obsessed-103796.square.site/,2,weebly,MarkMonitor Inc.,0,has website,80,false,ChIJG1O04I8N1oYRWoVFD5aho48,4.8,19,
The Dollhouse Salon,"1335 W Lambert Ln, Oro Valley, AZ 85737, USA",+1 520-639-0263,hair_salon,oro-valley,https://maps.google.com/?q=The%20Dollhouse%20Salon%201335%20W%20Lambert%20Ln%2C%20Oro%20Valley%2C%20AZ%2085737%2C%20USA,https://www.facebook.com/Thedollhousesalontucson/,2,,RegistrarSafe,0,has website,83,false,ChIJR4ij9BYN1oYR743TcPF0NTM,4.8,32,
Bombshell beauty by mel,"10325 N La Cañada Dr #121, Oro Valley, AZ 85737, USA",+1 520-427-0283,hair_salon,oro-valley,https://maps.google.com/?q=Bombshell%20beauty%20by%20mel%2010325%20N%20La%20Ca%C3%B1ada%20Dr%20%23121%2C%20Oro%20Valley%2C%20AZ%2085737%2C%20USA,https://mysite.vagaro.com/lescheveuxsalonandspa,2,custom/unknown,unregistered,0,has website,85,false,ChIJ_4ePRRwN1oYRORtrFGwup0c,5,1,
Les Cheveux Salon & Spa,"10325 N La Cañada Dr #121, Tucson, AZ 85737, USA",+1 520-308-5776,hair_salon,oro-valley,https://maps.google.com/?q=Les%20Cheveux%20Salon%20%26%20Spa%2010325%20N%20La%20Ca%C3%B1ada%20Dr%20%23121%2C%20Tucson%2C%20AZ%2085737%2C%20USA,http://mysite.vagaro.com/lescheveuxsalonandspa,2,custom/unknown,unregistered,0,has website,86,false,ChIJ45VyvH8M1oYRriHPo-JSNiU,4.5,81,
Lyssastyles,"N La Cañada Dr, Oro Valley, AZ 85755, USA",+1 520-909-9353,hair_salon,oro-valley,https://maps.google.com/?q=Lyssastyles%20N%20La%20Ca%C3%B1ada%20Dr%2C%20Oro%20Valley%2C%20AZ%2085755%2C%20USA,https://www.vagaro.com/lescheveuxsalonandspa,2,,Register.com - Network Solutions,0,has website,87,false,ChIJma3UqnAN1oYR3sUsRoYpolk,,,
Laura Newman Hair,"11656 N Teskow Dr, Tucson, AZ 85737, USA",+1 520-481-2689,hair_salon,oro-valley,https://maps.google.com/?q=Laura%20Newman%20Hair%2011656%20N%20Teskow%20Dr%2C%20Tucson%2C%20AZ%2085737%2C%20USA,http://lauranewmanhairsalon.com/,2,custom/unknown,GoDaddy.com,0,has website,88,false,ChIJv02langN1oYRb0FWpbDpJhw,4.7,13,
Belle Chic Salon,"11901 N 1st Ave #131, Oro Valley, AZ 85737, USA",+1 520-544-7788,hair_salon,oro-valley,https://maps.google.com/?q=Belle%20Chic%20Salon%2011901%20N%201st%20Ave%20%23131%2C%20Oro%20Valley%2C%20AZ%2085737%2C%20USA,http://www.bellechicsalon.com/,2,squarespace,GoDaddy.com,0,has website,89,false,ChIJn3lXmzcM1oYRe_b7H-JabPI,4.7,81,
Gadabout SalonSpas - Oracle,"8303 N Oracle Rd, Tucson, AZ 85704, USA",+1 520-325-0000,hair_salon,oro-valley,https://maps.google.com/?q=Gadabout%20SalonSpas%20-%20Oracle%208303%20N%20Oracle%20Rd%2C%20Tucson%2C%20AZ%2085704%2C%20USA,https://gadabout.com/pages/oracle,2,shopify,Network Solutions,0,has website,90,false,ChIJr48Zi8kM1oYROaJ3RPxLNuY,4.5,352,
Halo Hair Studio,"12152 N Rancho Vistoso Blvd, Oro Valley, AZ 85737, USA",+1 520-742-4433,hair_salon,oro-valley,https://maps.google.com/?q=Halo%20Hair%20Studio%2012152%20N%20Rancho%20Vistoso%20Blvd%2C%20Oro%20Valley%2C%20AZ%2085737%2C%20USA,http://halo-hairstudio.com/,2,custom/unknown,Bluehost Inc.,0,has website,92,false,ChIJ1WjzNjcM1oYRunhfhWKM4Ok,4.6,61,
lewis + ivey salon,"1880 E Tangerine Rd #160, Oro Valley, AZ 85755, USA",+1 520-447-5851,hair_salon,oro-valley,https://maps.google.com/?q=lewis%20%2B%20ivey%20salon%201880%20E%20Tangerine%20Rd%20%23160%2C%20Oro%20Valley%2C%20AZ%2085755%2C%20USA,http://www.lewisandivey.com/,2,wix,Wix.com Ltd.,0,has website,94,false,ChIJL977FxYN1oYR9sDieRcMgVg,4.9,185,
Nails by Ley Le,"10110 N Oracle Rd #120, Oro Valley, AZ 85737, USA",,nail_salon,oro-valley,https://maps.google.com/?q=Nails%20by%20Ley%20Le%2010110%20N%20Oracle%20Rd%20%23120%2C%20Oro%20Valley%2C%20AZ%2085737%2C%20USA,,1,,,0,no website,95,false,ChIJBes9-nAN1oYRS-bD337D5b8,5,25,nailsbyleyletucson.com; nailsbyleyleaz.com
Nail Trix etc.,"10110 N Oracle Rd #120, Oro Valley, AZ 85737, USA",+1 520-219-4850,nail_salon,oro-valley,https://maps.google.com/?q=Nail%20Trix%20etc.%2010110%20N%20Oracle%20Rd%20%23120%2C%20Oro%20Valley%2C%20AZ%2085737%2C%20USA,,1,,,0,no website,96,false,ChIJEUbHhfAM1oYRLfzjdmyPRT8,5,17,nailtrixetctucson.com; nailtrixetcaz.com
OV Posh Nail Spa,"9630 N Oracle Rd, Oro Valley, AZ 85737, USA",+1 520-639-8683,nail_salon,oro-valley,https://maps.google.com/?q=OV%20Posh%20Nail%20Spa%209630%20N%20Oracle%20Rd%2C%20Oro%20Valley%2C%20AZ%2085737%2C%20USA,http://ovposhnail.com/,2,custom/unknown,GoDaddy.com,0,has website,97,false,ChIJ8XUUSe8M1oYRs5fWxbinYfM,4.3,244,
Universal Nails & Spa,"10592 N Oracle Rd #120, Oro Valley, AZ 85737, USA",+1 520-797-3228,nail_salon,oro-valley,https://maps.google.com/?q=Universal%20Nails%20%26%20Spa%2010592%20N%20Oracle%20Rd%20%23120%2C%20Oro%20Valley%2C%20AZ%2085737%2C%20USA,https://universalnailsspa.com/,2,custom php,Wild West Domains,0,has website,98,false,ChIJUYlXUP8M1oYR8QSjlWe0B_U,4.2,94,
Tipsy Nails,"10645 N Oracle Rd #131, Oro Valley, AZ 85737, USA",+1 520-354-9713,nail_salon,oro-valley,https://maps.google.com/?q=Tipsy%20Nails%2010645%20N%20Oracle%20Rd%20%23131%2C%20Oro%20Valley%2C%20AZ%2085737%2C%20USA,https://tipsynailsorovalley.com/,2,wordpress,NameCheap,0,has website,99,false,ChIJS1WTOFYM1oYRWd0QGZAnVMY,4.3,215,
DJ NAILS & SPA,"10785 N Oracle Rd suite 183, Oro Valley, AZ 85737, USA",+1 520-395-0672,nail_salon,oro-valley,https://maps.google.com/?q=DJ%20NAILS%20%26%20SPA%2010785%20N%20Oracle%20Rd%20suite%20183%2C%20Oro%20Valley%2C%20AZ%2085737%2C%20USA,https://www.facebook.com/djnailsorovalley,2,,RegistrarSafe,0,has website,100,false,ChIJSfkKvwEN1oYROcu7bIw6DX8,4.4,96,
ITouch Day Spa Oro Valley,"1335 W Lambert Ln, Oro Valley, AZ 85737, USA",+1 520-214-7979,nail_salon,oro-valley,https://maps.google.com/?q=ITouch%20Day%20Spa%20Oro%20Valley%201335%20W%20Lambert%20Ln%2C%20Oro%20Valley%2C%20AZ%2085737%2C%20USA,,1,,,0,no website,101,false,ChIJq6raXn4M1oYRCR_epx6A54s,4.1,80,itouchdayspaorovalleytucson.com; itouchdayspaorovalleyaz.com
ORO NAILS LLC,"10420 N La Cañada Dr #110, Oro Valley, AZ 85737, USA",+1 520-219-9313,nail_salon,oro-valley,https://maps.google.com/?q=ORO%20NAILS%20LLC%2010420%20N%20La%20Ca%C3%B1ada%20Dr%20%23110%2C%20Oro%20Valley%2C%20AZ%2085737%2C%20USA,http://oronailsllc.com/,2,custom/unknown,Squarespace Domains LLC,0,has website,102,false,ChIJwds43HgM1oYRw3APVWmWGoY,4.2,96,
Creative Nails,"10355 N La Cañada Dr # 189, Oro Valley, AZ 85737, USA",+1 520-297-6747,nail_salon,oro-valley,https://maps.google.com/?q=Creative%20Nails%2010355%20N%20La%20Ca%C3%B1ada%20Dr%20%23%20189%2C%20Oro%20Valley%2C%20AZ%2085737%2C%20USA,https://www.facebook.com/creativenails.tanning/,2,custom/unknown,RegistrarSafe,0,has website,103,false,ChIJCyaIYK8f-xQRtNxsP5euT40,4.4,113,
Elegant Nails,"11165 N La Cañada Dr #125, Tucson, AZ 85737, USA",+1 520-575-8009,nail_salon,oro-valley,https://maps.google.com/?q=Elegant%20Nails%2011165%20N%20La%20Ca%C3%B1ada%20Dr%20%23125%2C%20Tucson%2C%20AZ%2085737%2C%20USA,https://elegantnailsorovalley.com/,2,custom php,NameCheap,0,has website,104,false,ChIJj5uvxnUM1oYR0MGfXGLtXdY,4.6,91,
Potion and Polish,"1360 W Newton Dr, Tucson, AZ 85704, USA",+1 956-600-1376,nail_salon,oro-valley,https://maps.google.com/?q=Potion%20and%20Polish%201360%20W%20Newton%20Dr%2C%20Tucson%2C%20AZ%2085704%2C%20USA,http://potionandpolish.glossgenius.com/,2,webflow,unregistered,0,has website,105,false,ChIJ3bWL65gN1oYR37flD5QoM3M,,,
The Art of Nails,"11931 N 1st Ave #103, Oro Valley, AZ 85737, USA",+1 520-328-8236,nail_salon,oro-valley,https://maps.google.com/?q=The%20Art%20of%20Nails%2011931%20N%201st%20Ave%20%23103%2C%20Oro%20Valley%2C%20AZ%2085737%2C%20USA,,1,,,0,no website,106,false,ChIJgxf0eTcM1oYRrarxyXHxl04,4.4,132,artofnailstucson.com; artofnailsaz.com
Nails of the World Spa,"12112 N Rancho Vistoso Blvd, Oro Valley, AZ 85755, USA",+1 520-544-3843,nail_salon,oro-valley,https://maps.google.com/?q=Nails%20of%20the%20World%20Spa%2012112%20N%20Rancho%20Vistoso%20Blvd%2C%20Oro%20Valley%2C%20AZ%2085755%2C%20USA,http://www.nailsoftheworld.com/#!contact-us/c24vq,2,,Gname.com Pte. Ltd.,0,has website,107,false,ChIJeQ6IS7wO1oYRtoJUTSEWvN4,4.3,112,
LET US ALL PRESS ON / NAILS BY LISA,"450 W Cool Dr., Tucson, AZ 85704, USA",+1 520-903-7450,nail_salon,oro-valley,https://maps.google.com/?q=LET%20US%20ALL%20PRESS%20ON%20/%20NAILS%20BY%20LISA%20450%20W%20Cool%20Dr.%2C%20Tucson%2C%20AZ%2085704%2C%20USA,https://www.etsy.com/shop/letusallpresson,2,custom/unknown,MarkMonitor Inc.,0,has website,108,false,ChIJlfxzsnYN1oYRNcuLkWalRWc,3,1,
Chic Nail Boutique,"1880 E Tangerine Rd # 120, Oro Valley, AZ 85755, USA",+1 520-297-9220,nail_salon,oro-valley,https://maps.google.com/?q=Chic%20Nail%20Boutique%201880%20E%20Tangerine%20Rd%20%23%20120%2C%20Oro%20Valley%2C%20AZ%2085755%2C%20USA,,1,,,0,no website,109,false,ChIJuTqE4ssN1oYR6jNRmzR5KH4,4.3,102,chicnailboutiquetucson.com; chicnailboutiqueaz.com
The beauty shop Ink,"2040 E Tangerine Rd suite 29, Oro Valley, AZ 85737, USA",+1 520-812-0744,nail_salon,oro-valley,https://maps.google.com/?q=The%20beauty%20shop%20Ink%202040%20E%20Tangerine%20Rd%20suite%2029%2C%20Oro%20Valley%2C%20AZ%2085737%2C%20USA,,1,,,0,no website,110,false,ChIJW2sBo3MN1oYRX_OCVPNRw8U,5,2,beautyshopink.com; beautyshopinktucson.com
"Regal Nails, Salon & Spa","2150 E Tangerine Rd, Oro Valley, AZ 85755, USA",+1 520-498-2079,nail_salon,oro-valley,https://maps.google.com/?q=Regal%20Nails%2C%20Salon%20%26%20Spa%202150%20E%20Tangerine%20Rd%2C%20Oro%20Valley%2C%20AZ%2085755%2C%20USA,,1,,,0,no website,111,false,ChIJt6__6MgN1oYRszpgVuzDC3E,4.4,60,regalnailssalonspatucson.com; regalnailssalonspaaz.com
Trouvaille Salon,"7888 N Oracle Rd, Oro Valley, AZ 85704, USA",+1 520-297-0602,nail_salon,oro-valley,https://maps.google.com/?q=Trouvaille%20Salon%207888%20N%20Oracle%20Rd%2C%20Oro%20Valley%2C%20AZ%2085704%2C%20USA,http://trouvaille.salon/,2,custom/unknown,unknown,0,has website,112,false,ChIJ3aUbm0pz1oYRjLvZg92VUQk,4.7,73,
Milano Nails Salon,"7931 N Oracle Rd, Oro Valley, AZ 85704, USA",+1 520-219-7035,nail_salon,oro-valley,https://maps.google.com/?q=Milano%20Nails%20Salon%207931%20N%20Oracle%20Rd%2C%20Oro%20Valley%2C%20AZ%2085704%2C%20USA,http://milanonailssalonorovalley.com/,2,,GoDaddy.com,0,has website,113,false,ChIJY1f-mUpz1oYRG0K1HnsVQDs,4.5,565,
Havven Beauty Salon,"10110 N Oracle Rd, Oro Valley, AZ 85737, USA",+1 520-639-8812,beauty_salon,oro-valley,https://maps.google.com/?q=Havven%20Beauty%20Salon%2010110%20N%20Oracle%20Rd%2C%20Oro%20Valley%2C%20AZ%2085737%2C%20USA,http://havvensalon.com/,2,squarespace,Squarespace Domains LLC,0,has website,114,false,ChIJdwgiPNUN1oYRWXnTzdtWLOw,4.9,386,
"Dr.Christopher, Ironwood Dermatology","10211 N Oracle Rd, Oro Valley, AZ 85737, USA",+1 520-618-1630,beauty_salon,oro-valley,https://maps.google.com/?q=Dr.Christopher%2C%20Ironwood%20Dermatology%2010211%20N%20Oracle%20Rd%2C%20Oro%20Valley%2C%20AZ%2085737%2C%20USA,https://www.ironwooddermatology.org/?utm_source=google,2,wordpress,GoDaddy.com,0,has website,115,false,ChIJKZre9pwN1oYRA1p30HIXM78,4.5,167,
Oro Valley Aesthetics & Wellness,"10445 N Oracle Rd Suite 240, Oro Valley, AZ 85737, USA",+1 520-999-2627,beauty_salon,oro-valley,https://maps.google.com/?q=Oro%20Valley%20Aesthetics%20%26%20Wellness%2010445%20N%20Oracle%20Rd%20Suite%20240%2C%20Oro%20Valley%2C%20AZ%2085737%2C%20USA,http://www.orovalleyaesthetics.com/?utm_source=GBP,2,wordpress,Squarespace Domains LLC,0,has website,116,false,ChIJLT9I2KgN1oYR26LWswd-rVA,4.9,290,
Shear Expressions,"10509 N Oracle Rd #109, Oro Valley, AZ 85737, USA",+1 520-742-4534,beauty_salon,oro-valley,https://maps.google.com/?q=Shear%20Expressions%2010509%20N%20Oracle%20Rd%20%23109%2C%20Oro%20Valley%2C%20AZ%2085737%2C%20USA,,1,,,0,no website,117,false,ChIJ2UYw8fgM1oYRv852Zl5H3RU,4.9,25,shearexpressionstucson.com; shearexpressionsaz.com
Rubs Massage Studio - Oro Valley,"10580 N La Cañada Dr, Tucson, AZ 85737, USA",+1 520-544-7827,beauty_salon,oro-valley,https://maps.google.com/?q=Rubs%20Massage%20Studio%20-%20Oro%20Valley%2010580%20N%20La%20Ca%C3%B1ada%20Dr%2C%20Tucson%2C%20AZ%2085737%2C%20USA,https://rubsmassage.com/,2,custom php,GoDaddy.com,0,has website,118,false,ChIJ-0HI3XgM1oYR1oTYOAYH4lc,4.5,127,
Blue Lemon Health & Wellness,"10132 N Oracle Rd Ste 160, Tucson, AZ 85704, USA",+1 520-639-6987,spa,oro-valley,https://maps.google.com/?q=Blue%20Lemon%20Health%20%26%20Wellness%2010132%20N%20Oracle%20Rd%20Ste%20160%2C%20Tucson%2C%20AZ%2085704%2C%20USA,https://www.bluelemonhealthandwellness.com/,2,weebly,Register.com - Network Solutions,0,has website,119,false,ChIJpbrpIEkN1oYRIBPW4sCSyJg,5,2,
SpaWell at El Conquistador Tucson,"10000 N Oracle Rd, Tucson, AZ 85704, USA",+1 520-544-1950,spa,oro-valley,https://maps.google.com/?q=SpaWell%20at%20El%20Conquistador%20Tucson%2010000%20N%20Oracle%20Rd%2C%20Tucson%2C%20AZ%2085704%2C%20USA,http://www.spawellelcon.com/,2,,GoDaddy.com,0,has website,120,false,ChIJa3iBZaQN1oYRUu1l7ACV86Q,4.5,89,
Canvas Skin Clinic,"10445 N Oracle Rd #151, Oro Valley, AZ 85737, USA",+1 520-257-0111,spa,oro-valley,https://maps.google.com/?q=Canvas%20Skin%20Clinic%2010445%20N%20Oracle%20Rd%20%23151%2C%20Oro%20Valley%2C%20AZ%2085737%2C%20USA,http://www.canvasskinclinic.com/?utm_source=google&utm_medium=organic&utm_campaign=gbp,2,custom/unknown,GoDaddy.com,0,has website,121,false,ChIJiW4pQg8N1oYRViX1vSlksO0,5,51,
Fuwa Massage Reflexology,"10645 N Oracle Rd #101, Oro Valley, AZ 85737, USA",+1 520-219-0905,spa,oro-valley,https://maps.google.com/?q=Fuwa%20Massage%20Reflexology%2010645%20N%20Oracle%20Rd%20%23101%2C%20Oro%20Valley%2C%20AZ%2085737%2C%20USA,http://fuwamassage.com/,2,custom/unknown,GoDaddy.com,0,has website,123,false,ChIJa66YvLNv1oYRQH-wU86FJWo,4.6,103,
"Complexion Resuscitation Injectables, LLC","9000 N Oracle Rd Bldg B Suite 100, Tucson, AZ 85704, USA",+1 520-595-6410,spa,oro-valley,https://maps.google.com/?q=Complexion%20Resuscitation%20Injectables%2C%20LLC%209000%20N%20Oracle%20Rd%20Bldg%20B%20Suite%20100%2C%20Tucson%2C%20AZ%2085704%2C%20USA,https://crinjectables.com/,2,squarespace,Squarespace Domains LLC,0,has website,124,false,ChIJm7peDvwN1oYRIWoBtU0RshM,4.9,72,
Ov Spa,"10420 N La Cañada Dr #150, Oro Valley, AZ 85737, USA",+1 520-447-5711,spa,oro-valley,https://maps.google.com/?q=Ov%20Spa%2010420%20N%20La%20Ca%C3%B1ada%20Dr%20%23150%2C%20Oro%20Valley%2C%20AZ%2085737%2C%20USA,https://www.ovspaaz.com/,2,,Alibaba Cloud Computing Ltd. d/b/a HiChina (www.net.cn),0,has website,125,false,ChIJCYclR9oN1oYRrB-4UvLF5TI,4.7,19,
The Beauty Spot,"10420 N La Cañada Dr #120, Oro Valley, AZ 85737, USA",+1 520-595-8565,spa,oro-valley,https://maps.google.com/?q=The%20Beauty%20Spot%2010420%20N%20La%20Ca%C3%B1ada%20Dr%20%23120%2C%20Oro%20Valley%2C%20AZ%2085737%2C%20USA,,1,,,0,no website,126,false,ChIJ94XPkn4M1oYRBJ0FB3kAEoE,5,9,beautyspottucson.com; beautyspotaz.com
Chi Massage,"1335 W Lambert Ln #125, Oro Valley, AZ 85737, USA",+1 520-575-0035,spa,oro-valley,https://maps.google.com/?q=Chi%20Massage%201335%20W%20Lambert%20Ln%20%23125%2C%20Oro%20Valley%2C%20AZ%2085737%2C%20USA,https://chimassageorovalley.com/,2,wordpress,"HOSTINGER operations, UAB",0,has website,127,false,ChIJd63EXn4M1oYR9Gp5FjRO84Y,4.5,58,
Nurture Medspa,"10325 N La Cañada Dr #121, Tucson, AZ 85737, USA",+1 520-658-6116,spa,oro-valley,https://maps.google.com/?q=Nurture%20Medspa%2010325%20N%20La%20Ca%C3%B1ada%20Dr%20%23121%2C%20Tucson%2C%20AZ%2085737%2C%20USA,http://nurturemedspa.mailchimpsites.com/,2,custom/unknown,unregistered,0,has website,128,false,ChIJZdr757EN1oYRBKkvl-JaQCE,5,8,
Artistic Pools and Spas,"8620 N Oracle Rd, Tucson, AZ 85704, USA",+1 520-290-3240,spa,oro-valley,https://maps.google.com/?q=Artistic%20Pools%20and%20Spas%208620%20N%20Oracle%20Rd%2C%20Tucson%2C%20AZ%2085704%2C%20USA,http://www.artisticpoolsandspasaz.com/,2,custom/unknown,GoDaddy.com,0,has website,129,false,ChIJtS9-dgln1oYRWEwQ6-ykIHc,5,7,
Skin Care By Design Aesthetics & Wellness,"11143 N La Cañada Dr, Tucson, AZ 85737, USA",+1 520-797-7546,spa,oro-valley,https://maps.google.com/?q=Skin%20Care%20By%20Design%20Aesthetics%20%26%20Wellness%2011143%20N%20La%20Ca%C3%B1ada%20Dr%2C%20Tucson%2C%20AZ%2085737%2C%20USA,http://www.skincarebydesign.com/?utm_source=google&utm_medium=localsearch&utm_campaign=gmb,2,wordpress,GoDaddy.com,0,has website,130,false,ChIJvaiE2XUM1oYReIHiFlOjQGI,4.9,77,
Taylor’D Med Spa LLC,"8387 N Oracle Rd #180, Tucson, AZ 85704, USA",+1 520-775-3000,spa,oro-valley,https://maps.google.com/?q=Taylor%E2%80%99D%20Med%20Spa%20LLC%208387%20N%20Oracle%20Rd%20%23180%2C%20Tucson%2C%20AZ%2085704%2C%20USA,https://www.taylordmedspa.com/,2,wordpress,GoDaddy.com,0,has website,131,false,ChIJGXkPx20N1oYRPrUMhFQbI6o,5,16,
"Planet Beach- Oro Valley, AZ","12112 N Rancho Vistoso Blvd #160, Oro Valley, AZ 85755, USA",+1 520-877-8266,spa,oro-valley,https://maps.google.com/?q=Planet%20Beach-%20Oro%20Valley%2C%20AZ%2012112%20N%20Rancho%20Vistoso%20Blvd%20%23160%2C%20Oro%20Valley%2C%20AZ%2085755%2C%20USA,https://planetbeach.com/spa/oro-valley/,2,wordpress,GoDaddy.com,0,has website,132,false,ChIJeQ6IS7wO1oYRZd4FWuTERX8,4.5,144,
II Sons For Men Oro Valley,"10556 N Oracle Rd, Oro Valley, AZ 85737, USA",+1 520-210-3000,barber_shop,oro-valley,https://maps.google.com/?q=II%20Sons%20For%20Men%20Oro%20Valley%2010556%20N%20Oracle%20Rd%2C%20Oro%20Valley%2C%20AZ%2085737%2C%20USA,https://2sonsformen.com/,2,,GoDaddy.com,0,has website,133,false,ChIJC-_B3bgN1oYRWEbCgWVcOE0,4.9,156,
Canyon del Oro (CDO) Barbershop,"7864 N Oracle Rd, Oro Valley, AZ 85704, USA",+1 520-297-3855,barber_shop,oro-valley,https://maps.google.com/?q=Canyon%20del%20Oro%20%28CDO%29%20Barbershop%207864%20N%20Oracle%20Rd%2C%20Oro%20Valley%2C%20AZ%2085704%2C%20USA,https://tucsonbarber.com/,2,wordpress,eNom,0,has website,137,false,ChIJ-Rn4h0pz1oYRB--rW3OC9SU,4.8,312,
Oracle Family Dental,"10195 N Oracle Rd Suite 121, Oro Valley, AZ 85704, USA",+1 520-219-7004,dentist,oro-valley,https://maps.google.com/?q=Oracle%20Family%20Dental%2010195%20N%20Oracle%20Rd%20Suite%20121%2C%20Oro%20Valley%2C%20AZ%2085704%2C%20USA,http://www.oraclefamilydental.com/,2,custom/unknown,GoDaddy.com,0,has website,138,false,ChIJV_J2i8kM1oYRRCqtqlko2Lw,4.9,1279,
Hagin Joyce a DDS,"10195 N Oracle Rd, Tucson, AZ 85704, USA",+1 520-219-7004,dentist,oro-valley,https://maps.google.com/?q=Hagin%20Joyce%20a%20DDS%2010195%20N%20Oracle%20Rd%2C%20Tucson%2C%20AZ%2085704%2C%20USA,http://www.oraclefamilydental.com/,2,custom/unknown,GoDaddy.com,0,has website,139,false,ChIJwxlTy_AM1oYRySv0GzIao4k,,,
"Dr. Maxwell A Johnson, DMD","10195 N Oracle Rd, Tucson, AZ 85704, USA",+1 520-219-7004,dentist,oro-valley,https://maps.google.com/?q=Dr.%20Maxwell%20A%20Johnson%2C%20DMD%2010195%20N%20Oracle%20Rd%2C%20Tucson%2C%20AZ%2085704%2C%20USA,http://www.oraclefamilydental.com/,2,custom/unknown,GoDaddy.com,0,has website,140,false,ChIJkTVUy_AM1oYRxpAHuFTXQ1Q,4,4,
SleepMatters: JC Goodwin DMD,"10134 N Oracle Rd #170, Oro Valley, AZ 85737, USA",+1 520-848-3889,dentist,oro-valley,https://maps.google.com/?q=SleepMatters%3A%20JC%20Goodwin%20DMD%2010134%20N%20Oracle%20Rd%20%23170%2C%20Oro%20Valley%2C%20AZ%2085737%2C%20USA,https://www.sleepmatters.rest/,2,wordpress,GoDaddy,0,has website,141,false,ChIJUWE8dvoM1oYRM4rEEPofoQg,4.9,26,
Dr. Frank Emmert,"10371 N Oracle Rd #101, Tucson, AZ 85737, USA",+1 520-833-5100,dentist,oro-valley,https://maps.google.com/?q=Dr.%20Frank%20Emmert%2010371%20N%20Oracle%20Rd%20%23101%2C%20Tucson%2C%20AZ%2085737%2C%20USA,https://dentistryinorovalley.com/blog/staff/dr-frank-emmert/,2,wordpress,GoDaddy.com,0,has website,142,false,ChIJoU9hLfgM1oYRa8fr8IBNj_M,4.3,6,
Dr. Ivo Sokol,"10371 N Oracle Rd #101, Tucson, AZ 85737, USA",+1 520-833-5100,dentist,oro-valley,https://maps.google.com/?q=Dr.%20Ivo%20Sokol%2010371%20N%20Oracle%20Rd%20%23101%2C%20Tucson%2C%20AZ%2085737%2C%20USA,https://dentistryinorovalley.com/blog/staff/dr-ivo-sokol/,2,wordpress,GoDaddy.com,0,has website,143,false,ChIJoU9hLfgM1oYRr2MGZU1bWsM,5,1,
Dentistry In Oro Valley,"10371 N Oracle Rd #101, Oro Valley, AZ 85737, USA",+1 520-833-5100,dentist,oro-valley,https://maps.google.com/?q=Dentistry%20In%20Oro%20Valley%2010371%20N%20Oracle%20Rd%20%23101%2C%20Oro%20Valley%2C%20AZ%2085737%2C%20USA,https://dentistryinorovalley.com/?utm_source=GMB&utm_medium=organic&utm_campaign=DevOptimization&utm_content=Website,2,wordpress,GoDaddy.com,0,has website,144,false,ChIJlbeOxvkM1oYRA1bF0K7SS34,4.9,408,
Dr. Lauren Hobeich,"750 E Pusch View Ln Ste 150, Oro Valley, AZ 85737, USA",+1 520-326-8516,dentist,oro-valley,https://maps.google.com/?q=Dr.%20Lauren%20Hobeich%20750%20E%20Pusch%20View%20Ln%20Ste%20150%2C%20Oro%20Valley%2C%20AZ%2085737%2C%20USA,https://www.tucsonkidsdentist.com/,2,wix,GoDaddy.com,0,has website,145,false,ChIJbdJwWvgM1oYRtf69r-WuSwY,,,
Oro Valley Dental Group,"750 E Pusch View Ln #100, Oro Valley, AZ 85737, USA",+1 520-297-2227,dentist,oro-valley,https://maps.google.com/?q=Oro%20Valley%20Dental%20Group%20750%20E%20Pusch%20View%20Ln%20%23100%2C%20Oro%20Valley%2C%20AZ%2085737%2C%20USA,https://orovalleydentalgroup.com/,2,wordpress,GoDaddy.com,0,has website,146,false,ChIJ7bips7AN1oYRN_4spIhxuWE,5,1246,
Freytag Orthodontics,"9740 N Oracle Rd #100, Oro Valley, AZ 85704, USA",+1 520-365-6703,dentist,oro-valley,https://maps.google.com/?q=Freytag%20Orthodontics%209740%20N%20Oracle%20Rd%20%23100%2C%20Oro%20Valley%2C%20AZ%2085704%2C%20USA,https://freytagortho.com/,2,,GoDaddy.com,0,has website,147,false,ChIJob_ecbAN1oYREc1mLduw-wU,4.9,147,
Larissa Freytag,"9740 N Oracle Rd #100, Oro Valley, AZ 85704, USA",+1 520-365-6703,dentist,oro-valley,https://maps.google.com/?q=Larissa%20Freytag%209740%20N%20Oracle%20Rd%20%23100%2C%20Oro%20Valley%2C%20AZ%2085704%2C%20USA,https://freytagortho.com/,2,,GoDaddy.com,0,has website,148,false,ChIJW2_-iOUM1oYRjdMEJdl6iAc,,,
Lenaker Jr Robin P DDS,"10785 N Oracle Rd # 103, Oro Valley, AZ 85737, USA",+1 520-229-1444,dentist,oro-valley,https://maps.google.com/?q=Lenaker%20Jr%20Robin%20P%20DDS%2010785%20N%20Oracle%20Rd%20%23%20103%2C%20Oro%20Valley%2C%20AZ%2085737%2C%20USA,,1,,,0,no website,149,false,ChIJDR3v6lUM1oYRIG1P0zyKD8w,,,lenakerjrrobinpdds.com; lenakerjrrobinpddstucson.com
Pusch Peak Family Dental,"10785 N Oracle Rd # 103, Oro Valley, AZ 85737, USA",+1 520-636-7211,dentist,oro-valley,https://maps.google.com/?q=Pusch%20Peak%20Family%20Dental%2010785%20N%20Oracle%20Rd%20%23%20103%2C%20Oro%20Valley%2C%20AZ%2085737%2C%20USA,http://puschpeakfamilydental.com/?utm_source=gbp&utm_medium=organic&utm_campaign=yext_listing,2,custom/unknown,GoDaddy Corporate Domains,0,has website,150,false,ChIJrfHu6lUM1oYR9SfQADOijkY,4.7,413,
Mountainside Dental Care,"9000 N Oracle Rd bldg b, Oro Valley, AZ 85704, USA",+1 520-297-5422,dentist,oro-valley,https://maps.google.com/?q=Mountainside%20Dental%20Care%209000%20N%20Oracle%20Rd%20bldg%20b%2C%20Oro%20Valley%2C%20AZ%2085704%2C%20USA,https://www.mountainsidedentalcare.com/,2,wordpress,GoDaddy.com,0,has website,151,false,ChIJw7GaCsQM1oYRHBuJ402M69g,4.9,479,
Dr. Jyoti Farwaha,"9000 N Oracle Rd, Tucson, AZ 85704, USA",+1 520-297-2007,dentist,oro-valley,https://maps.google.com/?q=Dr.%20Jyoti%20Farwaha%209000%20N%20Oracle%20Rd%2C%20Tucson%2C%20AZ%2085704%2C%20USA,,1,,,0,no website,152,false,ChIJVVUVdcQM1oYR7z2J36zLj5I,,,drjyotifarwaha.com; drjyotifarwahatucson.com
Dr. Joseph Larsen,"9000 N Oracle Rd, Oro Valley, AZ 85704, USA",+1 520-297-2007,dentist,oro-valley,https://maps.google.com/?q=Dr.%20Joseph%20Larsen%209000%20N%20Oracle%20Rd%2C%20Oro%20Valley%2C%20AZ%2085704%2C%20USA,,1,,,0,no website,153,false,ChIJVVUVdcQM1oYRzGGfmpGSpg8,5,1,drjosephlarsen.com; drjosephlarsentucson.com
Joshua Crosby,"9000 N Oracle Rd Ste 200, Tucson, AZ 85704, USA",+1 520-297-5422,dentist,oro-valley,https://maps.google.com/?q=Joshua%20Crosby%209000%20N%20Oracle%20Rd%20Ste%20200%2C%20Tucson%2C%20AZ%2085704%2C%20USA,,1,,,0,no website,154,false,ChIJr7BAdsQM1oYRo0UOip79mak,5,2,joshuacrosbytucson.com; joshuacrosbyaz.com
Conrad Drinkwater,"9000 N Oracle Rd Bldg. B Ste 200, Tucson, AZ 85704, USA",+1 520-297-5422,dentist,oro-valley,https://maps.google.com/?q=Conrad%20Drinkwater%209000%20N%20Oracle%20Rd%20Bldg.%20B%20Ste%20200%2C%20Tucson%2C%20AZ%2085704%2C%20USA,https://www.mountainsidedentalcare.com/dr-conrad-drinkwater/,2,wordpress,GoDaddy.com,0,has website,155,false,ChIJVVUVdcQM1oYReFvsjq-ltcg,,,
Oro Valley Dental Arts,"9000 N Oracle Rd Building A, Oro Valley, AZ 85704, USA",+1 520-363-6966,dentist,oro-valley,https://maps.google.com/?q=Oro%20Valley%20Dental%20Arts%209000%20N%20Oracle%20Rd%20Building%20A%2C%20Oro%20Valley%2C%20AZ%2085704%2C%20USA,https://www.orovalleydentalarts.com/?utm_campaign=gmb,2,wordpress,GoDaddy.com,0,has website,156,false,ChIJw7GaCsQM1oYRL791sGgLhpA,5,252,
"Dr. Joyce A. Hagin, DMD","10550 N La Cañada Dr, Oro Valley, AZ 85737, USA",+1 520-575-5576,dentist,oro-valley,https://maps.google.com/?q=Dr.%20Joyce%20A.%20Hagin%2C%20DMD%2010550%20N%20La%20Ca%C3%B1ada%20Dr%2C%20Oro%20Valley%2C%20AZ%2085737%2C%20USA,,1,,,0,no website,157,false,ChIJZyXjyn4M1oYRyrKKaMj4zz4,,,drjoyceahagindmd.com; drjoyceahagindmdtucson.com
Dr. Robyn Glaesser,"10211 N Oracle Rd, Oro Valley, AZ 85737, USA",+1 520-618-1630,doctor,oro-valley,https://maps.google.com/?q=Dr.%20Robyn%20Glaesser%2010211%20N%20Oracle%20Rd%2C%20Oro%20Valley%2C%20AZ%2085737%2C%20USA,https://www.ironwooddermatology.org/providers/dermatologist-dr-robyn-glaesser-tucson-az/,2,wordpress,GoDaddy.com,0,has website,158,false,ChIJayo9RfcM1oYR9FYrHvFyFxQ,,,
Dr. Carlos Rodriguez,"10211 N Oracle Rd, Oro Valley, AZ 85737, USA",+1 520-618-1630,doctor,oro-valley,https://maps.google.com/?q=Dr.%20Carlos%20Rodriguez%2010211%20N%20Oracle%20Rd%2C%20Oro%20Valley%2C%20AZ%2085737%2C%20USA,,1,,,0,no website,159,false,ChIJayo9RfcM1oYRWAdejoIWUyI,,,drcarlosrodrigueztucson.com; drcarlosrodriguezaz.com
Dr. Colin Trout,"10211 N Oracle Rd, Oro Valley, AZ 85737, USA",+1 520-618-1630,doctor,oro-valley,https://maps.google.com/?q=Dr.%20Colin%20Trout%2010211%20N%20Oracle%20Rd%2C%20Oro%20Valley%2C%20AZ%2085737%2C%20USA,,1,,,0,no website,160,false,ChIJayo9RfcM1oYRtjkDPIq-9SA,,,drcolintrout.com; drcolintrouttucson.com
"Dr. Randall W. Fehr, MD","10371 N Oracle Rd Suite 204, Oro Valley, AZ 85737, USA",+1 520-877-3336,doctor,oro-valley,https://maps.google.com/?q=Dr.%20Randall%20W.%20Fehr%2C%20MD%2010371%20N%20Oracle%20Rd%20Suite%20204%2C%20Oro%20Valley%2C%20AZ%2085737%2C%20USA,,1,,,0,no website,161,false,ChIJYQt22iQM1oYR0ejTiS_kh9M,5,4,drrandallwfehrmd.com; drrandallwfehrmdtucson.com
"Richard Lewis, MD","10425 N Oracle Rd #135, Oro Valley, AZ 85737, USA",+1 520-293-6740,doctor,oro-valley,https://maps.google.com/?q=Richard%20Lewis%2C%20MD%2010425%20N%20Oracle%20Rd%20%23135%2C%20Oro%20Valley%2C%20AZ%2085737%2C%20USA,http://eyestucson.com/,2,custom/unknown,Network Solutions,0,has website,162,false,ChIJ53Ols_kM1oYRB0V1GD5dQzk,5,1,
Oracle Eye Physicians & Surgeons,"10425 N Oracle Rd #135, Tucson, AZ 85737, USA",+1 520-293-6740,doctor,oro-valley,https://maps.google.com/?q=Oracle%20Eye%20Physicians%20%26%20Surgeons%2010425%20N%20Oracle%20Rd%20%23135%2C%20Tucson%2C%20AZ%2085737%2C%20USA,http://www.oracleeye.com/,2,custom/unknown,GoDaddy.com,0,has website,163,false,ChIJ53Ols_kM1oYRpPIjs-WWeIs,4.8,303,
"Dr. Maltzman, Oro Valley","10425 N Oracle Rd #135, Tucson, AZ 85737, USA",+1 520-878-9283,doctor,oro-valley,https://maps.google.com/?q=Dr.%20Maltzman%2C%20Oro%20Valley%2010425%20N%20Oracle%20Rd%20%23135%2C%20Tucson%2C%20AZ%2085737%2C%20USA,,1,,,0,no website,164,false,ChIJ53Ols_kM1oYRpmMsS4fuDeo,,,drmaltzmanorovalley.com; drmaltzmanorovalleytucson.com
"Dr. Angela Paniagua-Vega, MD","10425 N Oracle Rd #105, Oro Valley, AZ 85737, USA",+1 520-544-7644,doctor,oro-valley,https://maps.google.com/?q=Dr.%20Angela%20Paniagua-Vega%2C%20MD%2010425%20N%20Oracle%20Rd%20%23105%2C%20Oro%20Valley%2C%20AZ%2085737%2C%20USA,http://www.mdvip.com/doctors/angelapaniaguavegamd?utm_campaign=listing-yext&st-t=rep_&utm_source=google&utm_medium=organic,2,drupal,Network Solutions,0,has website,165,false,ChIJ2-0VTPgM1oYREXX1yFZ8hyM,5,22,
"Dr. Thomas F. Griffin Jr., MD","10425 N Oracle Rd #105, Oro Valley, AZ 85737, USA",+1 520-544-7644,doctor,oro-valley,https://maps.google.com/?q=Dr.%20Thomas%20F.%20Griffin%20Jr.%2C%20MD%2010425%20N%20Oracle%20Rd%20%23105%2C%20Oro%20Valley%2C%20AZ%2085737%2C%20USA,http://www.mdvip.com/doctors/thomasgriffinmd?utm_campaign=listing-yext&st-t=rep_&utm_source=google&utm_medium=organic,2,drupal,Network Solutions,0,has website,166,false,ChIJPYxsTPgM1oYRi5_uyyGQJ9Y,4.9,43,
Proactive Medical,"10425 N Oracle Rd, Tucson, AZ 85737, USA",+1 520-544-7644,doctor,oro-valley,https://maps.google.com/?q=Proactive%20Medical%2010425%20N%20Oracle%20Rd%2C%20Tucson%2C%20AZ%2085737%2C%20USA,https://www.orovalleyaz.gov/Government/Departments/Community-and-Economic-Development/Business-Navigator/Proactive-Medical-PLLC,2,custom/unknown,get.gov,0,has website,167,false,ChIJAQAwTPgM1oYRAEJ-fXPj0xo,5,1,
"Dr. William J. Fishkind, MD","10425 N Oracle Rd #135, Tucson, AZ 85737, USA",+1 520-878-9283,doctor,oro-valley,https://maps.google.com/?q=Dr.%20William%20J.%20Fishkind%2C%20MD%2010425%20N%20Oracle%20Rd%20%23135%2C%20Tucson%2C%20AZ%2085737%2C%20USA,,1,,,0,no website,168,false,ChIJ53Ols_kM1oYRYNQ2bauV5X4,,,drwilliamjfishkindmd.com; drwilliamjfishkindmdtucson.com
Sonoran Audiology,"10445 N Oracle Rd #121, Oro Valley, AZ 85737, USA",+1 520-783-8803,doctor,oro-valley,https://maps.google.com/?q=Sonoran%20Audiology%2010445%20N%20Oracle%20Rd%20%23121%2C%20Oro%20Valley%2C%20AZ%2085737%2C%20USA,https://sonoranaudiology.com/,2,wordpress,GoDaddy.com,0,has website,169,false,ChIJC5uovoAN1oYRmoEjtx3RLdM,4.9,78,
The Sonoran Foot & Ankle Institute - Oro Valley,"760 E Pusch View Ln #130, Tucson, AZ 85737, USA",+1 520-886-1176,doctor,oro-valley,https://maps.google.com/?q=The%20Sonoran%20Foot%20%26%20Ankle%20Institute%20-%20Oro%20Valley%20760%20E%20Pusch%20View%20Ln%20%23130%2C%20Tucson%2C%20AZ%2085737%2C%20USA,https://sonoranfootandankle.com/,2,custom/unknown,GoDaddy.com,0,has website,170,false,ChIJE4PBnskN1oYRtrNk2UZC2yE,5,11,
Carrie Hess,"760 E Pusch View Ln #130, Oro Valley, AZ 85737, USA",+1 520-886-1176,doctor,oro-valley,https://maps.google.com/?q=Carrie%20Hess%20760%20E%20Pusch%20View%20Ln%20%23130%2C%20Oro%20Valley%2C%20AZ%2085737%2C%20USA,https://sonoranfootandankle.com/,2,custom/unknown,GoDaddy.com,0,has website,171,false,ChIJMUgvTmN61oYRwbKDgZ5QD1Q,5,5,
Foot Clinics Ltd,"760 E Pusch View Ln #130, Tucson, AZ 85737, USA",+1 520-575-9108,doctor,oro-valley,https://maps.google.com/?q=Foot%20Clinics%20Ltd%20760%20E%20Pusch%20View%20Ln%20%23130%2C%20Tucson%2C%20AZ%2085737%2C%20USA,,1,,,0,no website,172,false,ChIJU45HXPgM1oYR02m3cJXWMds,,,footclinicsltdtucson.com; footclinicsltdaz.com
Dr. Joseph Baker,"760 E Pusch View Ln, Oro Valley, AZ 85737, USA",+1 520-886-1176,doctor,oro-valley,https://maps.google.com/?q=Dr.%20Joseph%20Baker%20760%20E%20Pusch%20View%20Ln%2C%20Oro%20Valley%2C%20AZ%2085737%2C%20USA,http://www.sonoranfootandankle.com/,2,custom/unknown,GoDaddy.com,0,has website,173,false,ChIJ__-_z8wN1oYRSip0whnCfsk,5,1,
Oro Valley Adult Medicine,"555 E Vuelta Caminata del Rio, Tucson, AZ 85737, USA",+1 520-547-5688,doctor,oro-valley,https://maps.google.com/?q=Oro%20Valley%20Adult%20Medicine%20555%20E%20Vuelta%20Caminata%20del%20Rio%2C%20Tucson%2C%20AZ%2085737%2C%20USA,https://www.orovalleyaz.gov/Government/Departments/Community-and-Economic-Development/Business-Navigator/Oro-Valley-Adult-Medicine,2,custom/unknown,get.gov,0,has website,174,false,ChIJq2VWXPgM1oYRdb8zAf-_MFA,4.8,16,
John Dougherty,"555 E Vuelta Caminata del Rio, Oro Valley, AZ 85737, USA",+1 520-547-5688,doctor,oro-valley,https://maps.google.com/?q=John%20Dougherty%20555%20E%20Vuelta%20Caminata%20del%20Rio%2C%20Oro%20Valley%2C%20AZ%2085737%2C%20USA,https://splinternetmarketing.com/local-pros/arizona/oro-valley/john-dougherty/,2,wordpress,eNom,0,has website,175,false,ChIJ__8vEFgM1oYRumCZS7PbiK0,3.7,3,
"Sage Therapeutic Pilates and Physical Therapy: Jenny Constenius, PT","10130 N Oracle Rd #130, Oro Valley, AZ 85737, USA",+1 520-276-6166,physiotherapist,oro-valley,https://maps.google.com/?q=Sage%20Therapeutic%20Pilates%20and%20Physical%20Therapy%3A%20Jenny%20Constenius%2C%20PT%2010130%20N%20Oracle%20Rd%20%23130%2C%20Oro%20Valley%2C%20AZ%2085737%2C%20USA,http://sagetucson.com/,2,,eNom,0,has website,176,false,ChIJj5uvxnUM1oYRLa0sgHEA5Kc,,,
Sol Physical Therapy - Oracle,"10445 N Oracle Rd Suite 101, Oro Valley, AZ 85737, USA",+1 520-488-1133,physiotherapist,oro-valley,https://maps.google.com/?q=Sol%20Physical%20Therapy%20-%20Oracle%2010445%20N%20Oracle%20Rd%20Suite%20101%2C%20Oro%20Valley%2C%20AZ%2085737%2C%20USA,https://sol-pt.com/clinics/grant-clinic/,2,,Network Solutions,0,has website,177,false,ChIJ05gcKugN1oYRstRNFL5uYPE,4.8,30,
Franklyn Pfeil,"10550 N La Cañada Dr Ste 160, Tucson, AZ 85737, USA",+1 520-321-0204,physiotherapist,oro-valley,https://maps.google.com/?q=Franklyn%20Pfeil%2010550%20N%20La%20Ca%C3%B1ada%20Dr%20Ste%20160%2C%20Tucson%2C%20AZ%2085737%2C%20USA,,1,,,0,no website,178,false,ChIJAQAwNXkM1oYR8HHCwEaCbYA,5,1,franklynpfeil.com; franklynpfeiltucson.com
Graeme Gowland,"10550 N La Cañada Dr Ste 160, Tucson, AZ 85737, USA",+1 520-321-0204,physiotherapist,oro-valley,https://maps.google.com/?q=Graeme%20Gowland%2010550%20N%20La%20Ca%C3%B1ada%20Dr%20Ste%20160%2C%20Tucson%2C%20AZ%2085737%2C%20USA,,1,,,0,no website,179,false,ChIJAQAwNXkM1oYReFeENnLAvag,,,graemegowland.com; graemegowlandtucson.com
ProActive Physical Therapy,"10550 N La Cañada Dr Ste 160, Oro Valley, AZ 85737, USA",+1 520-547-2476,physiotherapist,oro-valley,https://maps.google.com/?q=ProActive%20Physical%20Therapy%2010550%20N%20La%20Ca%C3%B1ada%20Dr%20Ste%20160%2C%20Oro%20Valley%2C%20AZ%2085737%2C%20USA,https://proactivept.com/location/oro-valley/,2,wordpress,Cloudflare,0,has website,180,false,ChIJGyeEyHUM1oYR3gHj-uvYjlw,4.8,86,
Pelvic Health 2 You,"1182 W Masters Cir, Tucson, AZ 85737, USA",,physiotherapist,oro-valley,https://maps.google.com/?q=Pelvic%20Health%202%20You%201182%20W%20Masters%20Cir%2C%20Tucson%2C%20AZ%2085737%2C%20USA,,1,,,0,no website,181,false,ChIJFxH1FwAN1oYRajhOTVeyY_c,5,1,pelvichealth2youtucson.com; pelvichealth2youaz.com
Athletico Physical Therapy - Oro Valley,"11941 N 1st Ave Ste. 151, Oro Valley, AZ 85737, USA",+1 520-640-4920,physiotherapist,oro-valley,https://maps.google.com/?q=Athletico%20Physical%20Therapy%20-%20Oro%20Valley%2011941%20N%201st%20Ave%20Ste.%20151%2C%20Oro%20Valley%2C%20AZ%2085737%2C%20USA,https://www.athletico.com/locations/oro-valley-az/?utm_source=google-oro-valley-az&utm_medium=web&utm_campaign=google-listings,2,custom/unknown,GoDaddy.com,0,has website,182,false,ChIJX5iWBrAN1oYRhU4PjLzYvPk,5,48,
Graf Jessica F,"8327 N Oracle Rd, Tucson, AZ 85704, USA",+1 520-742-1865,physiotherapist,oro-valley,https://maps.google.com/?q=Graf%20Jessica%20F%208327%20N%20Oracle%20Rd%2C%20Tucson%2C%20AZ%2085704%2C%20USA,,1,,,0,no website,183,false,ChIJKU2S_rUM1oYRT80PP7UifBE,,,grafjessicaf.com; grafjessicaftucson.com
Bodycentral Physical Therapy - Oro Valley Physical Therapy Catalina & North Tucson,"8327 N Oracle Rd, Tucson, AZ 85704, USA",+1 520-325-4002,physiotherapist,oro-valley,https://maps.google.com/?q=Bodycentral%20Physical%20Therapy%20-%20Oro%20Valley%20Physical%20Therapy%20Catalina%20%26%20North%20Tucson%208327%20N%20Oracle%20Rd%2C%20Tucson%2C%20AZ%2085704%2C%20USA,https://therapypartnersgroup.com/location/8327-n-oracle-rd/?utm_source=google&utm_medium=organic&utm_campaign=gmb_oracle,2,wordpress,GoDaddy.com,0,has website,184,false,ChIJKU2S_rUM1oYREBkF71ysTx4,4.9,271,
Adient-Gyllenhaal Physical Therapy,"12162 N Rancho Vistoso Blvd, Oro Valley, AZ 85755, USA",+1 520-229-0009,physiotherapist,oro-valley,https://maps.google.com/?q=Adient-Gyllenhaal%20Physical%20Therapy%2012162%20N%20Rancho%20Vistoso%20Blvd%2C%20Oro%20Valley%2C%20AZ%2085755%2C%20USA,,1,,,0,no website,185,false,ChIJIUrzkzAM1oYRRy-3JdatLiI,4,1,adientgyllenhaalphysicaltherapy.com; adientgyllenhaalphysicaltherapytucson.com
Desert Palms Physical Therapy,"12142 N Rancho Vistoso Blvd B-150, Oro Valley, AZ 85755, USA",+1 520-338-2728,physiotherapist,oro-valley,https://maps.google.com/?q=Desert%20Palms%20Physical%20Therapy%2012142%20N%20Rancho%20Vistoso%20Blvd%20B-150%2C%20Oro%20Valley%2C%20AZ%2085755%2C%20USA,https://desertpalmspt.com/oro-valley/,2,,GoDaddy.com,0,has website,186,false,ChIJD4SZ_DAM1oYR5-jzUwPH9Ks,4.9,119,
A Wise Move Physical Therapy and Pilates,"180 W Magee Rd Ste #164, Tucson, AZ 85704, USA",+1 520-638-5848,physiotherapist,oro-valley,https://maps.google.com/?q=A%20Wise%20Move%20Physical%20Therapy%20and%20Pilates%20180%20W%20Magee%20Rd%20Ste%20%23164%2C%20Tucson%2C%20AZ%2085704%2C%20USA,https://www.awisemove.org/?utm_source=google&utm_medium=organic&utm_campaign=gmb,2,custom php,GoDaddy.com,0,has website,187,false,ChIJO1B5cgAN1oYRwtEDXlejNV0,5,17,
Ventana,"7980 N Oracle Rd Suite 110, Oro Valley, AZ 85704, USA",+1 520-306-8093,physiotherapist,oro-valley,https://maps.google.com/?q=Ventana%207980%20N%20Oracle%20Rd%20Suite%20110%2C%20Oro%20Valley%2C%20AZ%2085704%2C%20USA,http://www.ventanapt.physio/,2,weebly,IONOS SE,0,has website,188,false,ChIJnTS-205z1oYRFmiYquF-H_c,5,81,
"Cherie B. Miller-Gray, CHT","1551 E Tangerine Rd, Oro Valley, AZ 85755, USA",+1 520-901-3580,physiotherapist,oro-valley,https://maps.google.com/?q=Cherie%20B.%20Miller-Gray%2C%20CHT%201551%20E%20Tangerine%20Rd%2C%20Oro%20Valley%2C%20AZ%2085755%2C%20USA,,1,,,0,no website,189,false,ChIJT5S_lMwN1oYRXdkh7RkyFUg,1,1,cheriebmillergraycht.com; cheriebmillergraychttucson.com
"Cristina Bracamonte, DPT","12460 N Rancho Vistoso Blvd, Oro Valley, AZ 85755, USA",+1 520-615-6573,physiotherapist,oro-valley,https://maps.google.com/?q=Cristina%20Bracamonte%2C%20DPT%2012460%20N%20Rancho%20Vistoso%20Blvd%2C%20Oro%20Valley%2C%20AZ%2085755%2C%20USA,,1,,,0,no website,190,false,ChIJt-cKWyQM1oYR_7doLOHXd-k,,,cristinabracamontedpt.com; cristinabracamontedpttucson.com
Athlon Physical Therapy: Tom O'Donnell,"12460 N Rancho Vistoso Blvd #140, Oro Valley, AZ 85755, USA",+1 520-615-6573,physiotherapist,oro-valley,https://maps.google.com/?q=Athlon%20Physical%20Therapy%3A%20Tom%20O%27Donnell%2012460%20N%20Rancho%20Vistoso%20Blvd%20%23140%2C%20Oro%20Valley%2C%20AZ%2085755%2C%20USA,https://www.movementforlife.com/physical-therapy-clinics/arizona/arizona,2,custom/unknown,GoDaddy.com,0,has website,191,false,ChIJt-cKWyQM1oYRJ4Ngf5Xy3W0,,,
"Lukas L. Tvedt, DPT","12460 N Rancho Vistoso Blvd #140, Oro Valley, AZ 85755, USA",+1 520-615-6573,physiotherapist,oro-valley,https://maps.google.com/?q=Lukas%20L.%20Tvedt%2C%20DPT%2012460%20N%20Rancho%20Vistoso%20Blvd%20%23140%2C%20Oro%20Valley%2C%20AZ%2085755%2C%20USA,,1,,,0,no website,192,false,ChIJt-cKWyQM1oYRCL4XjzZMbpM,,,lukasltvedtdpt.com; lukasltvedtdpttucson.com
Movement for Life Physical Therapy,"12460 N Rancho Vistoso Blvd #140, Oro Valley, AZ 85755, USA",+1 520-615-6573,physiotherapist,oro-valley,https://maps.google.com/?q=Movement%20for%20Life%20Physical%20Therapy%2012460%20N%20Rancho%20Vistoso%20Blvd%20%23140%2C%20Oro%20Valley%2C%20AZ%2085755%2C%20USA,https://www.movementforlife.com/physical-therapy-clinics/arizona/arizona/oro-valley,2,custom/unknown,GoDaddy.com,0,has website,193,false,ChIJMeWdWyQM1oYROI4awdKnBtg,4.9,405,
Robert Klingman,"12460 N Rancho Vistoso Blvd #140, Oro Valley, AZ 85755, USA",+1 520-615-6573,physiotherapist,oro-valley,https://maps.google.com/?q=Robert%20Klingman%2012460%20N%20Rancho%20Vistoso%20Blvd%20%23140%2C%20Oro%20Valley%2C%20AZ%2085755%2C%20USA,https://www.movementforlife.com/physical-therapy-clinics/arizona/arizona/oro-valley,2,custom/unknown,GoDaddy.com,0,has website,194,false,ChIJtdb_WiQM1oYRGYv434CZaT4,,,
Dennis Gyllenhaal,"12315 N Vistoso Park Rd, Oro Valley, AZ 85755, USA",+1 520-382-8180,physiotherapist,oro-valley,https://maps.google.com/?q=Dennis%20Gyllenhaal%2012315%20N%20Vistoso%20Park%20Rd%2C%20Oro%20Valley%2C%20AZ%2085755%2C%20USA,,1,,,0,no website,195,false,ChIJVVUlOMwN1oYRlLdBZqAEOXI,,,dennisgyllenhaal.com; dennisgyllenhaaltucson.com
Ross Dress for Less,"10575 N Oracle Rd, Oro Valley, AZ 85737, USA",+1 520-575-0008,clothing_store,oro-valley,https://maps.google.com/?q=Ross%20Dress%20for%20Less%2010575%20N%20Oracle%20Rd%2C%20Oro%20Valley%2C%20AZ%2085737%2C%20USA,https://www.rossstores.com/,2,wordpress,Network Solutions,0,has website,197,false,ChIJ50Cl01cM1oYRQdK2JAB9S4I,4.1,436,
The Gifted Ruby - online Gift Shop,"11465 N Ingot Loop, Oro Valley, AZ 85737, USA",+1 972-822-0427,clothing_store,oro-valley,https://maps.google.com/?q=The%20Gifted%20Ruby%20-%20online%20Gift%20Shop%2011465%20N%20Ingot%20Loop%2C%20Oro%20Valley%2C%20AZ%2085737%2C%20USA,https://thegiftedruby.etsy.com/,2,custom/unknown,unregistered,0,has website,201,false,ChIJeR7G96Qls2QRWmMTPA58rdQ,,,
Nadine's Desert Fashions Inc,"11931 N 1st Ave #141, Oro Valley, AZ 85737, USA",+1 520-797-4200,clothing_store,oro-valley,https://maps.google.com/?q=Nadine%27s%20Desert%20Fashions%20Inc%2011931%20N%201st%20Ave%20%23141%2C%20Oro%20Valley%2C%20AZ%2085737%2C%20USA,,1,,,0,no website,202,false,ChIJE1yMdzcM1oYRrZckUNS2pRA,3,8,nadinesdesertfashions.com; nadinesdesertfashionstucson.com
Prestige clothing,"1616 W Sunridge Dr, Tucson, AZ 85704, USA",,clothing_store,oro-valley,https://maps.google.com/?q=Prestige%20clothing%201616%20W%20Sunridge%20Dr%2C%20Tucson%2C%20AZ%2085704%2C%20USA,,1,,,0,no website,204,false,ChIJUdH-hfgL1oYRgtJQsCqnkL4,,,prestigeclothingtucson.com; prestigeclothingaz.com
Nest in the Desert,"7954 N Oracle Rd, Tucson, AZ 85704, USA",+1 520-297-8299,clothing_store,oro-valley,https://maps.google.com/?q=Nest%20in%20the%20Desert%207954%20N%20Oracle%20Rd%2C%20Tucson%2C%20AZ%2085704%2C%20USA,https://nestinthedesert.com/,2,shopify,GoDaddy.com,0,has website,205,false,ChIJK8OqXIpz1oYR3TtTcvr0wyA,4.8,20,
Sweet Repeats Children's Resale Boutique,"7936 N Oracle Rd, Tucson, AZ 85704, USA",+1 520-219-0675,clothing_store,oro-valley,https://maps.google.com/?q=Sweet%20Repeats%20Children%27s%20Resale%20Boutique%207936%20N%20Oracle%20Rd%2C%20Tucson%2C%20AZ%2085704%2C%20USA,http://www.sweetrepeatstucson.com/,2,wix,GoDaddy.com,0,has website,206,false,ChIJCRzBpUpz1oYRfxs2yME5-RI,3.8,87,
Play It Again Sports,"7963 N Oracle Rd, Oro Valley, AZ 85704, USA",+1 520-293-2010,clothing_store,oro-valley,https://maps.google.com/?q=Play%20It%20Again%20Sports%207963%20N%20Oracle%20Rd%2C%20Oro%20Valley%2C%20AZ%2085704%2C%20USA,https://www.playitagainsports.com/locations/oro-valley-az,2,custom/unknown,Network Solutions,0,has website,207,false,ChIJCdIYo0pz1oYRRLs0ljk-H60,4.1,66,
De Billas Lux,"10645 N Oracle Rd #121, Oro Valley, AZ 85737, USA",+1 520-820-5224,jewelry_store,oro-valley,https://maps.google.com/?q=De%20Billas%20Lux%2010645%20N%20Oracle%20Rd%20%23121%2C%20Oro%20Valley%2C%20AZ%2085737%2C%20USA,https://www.debillaslux.com/,2,shopify,GoDaddy.com,0,has website,210,false,ChIJ__9vQlYM1oYRoixyaGNeXl0,5,3,
BellaSportsJewelry,"W Calle Alta Loma, Oro Valley, AZ 85737, USA",+1 520-268-3138,jewelry_store,oro-valley,https://maps.google.com/?q=BellaSportsJewelry%20W%20Calle%20Alta%20Loma%2C%20Oro%20Valley%2C%20AZ%2085737%2C%20USA,https://bellasportsjewelry.com/,2,wordpress,PDR Ltd. d/b/a PublicDomainRegistry.com,0,has website,211,false,ChIJCYtmqd4N1oYR_yFQyvVVQWo,,,
Noah Allan Jewelers,"PO Box 69507, Oro Valley, AZ 85737, USA",+1 520-250-3238,jewelry_store,oro-valley,https://maps.google.com/?q=Noah%20Allan%20Jewelers%20PO%20Box%2069507%2C%20Oro%20Valley%2C%20AZ%2085737%2C%20USA,,1,,,0,no website,212,false,ChIJq6qqqnoM1oYRVOn4TmhjY2o,,,noahallanjewelers.com; noahallanjewelerstucson.com
Bridges Tsavorite,"1832 E Innovation Park Dr, Oro Valley, AZ 85755, USA",+1 520-907-7969,jewelry_store,oro-valley,https://maps.google.com/?q=Bridges%20Tsavorite%201832%20E%20Innovation%20Park%20Dr%2C%20Oro%20Valley%2C%20AZ%2085755%2C%20USA,https://www.tsavorite.com/,2,,GoDaddy.com,0,has website,213,false,ChIJ668wF5sN1oYRL0l3X_3IW4I,,,
Rachel Triebull,"10309 N Mineral Spring Ln, Tucson, AZ 85737, USA",+1 513-238-6780,book_store,oro-valley,https://maps.google.com/?q=Rachel%20Triebull%2010309%20N%20Mineral%20Spring%20Ln%2C%20Tucson%2C%20AZ%2085737%2C%20USA,https://racheltriebull.com/,2,webflow,"HOSTINGER operations, UAB",0,has website,214,false,ChIJBVeZI74N1oYRnuZSKG-BQYc,,,
Book Shoppe Too,"10355 N La Cañada Dr, Oro Valley, AZ 85737, USA",+1 520-308-5347,book_store,oro-valley,https://maps.google.com/?q=Book%20Shoppe%20Too%2010355%20N%20La%20Ca%C3%B1ada%20Dr%2C%20Oro%20Valley%2C%20AZ%2085737%2C%20USA,https://www.orovalleyaz.gov/Government/Departments/Community-and-Economic-Development/Business-Navigator/Friends-Book-Shoppe-Too,2,custom/unknown,get.gov,0,has website,215,false,ChIJ4Y-En38M1oYRqeVYNsqCQXI,4.9,19,
Friends Book Shoppe,"1305 W Naranja Dr, Oro Valley, AZ 85737, USA",+1 520-594-5671,book_store,oro-valley,https://maps.google.com/?q=Friends%20Book%20Shoppe%201305%20W%20Naranja%20Dr%2C%20Oro%20Valley%2C%20AZ%2085737%2C%20USA,,1,,,0,no website,216,false,ChIJFe0fJXQM1oYRjQlm5Gov3Jo,5,3,friendsbookshoppe.com; friendsbookshoppetucson.com
Trinity Bookstore,"7930 N Oracle Rd, Oro Valley, AZ 85704, USA",+1 520-326-8997,book_store,oro-valley,https://maps.google.com/?q=Trinity%20Bookstore%207930%20N%20Oracle%20Rd%2C%20Oro%20Valley%2C%20AZ%2085704%2C%20USA,http://www.trinitybookstucson.com/,2,custom php,Tucows Domains Inc.,0,has website,217,false,ChIJex0MyeRx1oYRQGC_ufYuxb4,4.7,125,
Visitor Center/Park Store,"Tucson, AZ 85737, USA",,gift_shop,oro-valley,https://maps.google.com/?q=Visitor%20Center/Park%20Store%20Tucson%2C%20AZ%2085737%2C%20USA,https://azstateparks.com/catalina/explore/facility-information,2,custom php,Network Solutions,0,has website,219,false,ChIJIeZpT7wN1oYRJsZrQcUSwl8,4.8,17,
Oron & Oron Experts,"12195 W Greenock Dr, Oro Valley, AZ 85737, USA",+1 276-308-8103,car_repair,oro-valley,https://maps.google.com/?q=Oron%20%26%20Oron%20Experts%2012195%20W%20Greenock%20Dr%2C%20Oro%20Valley%2C%20AZ%2085737%2C%20USA,https://jamesautogroup.sbs/,2,,unregistered,0,has website,220,false,ChIJsbAXQAAN1oYRXK3NmKntsU0,,,
Brake Masters #204,"645 E Vuelta Caminata del Rio, Oro Valley, AZ 85737, USA",+1 520-441-8007,car_repair,oro-valley,https://maps.google.com/?q=Brake%20Masters%20%23204%20645%20E%20Vuelta%20Caminata%20del%20Rio%2C%20Oro%20Valley%2C%20AZ%2085737%2C%20USA,https://www.brakemasters.com/stores/645-vuelta-caminata-del-rio-oro-valley-az/,2,wordpress,GoDaddy.com,0,has website,221,false,ChIJEa8MDvgM1oYR8TkOryL4FWQ,4.7,374,
Oro Valley Automotive,"645 E Vuelta Caminata del Rio, Oro Valley, AZ 85737, USA",+1 520-498-2293,car_repair,oro-valley,https://maps.google.com/?q=Oro%20Valley%20Automotive%20645%20E%20Vuelta%20Caminata%20del%20Rio%2C%20Oro%20Valley%2C%20AZ%2085737%2C%20USA,http://www.orovalleyautomotive.com/,2,custom/unknown,GoDaddy.com,0,has website,222,false,ChIJWWk5XvgM1oYRL29GgRoeFLw,4.8,150,
Caliber Collision,"635 E Vuelta Caminata del Rio, Oro Valley, AZ 85737, USA",+1 520-742-9119,car_repair,oro-valley,https://maps.google.com/?q=Caliber%20Collision%20635%20E%20Vuelta%20Caminata%20del%20Rio%2C%20Oro%20Valley%2C%20AZ%2085737%2C%20USA,https://www.caliber.com/find-a-location/oro-valley?utm_source=google&utm_medium=gbp-profile&utm_campaign=webform-GBPwebsite&utm_content=&utm_term=&utm_id=0966,2,custom/unknown,Network Solutions,0,has website,223,false,ChIJExceCPgM1oYRi-aq8GPjrN4,4.8,765,
Max Auto Glass,"10529 N Oracle Rd, Oro Valley, AZ 85737, USA",+1 520-545-0937,car_repair,oro-valley,https://maps.google.com/?q=Max%20Auto%20Glass%2010529%20N%20Oracle%20Rd%2C%20Oro%20Valley%2C%20AZ%2085737%2C%20USA,http://www.maxautoglass.com/,2,wordpress,GoDaddy.com,0,has website,224,false,ChIJf5oSjvgM1oYRW6fr6huU8kY,4.2,6,
BRAKEmax,"10529 N Oracle Rd, Oro Valley, AZ 85737, USA",+1 520-210-4027,car_repair,oro-valley,https://maps.google.com/?q=BRAKEmax%2010529%20N%20Oracle%20Rd%2C%20Oro%20Valley%2C%20AZ%2085737%2C%20USA,https://www.brakemax.com/locations/az/orovalley/auto-repair-10529-n-oracle?utm_source=local_listing&utm_medium=organic&utm_campaign=store_1003,2,wordpress,GoDaddy.com,0,has website,225,false,ChIJf5oSjvgM1oYRmV0ql9tRhY8,4.7,1034,
EZ Automotive,"730 E Linda Vista Rd, Oro Valley, AZ 85737, USA",+1 520-203-6836,car_repair,oro-valley,https://maps.google.com/?q=EZ%20Automotive%20730%20E%20Linda%20Vista%20Rd%2C%20Oro%20Valley%2C%20AZ%2085737%2C%20USA,,1,,,0,no website,226,false,ChIJw2KuqrAN1oYRvOMge7KTFdo,5,3,ezautomotivetucson.com; ezautomotiveaz.com
Merle's (Napa) Automotive Supply,"10861 N Mavinee Dr Ste 187, Oro Valley, AZ 85737, USA",+1 520-575-0999,car_repair,oro-valley,https://maps.google.com/?q=Merle%27s%20%28Napa%29%20Automotive%20Supply%2010861%20N%20Mavinee%20Dr%20Ste%20187%2C%20Oro%20Valley%2C%20AZ%2085737%2C%20USA,http://www.merlesauto.com/,2,custom/unknown,Network Solutions,0,has website,228,false,ChIJuy_zs6sN1oYRb2lCFRckYFw,4.8,55,
Fast Oro Valley Automative LLC,"2233 E Skipping Rock Way, Oro Valley, AZ 85737, USA",+1 520-346-8537,car_repair,oro-valley,https://maps.google.com/?q=Fast%20Oro%20Valley%20Automative%20LLC%202233%20E%20Skipping%20Rock%20Way%2C%20Oro%20Valley%2C%20AZ%2085737%2C%20USA,,1,,,0,no website,230,false,ChIJDZoURmAN1oYRMeO2DNh-BTk,,,fastorovalleyautomative.com; fastorovalleyautomativetucson.com
Discount Tire,"8125 N Oracle Rd, Oro Valley, AZ 85704, USA",+1 520-797-0616,car_repair,oro-valley,https://maps.google.com/?q=Discount%20Tire%208125%20N%20Oracle%20Rd%2C%20Oro%20Valley%2C%20AZ%2085704%2C%20USA,https://www.discounttire.com/store/az/oro-valley/s/1628,2,,CSC Corporate Domains,0,has website,231,false,ChIJPb_fZbUM1oYRYHW50lInjJA,4.5,767,
MPG Auto Glass,"8095 N Oracle Rd, Oro Valley, AZ 85704, USA",+1 520-638-5070,car_repair,oro-valley,https://maps.google.com/?q=MPG%20Auto%20Glass%208095%20N%20Oracle%20Rd%2C%20Oro%20Valley%2C%20AZ%2085704%2C%20USA,https://www.mpgautoglass.com/,2,custom/unknown,GoDaddy.com,0,has website,232,false,ChIJ1ZoEJwYN1oYR8ZBmDem6fvk,4.9,264,
Good Year,"Oro Valley, AZ 85704, USA",,car_repair,oro-valley,https://maps.google.com/?q=Good%20Year%20Oro%20Valley%2C%20AZ%2085704%2C%20USA,,1,,,0,no website,233,false,ChIJQa1RTDVz1oYRHgXeUwtElvc,,,goodyeartucson.com
Big Brand Tire & Service,"8085 N Oracle Rd, Tucson, AZ 85704, USA",+1 520-675-6427,car_repair,oro-valley,https://maps.google.com/?q=Big%20Brand%20Tire%20%26%20Service%208085%20N%20Oracle%20Rd%2C%20Tucson%2C%20AZ%2085704%2C%20USA,https://www.bigbrandtire.com/locations/oracle-tucson-az?store_number=3028&utm_source=organic&utm_medium=gbp&utm_campaign=3028,2,custom/unknown,GoDaddy.com,0,has website,234,false,ChIJH4U-W7UM1oYRs8fAIs-vmV4,4.8,773,
Pusch Ridge Automotive,"8040 N Oracle Rd, Oro Valley, AZ 85704, USA",+1 520-999-8040,car_repair,oro-valley,https://maps.google.com/?q=Pusch%20Ridge%20Automotive%208040%20N%20Oracle%20Rd%2C%20Oro%20Valley%2C%20AZ%2085704%2C%20USA,http://www.puschridgeauto.com/,2,custom/unknown,GoDaddy.com,0,has website,236,false,ChIJC6CrpMQN1oYRgKii_f0wGXQ,4.9,194,
Fletchers Tire & Auto Service,"7980 N Oracle Rd, Tucson, AZ 85704, USA",,car_repair,oro-valley,https://maps.google.com/?q=Fletchers%20Tire%20%26%20Auto%20Service%207980%20N%20Oracle%20Rd%2C%20Tucson%2C%20AZ%2085704%2C%20USA,,1,,,0,no website,237,false,ChIJAQAwXDVz1oYRI13XJmy0nI8,4.8,6,fletcherstireautoservice.com; fletcherstireautoservicetucson.com
ATM,"7981 N Oracle Rd, Tucson, AZ 85704, USA",,car_repair,oro-valley,https://maps.google.com/?q=ATM%207981%20N%20Oracle%20Rd%2C%20Tucson%2C%20AZ%2085704%2C%20USA,,1,,,0,no website,239,false,ChIJ5wJ5ebUM1oYR1pYLpfXbEvI,,,all taken
Mister Car Wash,"8175 N Oracle Rd, Tucson, AZ 85704, USA",+1 520-326-1755,car_wash,oro-valley,https://maps.google.com/?q=Mister%20Car%20Wash%208175%20N%20Oracle%20Rd%2C%20Tucson%2C%20AZ%2085704%2C%20USA,https://mistercarwash.com/store/oro-valley/?utm_source=google&utm_medium=organic&utm_campaign=gbp,2,wordpress,Network Solutions,0,has website,240,false,ChIJqaon1qUN1oYRYEXS0NjhQZ8,3.9,726,
ATM (Mister Car Wash),"8175 N Oracle Rd, Tucson, AZ 85704, USA",+1 520-326-1755,car_wash,oro-valley,https://maps.google.com/?q=ATM%20%28Mister%20Car%20Wash%29%208175%20N%20Oracle%20Rd%2C%20Tucson%2C%20AZ%2085704%2C%20USA,https://mistercarwash.com/,2,wordpress,Network Solutions,0,has website,241,false,ChIJf_WugcoM1oYRYk2kOM5f0Ag,2.6,7,
Cool Drive Car Wash,"411 W Cool Dr., Tucson, AZ 85704, USA",+1 520-288-6330,car_wash,oro-valley,https://maps.google.com/?q=Cool%20Drive%20Car%20Wash%20411%20W%20Cool%20Dr.%2C%20Tucson%2C%20AZ%2085704%2C%20USA,,1,,,0,no website,242,false,ChIJXYG3IrUM1oYR4gShwRhZs3w,4.3,355,cooldrivecarwash.com; cooldrivecarwashtucson.com
Rebecca's Alterations and Sun Cleaners,"10355 N La Cañada Dr #165, Oro Valley, AZ 85737, USA",+1 520-297-0911,laundry,oro-valley,https://maps.google.com/?q=Rebecca%27s%20Alterations%20and%20Sun%20Cleaners%2010355%20N%20La%20Ca%C3%B1ada%20Dr%20%23165%2C%20Oro%20Valley%2C%20AZ%2085737%2C%20USA,,1,,,0,no website,243,false,ChIJU5ntn38M1oYR6NQGzV7R3mw,4.4,30,rebeccasalterationsandsuncleaners.com; rebeccasalterationsandsuncleanerstucson.com
Sparkle Cleaners - La Cañada,"11165 N La Cañada Dr, Tucson, AZ 85737, USA",+1 520-436-3972,laundry,oro-valley,https://maps.google.com/?q=Sparkle%20Cleaners%20-%20La%20Ca%C3%B1ada%2011165%20N%20La%20Ca%C3%B1ada%20Dr%2C%20Tucson%2C%20AZ%2085737%2C%20USA,http://www.sparklecleaners.com/,2,custom/unknown,Network Solutions,0,has website,244,false,ChIJj5uvxnUM1oYRd6suGx5oyp0,4.9,423,
Oro Valley Carpet Cleaning,"2451 E Skipping Rock Way, Tucson, AZ 85737, USA",+1 520-297-2238,laundry,oro-valley,https://maps.google.com/?q=Oro%20Valley%20Carpet%20Cleaning%202451%20E%20Skipping%20Rock%20Way%2C%20Tucson%2C%20AZ%2085737%2C%20USA,http://www.ovcarpetcleaning.com/,2,,Tucows Domains Inc.,0,has website,245,false,ChIJJavCCKUN1oYRivQMfpzDU8c,5,20,
Sparkle Cleaners Tangerine,"11931 N 1st Ave #141, Oro Valley, AZ 85737, USA",+1 520-231-7972,laundry,oro-valley,https://maps.google.com/?q=Sparkle%20Cleaners%20Tangerine%2011931%20N%201st%20Ave%20%23141%2C%20Oro%20Valley%2C%20AZ%2085737%2C%20USA,http://www.sparklecleaners.com/,2,custom/unknown,Network Solutions,0,has website,246,false,ChIJ8cIPz0kN1oYR5rMPNr6SE-M,4.7,440,
Vistoso Cleaners,"12112 N Rancho Vistoso Blvd, Oro Valley, AZ 85755, USA",+1 520-219-4528,laundry,oro-valley,https://maps.google.com/?q=Vistoso%20Cleaners%2012112%20N%20Rancho%20Vistoso%20Blvd%2C%20Oro%20Valley%2C%20AZ%2085755%2C%20USA,http://www.vistosocleaners.com/,2,custom/unknown,Squarespace Domains II LLC,0,has website,247,false,ChIJeQ6IS7wO1oYREcwTGPh2Bp8,3.8,13,
Minute Key,"10855 N Oracle Rd, Oro Valley, AZ 85737, USA",+1 805-472-6062,locksmith,oro-valley,https://maps.google.com/?q=Minute%20Key%2010855%20N%20Oracle%20Rd%2C%20Oro%20Valley%2C%20AZ%2085737%2C%20USA,,1,,,0,no website,249,false,ChIJS4j2EaEN1oYR0RM5lrWcyEs,,,minutekeytucson.com; minutekeyaz.com
Minute Key,"2150 E Tangerine Rd, Oro Valley, AZ 85755, USA",+1 805-472-6062,locksmith,oro-valley,https://maps.google.com/?q=Minute%20Key%202150%20E%20Tangerine%20Rd%2C%20Oro%20Valley%2C%20AZ%2085755%2C%20USA,https://www.minutekey.com/key-services/arizona/oro-valley/locksmith-key-copy-duplication-2150-e-tangerine-rd/26480/?utm_source=Synup&utm_medium=GoogleMaps&utm_campaign=WSW03379,2,custom/unknown,Amazon Registrar,0,has website,250,false,ChIJtyBV0gQL1oYRWXyltK2DlWw,4.5,2,
Yogi's Pool,"11219 N Platte Dr, Tucson, AZ 85737, USA",,tailor,oro-valley,https://maps.google.com/?q=Yogi%27s%20Pool%2011219%20N%20Platte%20Dr%2C%20Tucson%2C%20AZ%2085737%2C%20USA,,1,,,0,no website,251,false,ChIJGw7hDAAN1oYRR-0On9ny988,4.3,4,yogispool.com; yogispooltucson.com
Pet Supplies Plus Oro Valley,"10540 N La Cañada Dr, Oro Valley, AZ 85737, USA",+1 520-476-3494,pet_store,oro-valley,https://maps.google.com/?q=Pet%20Supplies%20Plus%20Oro%20Valley%2010540%20N%20La%20Ca%C3%B1ada%20Dr%2C%20Oro%20Valley%2C%20AZ%2085737%2C%20USA,https://www.petsuppliesplus.com/store/az/oro-valley/4614-oro-valley/4614,2,custom/unknown,Network Solutions,0,has website,252,false,ChIJlRAxGi4N1oYRy2-iiHLmbPg,4.6,98,
Rosie's Barket DIY Dog Wash OV,"7960 N Oracle Rd, Oro Valley, AZ 85704, USA",+1 520-304-1029,pet_store,oro-valley,https://maps.google.com/?q=Rosie%27s%20Barket%20DIY%20Dog%20Wash%20OV%207960%20N%20Oracle%20Rd%2C%20Oro%20Valley%2C%20AZ%2085704%2C%20USA,http://rosiesbarket.com/,2,shopify,GoDaddy.com,0,has website,253,false,ChIJy7WqUhxx1oYRipaQQi4yXGM,4.9,129,
Just Food For Dogs,"Inside Petco, 11985 N Oracle Rd, Tucson, AZ 85737, USA",+1 520-297-0019,pet_store,oro-valley,https://maps.google.com/?q=Just%20Food%20For%20Dogs%20Inside%20Petco%2C%2011985%20N%20Oracle%20Rd%2C%20Tucson%2C%20AZ%2085737%2C%20USA,https://www.justfoodfordogs.com/store/11985-n-oracle-rd-tucson-az-85737.html?utm_source=local&utm_medium=organic&utm_campaign=GMB&utm_content=petshop,2,custom/unknown,GoDaddy.com,0,has website,255,false,ChIJa48qXZAN1oYR5KzxBaFUSkI,,,
Shake Smart,"1400 E 6th St, Tucson, AZ 85721, USA",+1 512-222-8915,restaurant,sam-hughes-university,https://maps.google.com/?q=Shake%20Smart%201400%20E%206th%20St%2C%20Tucson%2C%20AZ%2085721%2C%20USA,http://www.shakesmart.com/,2,wordpress,GoDaddy.com,0,has website,1,false,ChIJNXaGpP9x1oYRLJgJnYmHBNM,4.1,26,
Arizona Sands Club,"565 N Cherry Ave Fl 5, Tucson, AZ 85719, USA",+1 520-621-8300,restaurant,sam-hughes-university,https://maps.google.com/?q=Arizona%20Sands%20Club%20565%20N%20Cherry%20Ave%20Fl%205%2C%20Tucson%2C%20AZ%2085719%2C%20USA,https://ovgsocialclubs.com/arizona-sands-club/,2,wordpress,GoDaddy.com,0,has website,2,false,ChIJkaT34ltx1oYR6oIK9ysv2So,4.6,185,
Bear Down Kitchen,"565 N Cherry Ave Floor 4, Tucson, AZ 85721, USA",+1 520-621-8300,restaurant,sam-hughes-university,https://maps.google.com/?q=Bear%20Down%20Kitchen%20565%20N%20Cherry%20Ave%20Floor%204%2C%20Tucson%2C%20AZ%2085721%2C%20USA,,1,,,0,no website,3,false,ChIJnzbXV6px1oYRqFUEUm9fPD8,4,38,beardownkitchen.com; beardownkitchentucson.com
Momo's on 6th,"1838 E 6th St, Tucson, AZ 85719, USA",+1 520-849-5644,restaurant,sam-hughes-university,https://maps.google.com/?q=Momo%27s%20on%206th%201838%20E%206th%20St%2C%20Tucson%2C%20AZ%2085719%2C%20USA,,1,,,0,no website,4,false,ChIJz0KOOiVx1oYRXzj2wjm0aVM,4.5,274,momoson6th.com; momoson6thtucson.com
Tucson Gastro Park,"1625 E Broadway Blvd, Tucson, AZ 85719, USA",,restaurant,sam-hughes-university,https://maps.google.com/?q=Tucson%20Gastro%20Park%201625%20E%20Broadway%20Blvd%2C%20Tucson%2C%20AZ%2085719%2C%20USA,,1,,,0,no website,5,false,ChIJIzqUVQBx1oYRA09NoVzZ5uM,,,tucsongastroparktucson.com; tucsongastroparkaz.com
Zing Zing's,"1122 E 6th St, Tucson, AZ 85719, USA",+1 520-578-2222,restaurant,sam-hughes-university,https://maps.google.com/?q=Zing%20Zing%27s%201122%20E%206th%20St%2C%20Tucson%2C%20AZ%2085719%2C%20USA,,1,,,0,no website,6,false,ChIJQc6ktgFx1oYR7ebIviIywTY,4.4,111,zingzingstucson.com; zingzingsaz.com
Reds tacos & more,"1118 E 6th St, Tucson, AZ 85719, USA",+1 520-279-7833,restaurant,sam-hughes-university,https://maps.google.com/?q=Reds%20tacos%20%26%20more%201118%20E%206th%20St%2C%20Tucson%2C%20AZ%2085719%2C%20USA,https://redstacos.com/,2,custom/unknown,GoDaddy.com,0,has website,7,false,ChIJ6TMIfy1x1oYRD8GEO64NNDc,4.6,54,
Trident Pizza Pub,"446 North Campbell Avenue Suite 100 at 6th Street, Tucson, AZ 85719, USA",+1 520-274-7068,restaurant,sam-hughes-university,https://maps.google.com/?q=Trident%20Pizza%20Pub%20446%20North%20Campbell%20Avenue%20Suite%20100%20at%206th%20Street%2C%20Tucson%2C%20AZ%2085719%2C%20USA,http://www.tridentgrill.com/,2,wordpress,Bluehost Inc.,0,has website,8,false,ChIJobiTcBNx1oYRvunb9iH_h-I,4.5,730,
"Cheba Hut ""Toasted"" Subs","446 N Campbell Ave STE 2, Tucson, AZ 85719, USA",+1 520-495-4719,restaurant,sam-hughes-university,https://maps.google.com/?q=Cheba%20Hut%20%22Toasted%22%20Subs%20446%20N%20Campbell%20Ave%20STE%202%2C%20Tucson%2C%20AZ%2085719%2C%20USA,https://chebahut.com/locations/tusconaz/?utm_source=google&utm_medium=GBP&utm_campaign=Tucson+-+Campbell,2,custom/unknown,Network Solutions,0,has website,9,false,ChIJ62ZLVVNw1oYRZM-NzDDnWUs,4.6,1679,
3MARGARITAS KITCHEN (FOOD TRUCK),"1540 E Broadway Blvd, Tucson, AZ 85719, USA",+1 520-474-7289,restaurant,sam-hughes-university,https://maps.google.com/?q=3MARGARITAS%20KITCHEN%20%28FOOD%20TRUCK%29%201540%20E%20Broadway%20Blvd%2C%20Tucson%2C%20AZ%2085719%2C%20USA,https://3margaritaskitchen.blogspot.com/,2,custom/unknown,unregistered,0,has website,10,false,ChIJa1aNSD5x1oYRU79TvdZXeTw,4.8,29,
Ramiro’s Taco Shop,"1350 E Broadway Blvd, Tucson, AZ 85719, USA",+1 520-849-5931,restaurant,sam-hughes-university,https://maps.google.com/?q=Ramiro%E2%80%99s%20Taco%20Shop%201350%20E%20Broadway%20Blvd%2C%20Tucson%2C%20AZ%2085719%2C%20USA,,1,,,0,no website,11,false,ChIJ7SMhU_9w1oYRPATYf1w_Z80,4.3,1374,ramirostacoshop.com; ramirostacoshoptucson.com
Sunshine Wine,"15 N Santa Rita Ave, Tucson, AZ 85719, USA",+1 520-771-6279,restaurant,sam-hughes-university,https://maps.google.com/?q=Sunshine%20Wine%2015%20N%20Santa%20Rita%20Ave%2C%20Tucson%2C%20AZ%2085719%2C%20USA,https://www.thetapandbottle.com/sunshine-wine,2,squarespace,Squarespace Domains LLC,0,has website,12,false,ChIJJxd-I3Vx1oYRORSEUqwtHzk,4.6,45,
Ahmads Kabobs & Shawarma,"1148 E Broadway Blvd, Tucson, AZ 85719, USA",+1 480-770-6122,restaurant,sam-hughes-university,https://maps.google.com/?q=Ahmads%20Kabobs%20%26%20Shawarma%201148%20E%20Broadway%20Blvd%2C%20Tucson%2C%20AZ%2085719%2C%20USA,,1,,,0,no website,13,false,ChIJObsXRW1x1oYRGMLO_OVKong,5,14,ahmadskabobsshawarma.com; ahmadskabobsshawarmatucson.com
El Beto Mexican Food,"32 N Campbell Ave, Tucson, AZ 85719, USA",+1 520-622-0301,restaurant,sam-hughes-university,https://maps.google.com/?q=El%20Beto%20Mexican%20Food%2032%20N%20Campbell%20Ave%2C%20Tucson%2C%20AZ%2085719%2C%20USA,https://elbetomexicanfoodaz.com/,2,custom/unknown,Hosting Concepts B.V. d/b/a Registrar.eu,0,has website,14,false,ChIJy2F9XlFw1oYR0YBW1KVoHm8,4.1,544,
Carl's Jr.,"1880 E Broadway Blvd, Tucson, AZ 85719, USA",+1 520-624-5267,restaurant,sam-hughes-university,https://maps.google.com/?q=Carl%27s%20Jr.%201880%20E%20Broadway%20Blvd%2C%20Tucson%2C%20AZ%2085719%2C%20USA,https://locations.carlsjr.com/az/tucson/1880-e-broadway-blvd,2,custom/unknown,unregistered,0,has website,15,false,ChIJH-5eTFFw1oYR7ZDSAW9YAto,4,1195,
China Pasta House,"430 N Park Ave, Tucson, AZ 85719, USA",+1 520-623-3334,restaurant,sam-hughes-university,https://maps.google.com/?q=China%20Pasta%20House%20430%20N%20Park%20Ave%2C%20Tucson%2C%20AZ%2085719%2C%20USA,http://www.chinapastahouseaz.com/,2,,NameCheap,0,has website,16,false,ChIJh9LUjQFx1oYRt6LXH7c5I9Q,4.3,438,
Sushi-Cho Restaurant,"1830 E Broadway Blvd, Tucson, AZ 85719, USA",+1 520-628-8800,restaurant,sam-hughes-university,https://maps.google.com/?q=Sushi-Cho%20Restaurant%201830%20E%20Broadway%20Blvd%2C%20Tucson%2C%20AZ%2085719%2C%20USA,http://www.sushichorestaurant.com/,2,custom/unknown,Tucows Domains Inc.,0,has website,17,false,ChIJ21afslZw1oYRZ55ZtPY6i5M,4.5,622,
Capriotti's Sandwich Shop,"1830 E Broadway Blvd, Tucson, AZ 85719, USA",+1 520-771-8878,restaurant,sam-hughes-university,https://maps.google.com/?q=Capriotti%27s%20Sandwich%20Shop%201830%20E%20Broadway%20Blvd%2C%20Tucson%2C%20AZ%2085719%2C%20USA,https://capriottis.com/location/27829895,2,custom/unknown,Amazon Registrar,0,has website,18,false,ChIJYaxhJ29x1oYRHjQKfs5f7K8,4,235,
The Rock,"136 N Park Ave, Tucson, AZ 85719, USA",+1 520-629-9211,restaurant,sam-hughes-university,https://maps.google.com/?q=The%20Rock%20136%20N%20Park%20Ave%2C%20Tucson%2C%20AZ%2085719%2C%20USA,http://www.rocktucson.com/,2,,GoDaddy.com,0,has website,19,false,ChIJq-G0cP5w1oYRFOOftK2hlJo,4.5,675,
NYPD New York Pizza Department,"187 N Park Ave, Tucson, AZ 85719, USA",+1 520-209-2420,restaurant,sam-hughes-university,https://maps.google.com/?q=NYPD%20New%20York%20Pizza%20Department%20187%20N%20Park%20Ave%2C%20Tucson%2C%20AZ%2085719%2C%20USA,https://nypizzadepartment.com/,2,custom/unknown,GoDaddy.com,0,has website,20,false,ChIJS8NEXHlx1oYRn4iCNk4SJ_w,4.5,80,
Screwbean Brewing,"103 N Park Ave UNIT 101, Tucson, AZ 85719, USA",+1 520-288-8942,bar,sam-hughes-university,https://maps.google.com/?q=Screwbean%20Brewing%20103%20N%20Park%20Ave%20UNIT%20101%2C%20Tucson%2C%20AZ%2085719%2C%20USA,https://www.instagram.com/screwbeanbrewing/,2,custom/unknown,RegistrarSafe,0,has website,21,false,ChIJmSDkhptx1oYRAl3HvAu8boY,4.7,132,
Snakes & Lattes Tucson,"988 E University Blvd, Tucson, AZ 85719, USA",+1 520-382-5855,bar,sam-hughes-university,https://maps.google.com/?q=Snakes%20%26%20Lattes%20Tucson%20988%20E%20University%20Blvd%2C%20Tucson%2C%20AZ%2085719%2C%20USA,https://www.snakesandlattes.com/location/tucson/,2,,GoDaddy.com,0,has website,22,false,ChIJt0YHQ11x1oYRB8B9Bp8nh_o,4.5,299,
"Espresso Art Cafe, Cocktail Bar & Hookah Lounge","942 E University Blvd, Tucson, AZ 85719, USA",+1 520-624-4126,bar,sam-hughes-university,https://maps.google.com/?q=Espresso%20Art%20Cafe%2C%20Cocktail%20Bar%20%26%20Hookah%20Lounge%20942%20E%20University%20Blvd%2C%20Tucson%2C%20AZ%2085719%2C%20USA,https://www.espressoartcafe.com/,2,wordpress,GoDaddy.com,0,has website,23,false,ChIJvx4xBQRx1oYRPrVqBgpIUGg,4.5,380,
Fuku Sushi,"940 E University Blvd, Tucson, AZ 85719, USA",+1 520-798-3858,bar,sam-hughes-university,https://maps.google.com/?q=Fuku%20Sushi%20940%20E%20University%20Blvd%2C%20Tucson%2C%20AZ%2085719%2C%20USA,https://www.fukuaz.com/,2,,GoDaddy.com,0,has website,24,false,ChIJl7pWBQRx1oYRBKDRC-iVz7A,3.2,855,
Scented Leaf Tea House,"943 E University Blvd #165, Tucson, AZ 85719, USA",+1 520-624-2930,bar,sam-hughes-university,https://maps.google.com/?q=Scented%20Leaf%20Tea%20House%20943%20E%20University%20Blvd%20%23165%2C%20Tucson%2C%20AZ%2085719%2C%20USA,http://www.thescentedleaf.com/,2,custom/unknown,GoDaddy.com,0,has website,25,false,ChIJi_CUGQRx1oYRZnjwohCYldw,4.8,453,
Tooley's Cafe,"299 S Park Ave, Tucson, AZ 85719, USA",+1 520-372-2350,bar,sam-hughes-university,https://maps.google.com/?q=Tooley%27s%20Cafe%20299%20S%20Park%20Ave%2C%20Tucson%2C%20AZ%2085719%2C%20USA,,1,,,0,no website,26,false,ChIJk1SUXflw1oYRsItp-e7LMfU,4.4,69,tooleyscafetucson.com; tooleyscafeaz.com
Frog & Firkin,"874 E University Blvd, Tucson, AZ 85719, USA",+1 520-623-7507,bar,sam-hughes-university,https://maps.google.com/?q=Frog%20%26%20Firkin%20874%20E%20University%20Blvd%2C%20Tucson%2C%20AZ%2085719%2C%20USA,http://www.frogandfirkin.com/,2,custom/unknown,DNC Holdings,0,has website,27,false,ChIJG-d_cgRx1oYR9FKxHcPNlaA,4.1,1024,
No Anchovies,"870 E University Blvd, Tucson, AZ 85719, USA",+1 520-623-3333,bar,sam-hughes-university,https://maps.google.com/?q=No%20Anchovies%20870%20E%20University%20Blvd%2C%20Tucson%2C%20AZ%2085719%2C%20USA,http://noanchoviesaz.com/,2,squarespace,Tucows Domains Inc.,0,has website,28,false,ChIJ4ST8bQRx1oYRvVrp9ikxrJ4,4.2,1082,
Gentle Ben's,"865 E University Blvd, Tucson, AZ 85719, USA",+1 520-624-4177,bar,sam-hughes-university,https://maps.google.com/?q=Gentle%20Ben%27s%20865%20E%20University%20Blvd%2C%20Tucson%2C%20AZ%2085719%2C%20USA,http://gentlebens.com/,2,custom/unknown,Network Solutions,0,has website,29,false,ChIJYY-KtQBx1oYRDANlJnNNtas,4.3,1382,
Dirtbag's,"1800 E Speedway Blvd, Tucson, AZ 85719, USA",+1 520-326-2600,bar,sam-hughes-university,https://maps.google.com/?q=Dirtbag%27s%201800%20E%20Speedway%20Blvd%2C%20Tucson%2C%20AZ%2085719%2C%20USA,http://dirtbagsbar.com/,2,wordpress,Tucows Domains Inc.,0,has website,30,false,ChIJw1ov0ahx1oYRzgHHJi0veyU,4,267,
The Annabelle Studio,"630 E 9th St, Tucson, AZ 85705, USA",+1 520-372-2090,bar,sam-hughes-university,https://maps.google.com/?q=The%20Annabelle%20Studio%20630%20E%209th%20St%2C%20Tucson%2C%20AZ%2085705%2C%20USA,http://laesquinaironhorse.com/,2,squarespace,Squarespace Domains LLC,0,has website,31,false,ChIJS4vfwRBx1oYRbDXH8MqImq0,5,12,
La Esquina Bar,"630 E 9th St, Tucson, AZ 85705, USA",+1 520-372-2090,bar,sam-hughes-university,https://maps.google.com/?q=La%20Esquina%20Bar%20630%20E%209th%20St%2C%20Tucson%2C%20AZ%2085705%2C%20USA,https://laesquinatucson.com/,2,squarespace,Squarespace Domains II LLC,0,has website,32,false,ChIJpS6bfsZx1oYR5jSIC8shvdY,4.7,33,
Bob Dobb's Bar & Grill,"2501 E 6th St, Tucson, AZ 85716, USA",+1 520-325-3767,bar,sam-hughes-university,https://maps.google.com/?q=Bob%20Dobb%27s%20Bar%20%26%20Grill%202501%20E%206th%20St%2C%20Tucson%2C%20AZ%2085716%2C%20USA,http://www.bobdobbs-tucson.com/,2,,GoDaddy.com,0,has website,33,false,ChIJF03I3Uxw1oYRB_SCQYojgXo,4.2,504,
The Buffet Bar,"538 E 9th St, Tucson, AZ 85705, USA",+1 520-623-6811,bar,sam-hughes-university,https://maps.google.com/?q=The%20Buffet%20Bar%20538%20E%209th%20St%2C%20Tucson%2C%20AZ%2085705%2C%20USA,https://www.buffetbartucson.com/,2,squarespace,Tucows Domains Inc.,0,has website,34,false,ChIJ5Xz4ywxx1oYRqXCZp2666kI,4.5,803,
Trident Grill,"2033 E Speedway Blvd, Tucson, AZ 85719, USA",+1 520-795-5755,bar,sam-hughes-university,https://maps.google.com/?q=Trident%20Grill%202033%20E%20Speedway%20Blvd%2C%20Tucson%2C%20AZ%2085719%2C%20USA,https://tridentgrill.com/,2,wordpress,Bluehost Inc.,0,has website,35,false,ChIJ_wirVK5x1oYRYoPb4fZvwhY,4.5,1668,
Sonoran House Sam Hughes,"2513 E 6th St, Tucson, AZ 85716, USA",+1 520-230-2812,bar,sam-hughes-university,https://maps.google.com/?q=Sonoran%20House%20Sam%20Hughes%202513%20E%206th%20St%2C%20Tucson%2C%20AZ%2085716%2C%20USA,http://sonoranhouse.com/sam-hughes,2,squarespace,GoDaddy.com,0,has website,36,false,ChIJJ6UDJNNx1oYRXfsXkI8o8Bg,4.6,185,
Black Rock Coffee Bar,"1821 E Broadway Blvd, Tucson, AZ 85719, USA",+1 833-843-5776,cafe,sam-hughes-university,https://maps.google.com/?q=Black%20Rock%20Coffee%20Bar%201821%20E%20Broadway%20Blvd%2C%20Tucson%2C%20AZ%2085719%2C%20USA,https://br.coffee/,2,custom/unknown,unknown,0,has website,39,false,ChIJYaVM_-Vx1oYRvIRqVDfrp7U,4.1,446,
Slot Canyon Cafe,"1064 E Lowell St, Tucson, AZ 85719, USA",+1 520-626-1624,cafe,sam-hughes-university,https://maps.google.com/?q=Slot%20Canyon%20Cafe%201064%20E%20Lowell%20St%2C%20Tucson%2C%20AZ%2085719%2C%20USA,https://www.union.arizona.edu/infodesk/hours/index.php?cat=dining,2,drupal,unregistered,0,has website,40,false,ChIJ03ZCogFx1oYRlS_1xffa0E0,4.2,42,
Einstein Bros. Bagels,"1303 E University Blvd, Tucson, AZ 85719, USA",+1 520-621-0452,cafe,sam-hughes-university,https://maps.google.com/?q=Einstein%20Bros.%20Bagels%201303%20E%20University%20Blvd%2C%20Tucson%2C%20AZ%2085719%2C%20USA,https://locations.einsteinbros.com/us/az/tucson/1303-e-university-blvd?y_source=1_OTA0OTQ1Ny03MTUtbG9jYXRpb24ud2Vic2l0ZQ%3D%3D,2,wordpress,unregistered,0,has website,41,false,ChIJrXzGQAdx1oYRJbALJpzXkTI,3.6,157,
Caffe Luce,"943 E University Blvd #191, Tucson, AZ 85719, USA",+1 520-207-5504,cafe,sam-hughes-university,https://maps.google.com/?q=Caffe%20Luce%20943%20E%20University%20Blvd%20%23191%2C%20Tucson%2C%20AZ%2085719%2C%20USA,https://www.facebook.com/profile.php?id=100063508602657,2,custom/unknown,RegistrarSafe,0,has website,44,false,ChIJPYeUGQRx1oYRsQpTFqBlC1M,4.5,310,
Woops! Bakeshop (Main Gate Square),"845 E University Blvd, Tucson, AZ 85719, USA",+1 520-305-3224,cafe,sam-hughes-university,https://maps.google.com/?q=Woops%21%20Bakeshop%20%28Main%20Gate%20Square%29%20845%20E%20University%20Blvd%2C%20Tucson%2C%20AZ%2085719%2C%20USA,https://bywoops.com/locations/main-gate-square/,2,wix,GoDaddy.com,0,has website,46,false,ChIJNUodQgRx1oYRaKd9yyQzyp8,4.7,356,
Laverna's Coffee Shop,"220 S Plumer Ave, Tucson, AZ 85719, USA",+1 520-623-1389,cafe,sam-hughes-university,https://maps.google.com/?q=Laverna%27s%20Coffee%20Shop%20220%20S%20Plumer%20Ave%2C%20Tucson%2C%20AZ%2085719%2C%20USA,https://lavernascoffeeshop.com/,2,custom/unknown,GoDaddy.com,0,has website,48,false,ChIJBeGoO1Bw1oYRK7iJqLnjIZE,4.5,945,
HeeMee Coffee + Bakery,"800 E University Blvd STE 4, Tucson, AZ 85719, USA",,cafe,sam-hughes-university,https://maps.google.com/?q=HeeMee%20Coffee%20%2B%20Bakery%20800%20E%20University%20Blvd%20STE%204%2C%20Tucson%2C%20AZ%2085719%2C%20USA,https://heemee.online/,2,custom/unknown,Register.com - Network Solutions,0,has website,49,false,ChIJe4HkUuBx1oYRAq2GdqntfOg,4.3,34,
Bruegger's Bagels,"1064 N Campbell Ave, Tucson, AZ 85719, USA",+1 520-325-4567,cafe,sam-hughes-university,https://maps.google.com/?q=Bruegger%27s%20Bagels%201064%20N%20Campbell%20Ave%2C%20Tucson%2C%20AZ%2085719%2C%20USA,https://locations.brueggers.com/us/az/tucson/1064-n-campbell-avenue?y_source=1_OTczMjIwOS03MTUtbG9jYXRpb24ud2Vic2l0ZQ%3D%3D,2,wordpress,unregistered,0,has website,50,false,ChIJzdAX265x1oYR3guzlyqv1aE,4.5,488,
Dry Heat Roasting Co.,"1001 N Park Ave, Tucson, AZ 85719, USA",,cafe,sam-hughes-university,https://maps.google.com/?q=Dry%20Heat%20Roasting%20Co.%201001%20N%20Park%20Ave%2C%20Tucson%2C%20AZ%2085719%2C%20USA,,1,,,0,no website,52,false,ChIJEwi1ksZx1oYR6nEqT9oQBuc,,,dryheatroastingco.com; dryheatroastingcotucson.com
Sweet Street Desserts (within Geronimo),"806 E University Blvd, Tucson, AZ 85719, USA",+1 520-529-7277,bakery,sam-hughes-university,https://maps.google.com/?q=Sweet%20Street%20Desserts%20%28within%20Geronimo%29%20806%20E%20University%20Blvd%2C%20Tucson%2C%20AZ%2085719%2C%20USA,https://www.doordash.com/store/sweet-street-desserts-tucson-25073119,2,custom/unknown,MarkMonitor Inc.,0,has website,55,false,ChIJOQscblxx1oYR4rUgczHQBnc,4.4,49,
Cold Stone Creamery,"1927 E Speedway Blvd Ste 115, Tucson, AZ 85719, USA",+1 520-795-7576,bakery,sam-hughes-university,https://maps.google.com/?q=Cold%20Stone%20Creamery%201927%20E%20Speedway%20Blvd%20Ste%20115%2C%20Tucson%2C%20AZ%2085719%2C%20USA,https://www.coldstonecreamery.com/stores/20005?utm_source=gmb&utm_medium=gmb&utm_campaign=gmb&utm_id=gmb,2,custom/unknown,Network Solutions,0,has website,56,false,ChIJKxPnIa9x1oYR71dXsd-R-Ag,4,336,
Time Market,"444 E University Blvd, Tucson, AZ 85705, USA",+1 520-622-0761,bakery,sam-hughes-university,https://maps.google.com/?q=Time%20Market%20444%20E%20University%20Blvd%2C%20Tucson%2C%20AZ%2085705%2C%20USA,http://www.timemarket.xyz/,2,shopify,Network Solutions LLC,0,has website,57,false,ChIJca53Fxtx1oYRuDrQ-8pkYSU,4.7,2299,
Insomnia Cookies,"345 E Congress St #145, Tucson, AZ 85705, USA",+1 520-333-5622,bakery,sam-hughes-university,https://maps.google.com/?q=Insomnia%20Cookies%20345%20E%20Congress%20St%20%23145%2C%20Tucson%2C%20AZ%2085705%2C%20USA,https://insomniacookies.com/,2,custom/unknown,GoDaddy.com,0,has website,58,false,ChIJ10_ODyJyToYRj5brFBARs0g,4.1,344,
Cal's Bakeshop,"2707 E Broadway Blvd, Tucson, AZ 85716, USA",,bakery,sam-hughes-university,https://maps.google.com/?q=Cal%27s%20Bakeshop%202707%20E%20Broadway%20Blvd%2C%20Tucson%2C%20AZ%2085716%2C%20USA,https://www.instagram.com/calsbakeshop/,2,custom/unknown,RegistrarSafe,0,has website,59,false,ChIJRxmt5epx1oYRwPVUdCG2c5E,4.2,79,
1989 Bake House,"745 N 4th Ave, Tucson, AZ 85705, USA",+1 520-540-5775,bakery,sam-hughes-university,https://maps.google.com/?q=1989%20Bake%20House%20745%20N%204th%20Ave%2C%20Tucson%2C%20AZ%2085705%2C%20USA,https://1989bakehouse.com/,2,squarespace,Squarespace Domains II LLC,0,has website,60,false,ChIJwaAoItud1oYRKqArdCK2QrU,4.3,101,
Bread Mill,"825 S Park Ave, Tucson, AZ 85719, USA",+1 520-881-7733,bakery,sam-hughes-university,https://maps.google.com/?q=Bread%20Mill%20825%20S%20Park%20Ave%2C%20Tucson%2C%20AZ%2085719%2C%20USA,https://beyondbread.com/bread-mill/,2,custom/unknown,Tucows Domains Inc.,0,has website,61,false,ChIJ-fJ8Imxx1oYRENxcfNUOR8o,5,12,
Cartel Roasting Co,"210 E Broadway Blvd Suite 3, Tucson, AZ 85701, USA",,bakery,sam-hughes-university,https://maps.google.com/?q=Cartel%20Roasting%20Co%20210%20E%20Broadway%20Blvd%20Suite%203%2C%20Tucson%2C%20AZ%2085701%2C%20USA,http://cartelroasting.co/,2,custom/unknown,unknown,0,has website,62,false,ChIJfeAGS-Jw1oYRHc-pxCs-Upk,4.4,837,
Le Macaron French Pastries Tucson,"260 E Congress St, Tucson, AZ 85701, USA",+1 520-777-7738,bakery,sam-hughes-university,https://maps.google.com/?q=Le%20Macaron%20French%20Pastries%20Tucson%20260%20E%20Congress%20St%2C%20Tucson%2C%20AZ%2085701%2C%20USA,https://lemacaron-us.com/,2,custom/unknown,GoDaddy.com,0,has website,63,false,ChIJKUTBnoFx1oYR-Mpt2CMWSY8,4.6,138,
Chez Peachy,"501 N 6th Ave Suite 101, Tucson, AZ 85705, USA",,bakery,sam-hughes-university,https://maps.google.com/?q=Chez%20Peachy%20501%20N%206th%20Ave%20Suite%20101%2C%20Tucson%2C%20AZ%2085705%2C%20USA,https://chezpeachy.com/,2,custom/unknown,Wix.com Ltd.,0,has website,64,false,ChIJ41OIXQBx1oYR4jCRS0xkUEQ,4.5,457,
Natural Grains Tortillas,"810 E 19th St, Tucson, AZ 85719, USA",+1 520-333-5960,bakery,sam-hughes-university,https://maps.google.com/?q=Natural%20Grains%20Tortillas%20810%20E%2019th%20St%2C%20Tucson%2C%20AZ%2085719%2C%20USA,http://www.naturalgrainstortillas.com/,2,,Network Solutions,0,has website,65,false,ChIJ0Sp8tTlx1oYRADVEB6-Tg2g,5,1,
Tortilleria la Chiquita,"810 E 19th St, Tucson, AZ 85719, USA",+1 520-554-0421,bakery,sam-hughes-university,https://maps.google.com/?q=Tortilleria%20la%20Chiquita%20810%20E%2019th%20St%2C%20Tucson%2C%20AZ%2085719%2C%20USA,,1,,,0,no website,66,false,ChIJfzTjUA5x1oYRUZGxtsI5wLY,5,2,tortillerialachiquita.com; tortillerialachiquitatucson.com
Batch,"118 E Congress St, Tucson, AZ 85701, USA",+1 520-203-7370,bakery,sam-hughes-university,https://maps.google.com/?q=Batch%20118%20E%20Congress%20St%2C%20Tucson%2C%20AZ%2085701%2C%20USA,http://batchtucson.com/,2,squarespace,Name.com,0,has website,67,false,ChIJh-Kq8uFw1oYRrziuzZNtOwU,4.5,685,
Illegal Pete's - Tucson,"876 E University Blvd, Tucson, AZ 85719, USA",+1 520-253-4411,meal_delivery,sam-hughes-university,https://maps.google.com/?q=Illegal%20Pete%27s%20-%20Tucson%20876%20E%20University%20Blvd%2C%20Tucson%2C%20AZ%2085719%2C%20USA,https://www.illegalpetes.com/?olonwp=JjBtp_vMLk25gkYh_bnoiQ,2,,Network Solutions,0,has website,68,false,ChIJ5Q6ucgRx1oYRa6A2o4yNE_E,4.2,845,
Jack in the Box,"1055 N Park Ave, Tucson, AZ 85719, USA",+1 520-771-8864,meal_delivery,sam-hughes-university,https://maps.google.com/?q=Jack%20in%20the%20Box%201055%20N%20Park%20Ave%2C%20Tucson%2C%20AZ%2085719%2C%20USA,https://locations.jackinthebox.com/us/az/tucson/1055-n-park-ave?utm_source=google&utm_medium=local&utm_campaign=google-local,2,custom/unknown,unregistered,0,has website,69,false,ChIJ4dBO1P5x1oYRv4gSbhDk6Ug,3.8,697,
Wok Fire & Grill,"1135 N Park Ave, Tucson, AZ 85719, USA",+1 520-889-2388,meal_delivery,sam-hughes-university,https://maps.google.com/?q=Wok%20Fire%20%26%20Grill%201135%20N%20Park%20Ave%2C%20Tucson%2C%20AZ%2085719%2C%20USA,https://wokfire.com/,2,,GoDaddy.com,0,has website,71,false,ChIJWRU8f6Bx1oYRgeN5rlxISXk,4.3,305,
Caruso's,"434 N 4th Ave, Tucson, AZ 85705, USA",+1 520-624-5765,meal_delivery,sam-hughes-university,https://maps.google.com/?q=Caruso%27s%20434%20N%204th%20Ave%2C%20Tucson%2C%20AZ%2085705%2C%20USA,https://carusositalian.com/?utm_source=google,2,custom/unknown,GoDaddy.com,0,has website,72,false,ChIJBUcHWBxx1oYR-lOeoOVCqys,4.2,2097,
Brooklyn Pizza Company,"534 N 4th Ave, Tucson, AZ 85705, USA",+1 520-622-6868,meal_delivery,sam-hughes-university,https://maps.google.com/?q=Brooklyn%20Pizza%20Company%20534%20N%204th%20Ave%2C%20Tucson%2C%20AZ%2085705%2C%20USA,http://brooklynpizzacompany.com/,2,custom/unknown,GoDaddy.com,0,has website,73,false,ChIJdbM5iBxx1oYRsyRZoJbcPI8,4.2,2105,
Jaime's Pizza Kitchen,"312 E Congress St, Tucson, AZ 85701, USA",+1 520-849-5908,meal_delivery,sam-hughes-university,https://maps.google.com/?q=Jaime%27s%20Pizza%20Kitchen%20312%20E%20Congress%20St%2C%20Tucson%2C%20AZ%2085701%2C%20USA,http://www.tucsonjaimes.com/,2,custom/unknown,GoDaddy.com,0,has website,74,false,ChIJ1fPqkg5x1oYRJX6Yo3ghVdw,4.7,346,
Baggin's Gourmet Sandwiches,"2741 E Speedway Blvd, Tucson, AZ 85716, USA",+1 520-327-4342,meal_delivery,sam-hughes-university,https://maps.google.com/?q=Baggin%27s%20Gourmet%20Sandwiches%202741%20E%20Speedway%20Blvd%2C%20Tucson%2C%20AZ%2085716%2C%20USA,http://www.bagginsgourmet.com/,2,wordpress,eNom,0,has website,75,false,ChIJ3eHklbZx1oYRwuz3cFgQJXM,4.1,334,
Baggin's Gourmet Sandwiches,"33 N Stone Ave Suite 108, Tucson, AZ 85701, USA",+1 520-792-1344,meal_delivery,sam-hughes-university,https://maps.google.com/?q=Baggin%27s%20Gourmet%20Sandwiches%2033%20N%20Stone%20Ave%20Suite%20108%2C%20Tucson%2C%20AZ%2085701%2C%20USA,http://www.bagginsgourmet.com/,2,wordpress,eNom,0,has website,76,false,ChIJM_80K-Bw1oYRcTWRdEWkurc,4,185,
Blackjack Pizza & Salads,"2505 N Campbell Ave, Tucson, AZ 85719, USA",+1 520-325-2121,meal_delivery,sam-hughes-university,https://maps.google.com/?q=Blackjack%20Pizza%20%26%20Salads%202505%20N%20Campbell%20Ave%2C%20Tucson%2C%20AZ%2085719%2C%20USA,https://blackjackpizza.com/locations/tucson/,2,wordpress,GoDaddy.com,0,has website,78,false,ChIJ78hkKp9x1oYRaISnVfHVHhk,4.4,804,
Anita Street Market,"849 N Anita Ave, Tucson, AZ 85705, USA",+1 520-335-3731,meal_delivery,sam-hughes-university,https://maps.google.com/?q=Anita%20Street%20Market%20849%20N%20Anita%20Ave%2C%20Tucson%2C%20AZ%2085705%2C%20USA,https://anitastmarket.com/,2,custom/unknown,GoDaddy.com,0,has website,80,false,ChIJ69XpWjtx1oYRvBIlCGaNFqY,4.3,956,
TACOS Y HOT DOGS EL GIRO,"420 W 22nd St, Tucson, AZ 85713, USA",+1 520-409-2284,meal_delivery,sam-hughes-university,https://maps.google.com/?q=TACOS%20Y%20HOT%20DOGS%20EL%20GIRO%20420%20W%2022nd%20St%2C%20Tucson%2C%20AZ%2085713%2C%20USA,,1,,,0,no website,81,false,ChIJPcLNOgBx1oYRdzhTCHcRdIE,5,1,tacosyhotdogselgiro.com; tacosyhotdogselgirotucson.com
The Burger Den,"555 N Freeway, Tucson, AZ 85745, USA",+1 520-623-8249,meal_delivery,sam-hughes-university,https://maps.google.com/?q=The%20Burger%20Den%20555%20N%20Freeway%2C%20Tucson%2C%20AZ%2085745%2C%20USA,https://www.theburgerden.com/?utm_source=G&utm_medium=organic&utm_campaign=DAC,2,,Network Solutions,0,has website,82,false,ChIJ44HnAbhx1oYRvFIM0JPJlRI,3,2,
On Deck Deli,"1303 E University Blvd, Tucson, AZ 85719, USA",+1 520-621-7041,meal_takeaway,sam-hughes-university,https://maps.google.com/?q=On%20Deck%20Deli%201303%20E%20University%20Blvd%2C%20Tucson%2C%20AZ%2085719%2C%20USA,http://www.union.arizona.edu/dining/sumc/ondeck,2,drupal,unregistered,0,has website,83,false,ChIJVZZ-RQdx1oYRKGOfNXjo44I,3.3,18,
ZENSHI Handcrafted Sushi,"1940 E Broadway Blvd, Tucson, AZ 85719, USA",+1 520-206-9047,meal_takeaway,sam-hughes-university,https://maps.google.com/?q=ZENSHI%20Handcrafted%20Sushi%201940%20E%20Broadway%20Blvd%2C%20Tucson%2C%20AZ%2085719%2C%20USA,https://www.zenshisushi.com/,2,wix,Network Solutions,0,has website,84,false,ChIJW2Hh3JZx1oYRJNlQ8GDhEVc,,,
Del Taco,"840 E Broadway Blvd, Tucson, AZ 85719, USA",+1 520-628-7258,meal_takeaway,sam-hughes-university,https://maps.google.com/?q=Del%20Taco%20840%20E%20Broadway%20Blvd%2C%20Tucson%2C%20AZ%2085719%2C%20USA,https://locations.deltaco.com/us/az/tucson/840-e-broadway-blvd?utm_source=G&utm_medium=local&utm_campaign=google-local,2,custom/unknown,unregistered,0,has website,85,false,ChIJTc_HZ_xw1oYRJ9ktwlgKGzs,3.9,2436,
Turkish Kebab House,"810 E University Blvd, Tucson, AZ 85719, USA",+1 520-623-4010,meal_takeaway,sam-hughes-university,https://maps.google.com/?q=Turkish%20Kebab%20House%20810%20E%20University%20Blvd%2C%20Tucson%2C%20AZ%2085719%2C%20USA,https://www.turkishkebabhouse.us/,2,custom/unknown,Hosting Concepts B.V. d/b/a Registrar.eu,0,has website,86,false,ChIJNwJmhoBz1oYRvY3veXzA6DU,4.6,390,
Kababeque Indian Grill,"845 E University Blvd #185, Tucson, AZ 85719, USA",+1 520-388-4500,meal_takeaway,sam-hughes-university,https://maps.google.com/?q=Kababeque%20Indian%20Grill%20845%20E%20University%20Blvd%20%23185%2C%20Tucson%2C%20AZ%2085719%2C%20USA,,1,,,0,no website,87,false,ChIJ3z7uaQRx1oYRloZSA-Ul5n0,4.2,490,kababequeindiangrillarizona.com
Flakes,"1031 N Park Ave, Tucson, AZ 85719, USA",+1 520-344-4611,meal_takeaway,sam-hughes-university,https://maps.google.com/?q=Flakes%201031%20N%20Park%20Ave%2C%20Tucson%2C%20AZ%2085719%2C%20USA,https://flakesexpress.com/,2,,GoDaddy.com,0,has website,89,false,ChIJVXh_86tx1oYRnF5dJ_tLUZA,4.8,98,
Bison Witches,"326 N 4th Ave, Tucson, AZ 85705, USA",+1 520-740-1541,meal_takeaway,sam-hughes-university,https://maps.google.com/?q=Bison%20Witches%20326%20N%204th%20Ave%2C%20Tucson%2C%20AZ%2085705%2C%20USA,http://www.bisonwitchestucson.com/,2,,Name.com,0,has website,92,false,ChIJFaHODh1x1oYRI4FPdOJIoeE,4.6,3313,
Coop by cowpig,"429 N 4th Ave, Tucson, AZ 85713, USA",+1 520-526-2385,meal_takeaway,sam-hughes-university,https://maps.google.com/?q=Coop%20by%20cowpig%20429%20N%204th%20Ave%2C%20Tucson%2C%20AZ%2085713%2C%20USA,http://coopxcowpig.com/,2,wordpress,Automattic Inc.,0,has website,93,false,ChIJi39eSttx1oYRHwzIZsr-JxI,4.7,247,
Bodega Solai on 4th,"127 S 4th Ave, Tucson, AZ 85701, USA",+1 520-373-4529,meal_takeaway,sam-hughes-university,https://maps.google.com/?q=Bodega%20Solai%20on%204th%20127%20S%204th%20Ave%2C%20Tucson%2C%20AZ%2085701%2C%20USA,,1,,,0,no website,94,false,ChIJBSE2Eo1x1oYRV_Whg5wGWjE,5,4,bodegasolaion4th.com; bodegasolaion4thtucson.com
Bonchon Tucson - North 4th Avenue,"802 N 4th Ave, Tucson, AZ 85705, USA",+1 520-204-1000,meal_takeaway,sam-hughes-university,https://maps.google.com/?q=Bonchon%20Tucson%20-%20North%204th%20Avenue%20802%20N%204th%20Ave%2C%20Tucson%2C%20AZ%2085705%2C%20USA,https://restaurants.bonchon.com/locations/az/tucson/802-north-4th-ave,2,custom/unknown,unregistered,0,has website,95,false,ChIJmw8bJABx1oYRMw0QaccEFhg,4.3,88,
Stellar Studios,"1526 E Broadway Blvd, Tucson, AZ 85719, USA",+1 520-614-4988,hair_salon,sam-hughes-university,https://maps.google.com/?q=Stellar%20Studios%201526%20E%20Broadway%20Blvd%2C%20Tucson%2C%20AZ%2085719%2C%20USA,https://www.stellarstudios.org/,2,wix,GoDaddy.com,0,has website,96,false,ChIJL84Gz99x1oYR2yiN7U7CJTg,4.9,220,
Pure-Mettle,"103 N Park Ave UNIT 107, Tucson, AZ 85719, USA",+1 520-269-9607,hair_salon,sam-hughes-university,https://maps.google.com/?q=Pure-Mettle%20103%20N%20Park%20Ave%20UNIT%20107%2C%20Tucson%2C%20AZ%2085719%2C%20USA,http://pure-mettle.com/,2,weebly,Domain.com - Network Solutions,0,has website,98,false,ChIJy1C82blx1oYRPBOpRJGvPcM,4.9,263,
Whiz Bang Hair - Catrina Turner,"2030 E Broadway Blvd UNIT 203, Tucson, AZ 85719, USA",+1 520-500-3349,hair_salon,sam-hughes-university,https://maps.google.com/?q=Whiz%20Bang%20Hair%20-%20Catrina%20Turner%202030%20E%20Broadway%20Blvd%20UNIT%20203%2C%20Tucson%2C%20AZ%2085719%2C%20USA,http://www.whizbanghair.com/,2,,GoDaddy.com,0,has website,99,false,ChIJh-Xg5x5z1oYRE0Ty6XJNQo0,5,3,
Shine Hair & Makeup Lounge,"2425 E Broadway Blvd, Tucson, AZ 85719, USA",+1 520-623-1579,hair_salon,sam-hughes-university,https://maps.google.com/?q=Shine%20Hair%20%26%20Makeup%20Lounge%202425%20E%20Broadway%20Blvd%2C%20Tucson%2C%20AZ%2085719%2C%20USA,,1,,,0,no website,100,false,ChIJC95WXk5w1oYRhT5EwYssPXk,5,4,shinehairmakeuplounge.com; shinehairmakeuploungetucson.com
Hairmosa Salon,"2425 E Broadway Blvd, Tucson, AZ 85719, USA",+1 520-971-1886,hair_salon,sam-hughes-university,https://maps.google.com/?q=Hairmosa%20Salon%202425%20E%20Broadway%20Blvd%2C%20Tucson%2C%20AZ%2085719%2C%20USA,http://hairmosasalontucson.com/,2,wix,Wix.com Ltd.,0,has website,101,false,ChIJcy6bkd5x1oYRNlKts2e7dGc,4.9,107,
Hair.By.Angie.Lyn,"2525 E 6th St, Tucson, AZ 85716, USA",+1 520-305-6058,hair_salon,sam-hughes-university,https://maps.google.com/?q=Hair.By.Angie.Lyn%202525%20E%206th%20St%2C%20Tucson%2C%20AZ%2085716%2C%20USA,,1,,,0,no website,102,false,ChIJPRhlpKdx1oYRkX3vp4fWk5Y,,,hairbyangielyn.com; hairbyangielyntucson.com
TK Hair Studio,"2230 E Speedway Blvd #120, Tucson, AZ 85719, USA",,hair_salon,sam-hughes-university,https://maps.google.com/?q=TK%20Hair%20Studio%202230%20E%20Speedway%20Blvd%20%23120%2C%20Tucson%2C%20AZ%2085719%2C%20USA,,1,,,0,no website,103,false,ChIJW1zWVABx1oYRwCjXyyg9Yno,,,tkhairstudiotucson.com; tkhairstudioaz.com
Willow Salon,"219 N 3rd Ave Suite 141, Tucson, AZ 85705, USA",+1 520-822-6029,hair_salon,sam-hughes-university,https://maps.google.com/?q=Willow%20Salon%20219%20N%203rd%20Ave%20Suite%20141%2C%20Tucson%2C%20AZ%2085705%2C%20USA,http://www.willowsalonaz.com/,2,wordpress,GoDaddy.com,0,has website,104,false,ChIJPdqKKclz1oYRLcMbLKhnebU,4.8,303,
Belle Starr Salon,"431 E 7th St, Tucson, AZ 85705, USA",+1 520-409-4866,hair_salon,sam-hughes-university,https://maps.google.com/?q=Belle%20Starr%20Salon%20431%20E%207th%20St%2C%20Tucson%2C%20AZ%2085705%2C%20USA,https://online.rosysalonsoftware.com/about/43331,2,custom/unknown,unregistered,0,has website,105,false,ChIJM9wwd-xw1oYREVH8prWsL9Y,4.8,59,
Boss Shears Salon,"426 E 7th St, Tucson, AZ 85705, USA",+1 520-623-2235,hair_salon,sam-hughes-university,https://maps.google.com/?q=Boss%20Shears%20Salon%20426%20E%207th%20St%2C%20Tucson%2C%20AZ%2085705%2C%20USA,,1,,,0,no website,106,false,ChIJRzDoGh1x1oYRvr8Q7dyOsxY,4.8,77,bossshearssalon.com; bossshearssalontucson.com
The Studio Hair Artistry,"2549 E Broadway Blvd, Tucson, AZ 85716, USA",+1 520-327-0848,hair_salon,sam-hughes-university,https://maps.google.com/?q=The%20Studio%20Hair%20Artistry%202549%20E%20Broadway%20Blvd%2C%20Tucson%2C%20AZ%2085716%2C%20USA,http://www.thestudiotucson.com/,2,wix,GoDaddy.com,0,has website,107,false,ChIJrbhzPMxx1oYR4O27uv3YB4E,4.7,172,
The Beverly Hair Salon,"408 E 7th St, Tucson, AZ 85705, USA",+1 520-358-0495,hair_salon,sam-hughes-university,https://maps.google.com/?q=The%20Beverly%20Hair%20Salon%20408%20E%207th%20St%2C%20Tucson%2C%20AZ%2085705%2C%20USA,,1,,,0,no website,108,false,ChIJp8u6Bh1x1oYR43VnXPnj1bc,5,5,beverlyhairsalon.com; beverlyhairsalontucson.com
Bella Curl Salon,"2538 E Broadway Blvd, Tucson, AZ 85716, USA",,hair_salon,sam-hughes-university,https://maps.google.com/?q=Bella%20Curl%20Salon%202538%20E%20Broadway%20Blvd%2C%20Tucson%2C%20AZ%2085716%2C%20USA,https://bellacurlsalon.com/,2,weebly,Register.com - Network Solutions,0,has website,109,false,ChIJ31xbEBxx1oYRiaDtZvsXuiU,4.9,39,
The Neon Door,"224 N 4th Ave, Tucson, AZ 85705, USA",+1 520-849-5844,hair_salon,sam-hughes-university,https://maps.google.com/?q=The%20Neon%20Door%20224%20N%204th%20Ave%2C%20Tucson%2C%20AZ%2085705%2C%20USA,https://theneondooraz.com/,2,custom/unknown,GoDaddy.com,0,has website,110,false,ChIJMztew8dx1oYRA6CG4arA-co,4.9,113,
Salon Salon,"410 E Toole Ave, Tucson, AZ 85705, USA",+1 520-777-3224,hair_salon,sam-hughes-university,https://maps.google.com/?q=Salon%20Salon%20410%20E%20Toole%20Ave%2C%20Tucson%2C%20AZ%2085705%2C%20USA,http://salonsalonaz.com/,2,wordpress,GoDaddy.com,0,has website,111,false,ChIJqzTzCuJw1oYRQ6lEaAYCP3U,4.8,102,
Hair by David & Co,"135 S 5th Ave, Tucson, AZ 85701, USA",+1 520-668-3759,hair_salon,sam-hughes-university,https://maps.google.com/?q=Hair%20by%20David%20%26%20Co%20135%20S%205th%20Ave%2C%20Tucson%2C%20AZ%2085701%2C%20USA,,1,,,0,no website,112,false,ChIJbfFObBRx1oYRI8VsbSALv5Q,4.9,14,hairbydavidtucson.com; hairbydavidaz.com
Kim Gregson Hair,"549 N 6th Ave #1/2, Tucson, AZ 85705, USA",+1 602-796-0780,hair_salon,sam-hughes-university,https://maps.google.com/?q=Kim%20Gregson%20Hair%20549%20N%206th%20Ave%20%231/2%2C%20Tucson%2C%20AZ%2085705%2C%20USA,https://kimgregsonhair.square.site/,2,weebly,MarkMonitor Inc.,0,has website,113,false,ChIJ8RlGihpx1oYRUSmDxCG_-5M,,,
Trims by Trin,"549 N 6th Ave, Tucson, AZ 85705, USA",,hair_salon,sam-hughes-university,https://maps.google.com/?q=Trims%20by%20Trin%20549%20N%206th%20Ave%2C%20Tucson%2C%20AZ%2085705%2C%20USA,,1,,,0,no website,114,false,ChIJbwFYEMZx1oYRIVyd-SSwIyI,,,trimsbytrin.com; trimsbytrintucson.com
Hot Dish Hair Club by McKenna,"549 N 6th Ave, Tucson, AZ 85705, USA",,hair_salon,sam-hughes-university,https://maps.google.com/?q=Hot%20Dish%20Hair%20Club%20by%20McKenna%20549%20N%206th%20Ave%2C%20Tucson%2C%20AZ%2085705%2C%20USA,http://www.1800-hot-dish.com/,2,weebly,Register.com - Network Solutions,0,has website,115,false,ChIJTX43g1Nx1oYRZj0aXOf4lzs,,,
Spa Solai - 6th,"446 N Campbell Ave #180, Tucson, AZ 85719, USA",+1 520-447-7727,nail_salon,sam-hughes-university,https://maps.google.com/?q=Spa%20Solai%20-%206th%20446%20N%20Campbell%20Ave%20%23180%2C%20Tucson%2C%20AZ%2085719%2C%20USA,https://www.spasolai.com/,2,custom php,GoDaddy.com,0,has website,116,false,ChIJs0T7N1Nw1oYRKcYool8tRjA,4.3,122,
A & K Nails,"1830 E Broadway Blvd #180, Tucson, AZ 85719, USA",+1 520-624-3371,nail_salon,sam-hughes-university,https://maps.google.com/?q=A%20%26%20K%20Nails%201830%20E%20Broadway%20Blvd%20%23180%2C%20Tucson%2C%20AZ%2085719%2C%20USA,,1,,,0,no website,117,false,ChIJ21afslZw1oYR1VMxYDkOBSk,2.9,72,aknailstucson.com; aknailsaz.com
Retro Nail Bar,"122 S Olsen Ave UNIT 106, Tucson, AZ 85719, USA",+1 520-276-7036,nail_salon,sam-hughes-university,https://maps.google.com/?q=Retro%20Nail%20Bar%20122%20S%20Olsen%20Ave%20UNIT%20106%2C%20Tucson%2C%20AZ%2085719%2C%20USA,http://retronailbar.com/,2,squarespace,Tucows Domains Inc.,0,has website,118,false,ChIJ4x9szApx1oYROAVaBgsZBaY,4.7,42,
Madame of the Nails,"122 S Olsen Ave UNIT 106, Tucson, AZ 85719, USA",+1 520-222-6059,nail_salon,sam-hughes-university,https://maps.google.com/?q=Madame%20of%20the%20Nails%20122%20S%20Olsen%20Ave%20UNIT%20106%2C%20Tucson%2C%20AZ%2085719%2C%20USA,https://chrisb.glossgenius.com/,2,custom/unknown,unregistered,0,has website,119,false,ChIJ2cFPIRNx1oYRfy_jpfB6fAc,,,
Nail Theory,"845 E University Blvd, Tucson, AZ 85719, USA",+1 520-777-7996,nail_salon,sam-hughes-university,https://maps.google.com/?q=Nail%20Theory%20845%20E%20University%20Blvd%2C%20Tucson%2C%20AZ%2085719%2C%20USA,https://nailtheoryaz.com/,2,custom/unknown,GoDaddy.com,0,has website,120,false,ChIJcbTyk2Nx1oYROifVPOI5DbI,4.6,84,
Lush Nail Lounge,"1927 E Speedway Blvd Suite 107, Tucson, AZ 85719, USA",+1 520-729-0274,nail_salon,sam-hughes-university,https://maps.google.com/?q=Lush%20Nail%20Lounge%201927%20E%20Speedway%20Blvd%20Suite%20107%2C%20Tucson%2C%20AZ%2085719%2C%20USA,https://www.instagram.com/lush_nail_lounge_tucson/?hl=en,2,custom/unknown,RegistrarSafe,0,has website,121,false,ChIJ64ALCodx1oYRNfxewWXxRz4,4.3,292,
Lemonails,"2547 E Broadway Blvd, Tucson, AZ 85716, USA",+1 520-256-5067,nail_salon,sam-hughes-university,https://maps.google.com/?q=Lemonails%202547%20E%20Broadway%20Blvd%2C%20Tucson%2C%20AZ%2085716%2C%20USA,http://www.lemonailstucson.com/,2,squarespace,Squarespace Domains LLC,0,has website,122,false,ChIJL9pV8JJx1oYRPU3hkGHYINs,4.7,13,
Metropolis The Salon,"529 N 4th Ave, Tucson, AZ 85705, USA",+1 520-296-7400,nail_salon,sam-hughes-university,https://maps.google.com/?q=Metropolis%20The%20Salon%20529%20N%204th%20Ave%2C%20Tucson%2C%20AZ%2085705%2C%20USA,http://metropolistucson.com/,2,custom/unknown,"Media Elite Holdings Limited, S.A.",0,has website,123,false,ChIJx0CIathx1oYRllxjdXDQktM,5,9,
Jess Nailsss,"729 N 4th Ave, Tucson, AZ 85705, USA",,nail_salon,sam-hughes-university,https://maps.google.com/?q=Jess%20Nailsss%20729%20N%204th%20Ave%2C%20Tucson%2C%20AZ%2085705%2C%20USA,,1,,,0,no website,124,false,ChIJmSRaKXNx1oYRwz7K5Sg93-o,,,jessnailsss.com; jessnailssstucson.com
Peach Nails,"2545 E Speedway Blvd #155, Tucson, AZ 85716, USA",+1 520-867-8118,nail_salon,sam-hughes-university,https://maps.google.com/?q=Peach%20Nails%202545%20E%20Speedway%20Blvd%20%23155%2C%20Tucson%2C%20AZ%2085716%2C%20USA,http://peachnails7308.simplepos.us/,2,custom/unknown,unknown,0,has website,125,false,ChIJRWQEPrFx1oYRtigDrl5tU_4,4.1,246,
"greentoes Nail Salon, Massage and Day Spa","529 N 6th Ave, Tucson, AZ 85705, USA",+1 520-777-6281,nail_salon,sam-hughes-university,https://maps.google.com/?q=greentoes%20Nail%20Salon%2C%20Massage%20and%20Day%20Spa%20529%20N%206th%20Ave%2C%20Tucson%2C%20AZ%2085705%2C%20USA,https://www.greentoestucson.com/,2,custom php,Bluehost Inc.,0,has website,126,false,ChIJQ88trB5x1oYRjpGa_tswLuU,4.8,879,
SELAH,"621 N 6th Ave, Tucson, AZ 85705, USA",+1 520-276-5777,nail_salon,sam-hughes-university,https://maps.google.com/?q=SELAH%20621%20N%206th%20Ave%2C%20Tucson%2C%20AZ%2085705%2C%20USA,http://selahtucson.com/,2,,GoDaddy.com,0,has website,127,false,ChIJo1cXtx5x1oYRdgxaTwIkYXk,5,452,
Aveda Institute Tucson,"145 S 6th Ave, Tucson, AZ 85701, USA",+1 520-207-2660,nail_salon,sam-hughes-university,https://maps.google.com/?q=Aveda%20Institute%20Tucson%20145%20S%206th%20Ave%2C%20Tucson%2C%20AZ%2085701%2C%20USA,https://avedainspiregreatness.com/tucson-campus/?utm_source=google&utm_medium=organic&utm_campaign=gbp-listing,2,wordpress,GoDaddy.com,0,has website,128,false,ChIJj-kBIQRx1oYRoz9lVgjpmn4,4.9,1657,
Number One Nails by Thi,"2900 E Broadway Blvd #178, Tucson, AZ 85716, USA",+1 520-326-3210,nail_salon,sam-hughes-university,https://maps.google.com/?q=Number%20One%20Nails%20by%20Thi%202900%20E%20Broadway%20Blvd%20%23178%2C%20Tucson%2C%20AZ%2085716%2C%20USA,,1,,,0,no website,129,false,ChIJFVcR9Ehw1oYRjTY-c0TxjTY,4.6,75,numberonenailsbythi.com; numberonenailsbythitucson.com
Nails by Desyanna LLC,"25 E Congress St, Tucson, AZ 85701, USA",+1 520-349-5132,nail_salon,sam-hughes-university,https://maps.google.com/?q=Nails%20by%20Desyanna%20LLC%2025%20E%20Congress%20St%2C%20Tucson%2C%20AZ%2085701%2C%20USA,https://www.nailsbydesyanna.com/,2,squarespace,Squarespace Domains LLC,0,has website,130,false,ChIJe-GAHAdx1oYRoaj0YRHxmAc,5,11,
Nails By Mar-Mar,"2 E Congress St # 900, Tucson, AZ 85701, USA",,nail_salon,sam-hughes-university,https://maps.google.com/?q=Nails%20By%20Mar-Mar%202%20E%20Congress%20St%20%23%20900%2C%20Tucson%2C%20AZ%2085701%2C%20USA,,1,,,0,no website,131,false,ChIJnV5yKgxx1oYRm2LRrDshGz4,,,nailsbymarmar.com; nailsbymarmartucson.com
The Natural Sanctuary Salon,"388 S Stone Ave, Tucson, AZ 85701, USA",+1 520-882-6280,nail_salon,sam-hughes-university,https://maps.google.com/?q=The%20Natural%20Sanctuary%20Salon%20388%20S%20Stone%20Ave%2C%20Tucson%2C%20AZ%2085701%2C%20USA,,1,,,0,no website,132,false,ChIJVeaDxOZw1oYR2lqQlrYHBK8,5,5,naturalsanctuarysalon.com; naturalsanctuarysalontucson.com
Empire Beauty School,"3030 E Speedway Blvd, Tucson, AZ 85716, USA",+1 520-492-2116,nail_salon,sam-hughes-university,https://maps.google.com/?q=Empire%20Beauty%20School%203030%20E%20Speedway%20Blvd%2C%20Tucson%2C%20AZ%2085716%2C%20USA,https://www.empire.edu/cosmetology-schools/arizona/tucson-university-area?v=local&utm_source=google&utm_medium=organic&utm_campaign=gmb,2,wordpress,unknown,0,has website,133,false,ChIJeWUu_LVx1oYRTk87rBIxItc,4.9,2341,
The Wonderland Salon + Academy,"840 S 6th Ave, Tucson, AZ 85701, USA",+1 520-488-3344,nail_salon,sam-hughes-university,https://maps.google.com/?q=The%20Wonderland%20Salon%20%2B%20Academy%20840%20S%206th%20Ave%2C%20Tucson%2C%20AZ%2085701%2C%20USA,https://mysite.vagaro.com/thelashwonderlandaz,2,custom/unknown,unregistered,0,has website,134,false,ChIJx2aQbTpx1oYRJp-341sWBYY,5,173,
Fati's Hair Braiding,"2012 E Broadway Blvd Suite 103, Tucson, AZ 85719, USA",+1 520-704-0959,beauty_salon,sam-hughes-university,https://maps.google.com/?q=Fati%27s%20Hair%20Braiding%202012%20E%20Broadway%20Blvd%20Suite%20103%2C%20Tucson%2C%20AZ%2085719%2C%20USA,http://fatishairbraiding.com/,2,custom/unknown,timeout,0,has website,136,false,ChIJAQAMC1Fw1oYRDZPagd2wQNo,4.3,75,
Be You Beauty - Esthetics LLC,"2030 E Broadway Blvd #3, Tucson, AZ 85719, USA",+1 520-909-8154,beauty_salon,sam-hughes-university,https://maps.google.com/?q=Be%20You%20Beauty%20-%20Esthetics%20LLC%202030%20E%20Broadway%20Blvd%20%233%2C%20Tucson%2C%20AZ%2085719%2C%20USA,https://beyoubeautyesthetics.glossgenius.com/,2,custom/unknown,unregistered,0,has website,137,false,ChIJY_yq26Zx1oYRhud7JxRCSm4,5,4,
Endless Summer,"122 S Olsen Ave UNIT 102, Tucson, AZ 85719, USA",+1 520-305-3931,beauty_salon,sam-hughes-university,https://maps.google.com/?q=Endless%20Summer%20122%20S%20Olsen%20Ave%20UNIT%20102%2C%20Tucson%2C%20AZ%2085719%2C%20USA,http://www.endlesssummertucsonspa.com/,2,wix,Tucows Domains Inc.,0,has website,138,false,ChIJ46nB5qhx1oYRHtupNM_gYAU,4.8,36,
Mad Lashes Tucson,"122 S Olsen Ave UNIT 106, Tucson, AZ 85719, USA",,beauty_salon,sam-hughes-university,https://maps.google.com/?q=Mad%20Lashes%20Tucson%20122%20S%20Olsen%20Ave%20UNIT%20106%2C%20Tucson%2C%20AZ%2085719%2C%20USA,https://www.madlashestucson.com/,2,weebly,Register.com - Network Solutions,0,has website,139,false,ChIJwVxa6GVx1oYR7qKZZmYdEvM,,,
The LashSmith,"122 S Olsen Ave UNIT 106, Tucson, AZ 85719, USA",+1 520-907-3838,beauty_salon,sam-hughes-university,https://maps.google.com/?q=The%20LashSmith%20122%20S%20Olsen%20Ave%20UNIT%20106%2C%20Tucson%2C%20AZ%2085719%2C%20USA,,1,,,0,no website,140,false,ChIJ44sxuZtx1oYRlVW7eiQEJGk,,,lashsmithtucson.com; lashsmithaz.com
Beach Bunnie Tanning & Wax Bar,"943 E University Blvd #179, Tucson, AZ 85719, USA",+1 520-792-8267,beauty_salon,sam-hughes-university,https://maps.google.com/?q=Beach%20Bunnie%20Tanning%20%26%20Wax%20Bar%20943%20E%20University%20Blvd%20%23179%2C%20Tucson%2C%20AZ%2085719%2C%20USA,http://www.beachbunnietanning.com/,2,wordpress,GoDaddy.com,0,has website,141,false,ChIJPYeUGQRx1oYR0AwxTBvy32s,4.6,62,
"Broken Clover Tattoo, Laser, and Piercing","710 E 9th St, Tucson, AZ 85719, USA",+1 520-207-6459,beauty_salon,sam-hughes-university,https://maps.google.com/?q=Broken%20Clover%20Tattoo%2C%20Laser%2C%20and%20Piercing%20710%20E%209th%20St%2C%20Tucson%2C%20AZ%2085719%2C%20USA,http://www.brokenclovertattoo.com/,2,wordpress,Bluehost Inc.,0,has website,142,false,ChIJTROmbv1w1oYRoyw3mOaOo3Q,4.8,470,
LASH,"515 N Tucson Blvd, Tucson, AZ 85716, USA",+1 520-207-9570,beauty_salon,sam-hughes-university,https://maps.google.com/?q=LASH%20515%20N%20Tucson%20Blvd%2C%20Tucson%2C%20AZ%2085716%2C%20USA,http://lashandskintucson.com/,2,custom/unknown,GoDaddy.com,0,has website,143,false,ChIJgV3wks1x1oYRa1j-UeBUOnA,4.6,39,
Looks Skin Boutique,"10 N Norton Ave #100, Tucson, AZ 85719, USA",+1 520-624-5665,beauty_salon,sam-hughes-university,https://maps.google.com/?q=Looks%20Skin%20Boutique%2010%20N%20Norton%20Ave%20%23100%2C%20Tucson%2C%20AZ%2085719%2C%20USA,http://www.looksskin.com/,2,,unregistered,0,has website,144,false,ChIJeyUqYE5w1oYRXSFNdyyOFAE,5,4,
European Wax Center,"1927 E Speedway Blvd Suite 1001, Tucson, AZ 85719, USA",+1 520-888-8929,beauty_salon,sam-hughes-university,https://maps.google.com/?q=European%20Wax%20Center%201927%20E%20Speedway%20Blvd%20Suite%201001%2C%20Tucson%2C%20AZ%2085719%2C%20USA,https://locations.waxcenter.com/az/tucson/tucson-speedway-at-campbell-1101.html?utm_source=google&utm_medium=search&utm_content=local-listing&utm_campaign=gmb-listing&utm_term=ewc-gmb,2,shopify,unregistered,0,has website,145,false,ChIJdxQRVyVx1oYR5oF_o_KuZIU,4.9,769,
The Artist Beauty Bar,"35 N Tucson Blvd, Tucson, AZ 85716, USA",,beauty_salon,sam-hughes-university,https://maps.google.com/?q=The%20Artist%20Beauty%20Bar%2035%20N%20Tucson%20Blvd%2C%20Tucson%2C%20AZ%2085716%2C%20USA,,1,,,0,no website,146,false,ChIJKxZuh9Vx1oYRl-PD4JlXkdU,,,artistbeautybar.com; artistbeautybartucson.com
Wax Werks,"2510 E 6th St, Tucson, AZ 85716, USA",+1 520-907-4707,beauty_salon,sam-hughes-university,https://maps.google.com/?q=Wax%20Werks%202510%20E%206th%20St%2C%20Tucson%2C%20AZ%2085716%2C%20USA,http://waxwerkswaxingsalon.com/,2,wordpress,Wild West Domains,0,has website,147,false,ChIJK6m-6Exw1oYR8C8K_63es_I,4.7,133,
Oriental massage & reflexology,"1427 E Broadway Blvd, Tucson, AZ 85719, USA",+1 520-222-6626,spa,sam-hughes-university,https://maps.google.com/?q=Oriental%20massage%20%26%20reflexology%201427%20E%20Broadway%20Blvd%2C%20Tucson%2C%20AZ%2085719%2C%20USA,,1,,,0,no website,148,false,ChIJeelwStSrniIRFqvnQoKaFdo,5,15,orientalmassagereflexology.com; orientalmassagereflexologytucson.com
Tucson Massage Company,"1222 E Broadway Blvd, Tucson, AZ 85719, USA",+1 520-535-0099,spa,sam-hughes-university,https://maps.google.com/?q=Tucson%20Massage%20Company%201222%20E%20Broadway%20Blvd%2C%20Tucson%2C%20AZ%2085719%2C%20USA,https://tucsonmassagecompany.com/,2,wordpress,Squarespace Domains II LLC,0,has website,149,false,ChIJ_bNfdhhx1oYRBL9OvwtQF_Y,4.9,1012,
SKNRGY Aesthetics,"905 E University Blvd #101, Tucson, AZ 85719, USA",+1 520-372-2001,spa,sam-hughes-university,https://maps.google.com/?q=SKNRGY%20Aesthetics%20905%20E%20University%20Blvd%20%23101%2C%20Tucson%2C%20AZ%2085719%2C%20USA,https://www.sknrgyaesthetics.com/,2,custom/unknown,GoDaddy.com,0,has website,150,false,ChIJ7Q_bi1xx1oYRKGL_F4y1MSA,5,457,
Aesthetic Ritual,"2525 E 6th St RM 4, Tucson, AZ 85716, USA",+1 520-365-8935,spa,sam-hughes-university,https://maps.google.com/?q=Aesthetic%20Ritual%202525%20E%206th%20St%20RM%204%2C%20Tucson%2C%20AZ%2085716%2C%20USA,https://aestheticritual.com/,2,,Squarespace Domains II LLC,0,has website,151,false,ChIJP3Ox3mdx1oYRiOarXs7II_A,5,49,
Modern Gypsy Wellness,"2525 E 6th St Room 3, Tucson, AZ 85716, USA",+1 520-392-5606,spa,sam-hughes-university,https://maps.google.com/?q=Modern%20Gypsy%20Wellness%202525%20E%206th%20St%20Room%203%2C%20Tucson%2C%20AZ%2085716%2C%20USA,https://moderngypsywellness.square.site/s/appointments,2,weebly,MarkMonitor Inc.,0,has website,152,false,ChIJpRyQo-9x1oYRSt7tU4vL_tg,5,12,
Carols About Face,"2230 E Speedway Blvd, Tucson, AZ 85719, USA",+1 520-327-3389,spa,sam-hughes-university,https://maps.google.com/?q=Carols%20About%20Face%202230%20E%20Speedway%20Blvd%2C%20Tucson%2C%20AZ%2085719%2C%20USA,,1,,,0,no website,153,false,ChIJzf3YJq5x1oYR7LMUFsQzze0,5,7,carolsaboutfacetucson.com; carolsaboutfaceaz.com
Modern Hue Aesthetics,"219 N 3rd Ave Suite 141, Tucson, AZ 85705, USA",+1 520-822-4758,spa,sam-hughes-university,https://maps.google.com/?q=Modern%20Hue%20Aesthetics%20219%20N%203rd%20Ave%20Suite%20141%2C%20Tucson%2C%20AZ%2085705%2C%20USA,https://square.site/book/LBRAZ3Z8GBTCT/modern-hue-aesthetics-tucson-az,2,,MarkMonitor Inc.,0,has website,154,false,ChIJpRVQKDZx1oYROKtO05MnnhI,5,25,
Neptune Up,"2545 E Broadway Blvd, Tucson, AZ 85716, USA",+1 520-257-0563,spa,sam-hughes-university,https://maps.google.com/?q=Neptune%20Up%202545%20E%20Broadway%20Blvd%2C%20Tucson%2C%20AZ%2085716%2C%20USA,http://neptuneup.com/,2,custom/unknown,IONOS SE,0,has website,155,false,ChIJZwfLoJ9x1oYRH0i3Lu3VKKU,5,16,
Renewed Medical Health,"2825 E Broadway Blvd, Tucson, AZ 85716, USA",+1 520-298-0005,spa,sam-hughes-university,https://maps.google.com/?q=Renewed%20Medical%20Health%202825%20E%20Broadway%20Blvd%2C%20Tucson%2C%20AZ%2085716%2C%20USA,https://renewedmedicalhealth.com/,2,wordpress,GoDaddy.com,0,has website,156,false,ChIJUWL76Mtx1oYRRSex8CYblUk,4.8,382,
Touch n Glow Skin Solutions,"2605 E Speedway Blvd suite b, Tucson, AZ 85716, USA",,spa,sam-hughes-university,https://maps.google.com/?q=Touch%20n%20Glow%20Skin%20Solutions%202605%20E%20Speedway%20Blvd%20suite%20b%2C%20Tucson%2C%20AZ%2085716%2C%20USA,http://touchnglow.glossgenius.com/,2,custom/unknown,unregistered,0,has website,157,false,ChIJX86vM8Bx1oYRrzqPafcuNP0,4.9,8,
Kaelen Harwell Organic Day Spa,"862 E 19th St, Tucson, AZ 85719, USA",+1 520-777-8054,spa,sam-hughes-university,https://maps.google.com/?q=Kaelen%20Harwell%20Organic%20Day%20Spa%20862%20E%2019th%20St%2C%20Tucson%2C%20AZ%2085719%2C%20USA,https://www.khdayspa.com/,2,wix,DNC Holdings,0,has website,158,false,ChIJx5fr-2Zx1oYRNSWrDDHAGk0,4.6,32,
Nena Salazar Body Sculpting,"439 N 6th Ave Suite 127, Tucson, AZ 85705, USA",+1 520-247-9111,spa,sam-hughes-university,https://maps.google.com/?q=Nena%20Salazar%20Body%20Sculpting%20439%20N%206th%20Ave%20Suite%20127%2C%20Tucson%2C%20AZ%2085705%2C%20USA,,1,,,0,no website,159,false,ChIJAU60Du1z1oYRSl5K2GTeYII,,,nenasalazarbodysculpting.com; nenasalazarbodysculptingtucson.com
Rejuvenate IV Health and Wellness PLLC,"621 N 6th Ave, Tucson, AZ 85705, USA",+1 520-276-5777,spa,sam-hughes-university,https://maps.google.com/?q=Rejuvenate%20IV%20Health%20and%20Wellness%20PLLC%20621%20N%206th%20Ave%2C%20Tucson%2C%20AZ%2085705%2C%20USA,https://rejuvenate-az.com/,2,,Squarespace Domains LLC,0,has website,160,false,ChIJU5LBAvRx1oYRM9ME1S2op6g,5,15,
The Hundreds Barber Lounge,"150 N Campbell Ave, Tucson, AZ 85719, USA",,barber_shop,sam-hughes-university,https://maps.google.com/?q=The%20Hundreds%20Barber%20Lounge%20150%20N%20Campbell%20Ave%2C%20Tucson%2C%20AZ%2085719%2C%20USA,,1,,,0,no website,161,false,ChIJU3vyagBx1oYRAVztLteAGIQ,,,hundredsbarberlounge.com; hundredsbarberloungetucson.com
Barbershop at Downtown - WALK-INS WELCOME!,"1628 E Broadway Blvd, Tucson, AZ 85719, USA",+1 520-274-7916,barber_shop,sam-hughes-university,https://maps.google.com/?q=Barbershop%20at%20Downtown%20-%20WALK-INS%20WELCOME%21%201628%20E%20Broadway%20Blvd%2C%20Tucson%2C%20AZ%2085719%2C%20USA,http://barbershopatdowntown.com/,2,wordpress,GoDaddy.com,0,has website,162,false,ChIJAQA0hFZw1oYRGUsExMTZ03I,4.8,375,
Orlando Felix,"446 N Campbell Ave, Tucson, AZ 85719, USA",+1 520-484-5482,barber_shop,sam-hughes-university,https://maps.google.com/?q=Orlando%20Felix%20446%20N%20Campbell%20Ave%2C%20Tucson%2C%20AZ%2085719%2C%20USA,https://orlandofelix.booksy.com/,2,custom/unknown,unregistered,0,has website,163,false,ChIJwZo8Pjxx1oYRUdD4aDDk0Ng,,,
LuXe Barber Studio,"1136 E Broadway Blvd, Tucson, AZ 85719, USA",+1 520-622-0888,barber_shop,sam-hughes-university,https://maps.google.com/?q=LuXe%20Barber%20Studio%201136%20E%20Broadway%20Blvd%2C%20Tucson%2C%20AZ%2085719%2C%20USA,http://www.luxebarberstudio.com/,2,wordpress,GoDaddy.com,0,has website,164,false,ChIJC8Sef-Vx1oYRBEwrKS-1Pwk,4.8,57,
G's Barber Shop,"1722 E Speedway Blvd, Tucson, AZ 85719, USA",+1 520-784-1837,barber_shop,sam-hughes-university,https://maps.google.com/?q=G%27s%20Barber%20Shop%201722%20E%20Speedway%20Blvd%2C%20Tucson%2C%20AZ%2085719%2C%20USA,http://gsbarbershop.com/,2,custom/unknown,TurnCommerce,0,has website,165,false,ChIJZ2RcU1Nw1oYR-Cq4xtjKLKg,4.4,130,
In The Cut,"432 N Tucson Blvd, Tucson, AZ 85716, USA",,barber_shop,sam-hughes-university,https://maps.google.com/?q=In%20The%20Cut%20432%20N%20Tucson%20Blvd%2C%20Tucson%2C%20AZ%2085716%2C%20USA,,1,,,0,no website,166,false,ChIJQ_nN5Uxw1oYRFNUlF91XLbA,5,2,incuttucson.com; incutaz.com
Town & Campus Barber Styling,"29 N Tucson Blvd, Tucson, AZ 85716, USA",+1 520-792-2725,barber_shop,sam-hughes-university,https://maps.google.com/?q=Town%20%26%20Campus%20Barber%20Styling%2029%20N%20Tucson%20Blvd%2C%20Tucson%2C%20AZ%2085716%2C%20USA,,1,,,0,no website,167,false,ChIJPXQB8U5w1oYRVM-r1JTbKV0,4.9,8,towncampusbarberstyling.com; towncampusbarberstylingtucson.com
Gentlemen's Choice Barbershop,"2528 E 6th St, Tucson, AZ 85716, USA",+1 520-881-9000,barber_shop,sam-hughes-university,https://maps.google.com/?q=Gentlemen%27s%20Choice%20Barbershop%202528%20E%206th%20St%2C%20Tucson%2C%20AZ%2085716%2C%20USA,https://gentlemenschoicebarbershop.com/,2,squarespace,GoDaddy.com,0,has website,168,false,ChIJHzMo6Exw1oYRLu849lXRHsE,4.6,323,
Romie_Rome,"425 S Plumer Ave, Tucson, AZ 85719, USA",+1 520-260-8239,barber_shop,sam-hughes-university,https://maps.google.com/?q=Romie_Rome%20425%20S%20Plumer%20Ave%2C%20Tucson%2C%20AZ%2085719%2C%20USA,https://booksy.com/en-us/dl/show-business/572060,2,,OVH sas,0,has website,169,false,ChIJb9KrKYJx1oYRUuRuROlwC04,5,4,
Family Barbershop,"220 S Tucson Blvd, Tucson, AZ 85716, USA",,barber_shop,sam-hughes-university,https://maps.google.com/?q=Family%20Barbershop%20220%20S%20Tucson%20Blvd%2C%20Tucson%2C%20AZ%2085716%2C%20USA,,1,,,0,no website,170,false,ChIJWfidCU9w1oYRHYsoSWyFX8k,4.8,63,familybarbershoptucson.com; familybarbershopaz.com
Side Street Barbershop,"410 E 7th St, Tucson, AZ 85705, USA",+1 520-203-7331,barber_shop,sam-hughes-university,https://maps.google.com/?q=Side%20Street%20Barbershop%20410%20E%207th%20St%2C%20Tucson%2C%20AZ%2085705%2C%20USA,https://www.sidestreetbarbershop.com/home,2,,Squarespace Domains II LLC,0,has website,171,false,ChIJW6VmCR9x1oYRS6g64M0LTC4,5,137,
SCLPTr Studios,"2536 E Broadway Blvd, Tucson, AZ 85716, USA",+1 520-437-2826,barber_shop,sam-hughes-university,https://maps.google.com/?q=SCLPTr%20Studios%202536%20E%20Broadway%20Blvd%2C%20Tucson%2C%20AZ%2085716%2C%20USA,https://sclptrstudios.com/,2,custom/unknown,"HOSTINGER operations, UAB",0,has website,172,false,ChIJndSmnR9v1oYRb1B4WIHU_f8,5,32,
Fourth Avenue Barbershop,"553 N 4th Ave #8448, Tucson, AZ 85705, USA",+1 520-409-8248,barber_shop,sam-hughes-university,https://maps.google.com/?q=Fourth%20Avenue%20Barbershop%20553%20N%204th%20Ave%20%238448%2C%20Tucson%2C%20AZ%2085705%2C%20USA,http://www.fourthavenue.org/listings/fourth-avenue-barbershop/,2,wordpress,GoDaddy.com,0,has website,173,false,ChIJm1JcfRxx1oYRPrXh79TKUks,4.6,129,
Smoove,"350 E Congress St, Tucson, AZ 85701, USA",+1 520-548-9072,barber_shop,sam-hughes-university,https://maps.google.com/?q=Smoove%20350%20E%20Congress%20St%2C%20Tucson%2C%20AZ%2085701%2C%20USA,https://smoove99.booksy.com/,2,custom/unknown,unregistered,0,has website,174,false,ChIJtXvxYxtx1oYRJ2pRMvqznIs,,,
1972 Barber & Shave Parlor,"33 S 5th Ave, Tucson, AZ 85701, USA",+1 520-753-8533,barber_shop,sam-hughes-university,https://maps.google.com/?q=1972%20Barber%20%26%20Shave%20Parlor%2033%20S%205th%20Ave%2C%20Tucson%2C%20AZ%2085701%2C%20USA,http://1972barbers.com/,2,wordpress,GoDaddy.com,0,has website,175,false,ChIJP54wBB1x1oYRDJGT-xYCIOU,4.9,287,
💈Michael Angello💈KANDYCUTZ💈@ Barber & Shave Parlor,"254 E Congress St, Tucson, AZ 85701, USA",+1 661-440-5689,barber_shop,sam-hughes-university,https://maps.google.com/?q=%F0%9F%92%88Michael%20Angello%F0%9F%92%88KANDYCUTZ%F0%9F%92%88%40%20Barber%20%26%20Shave%20Parlor%20254%20E%20Congress%20St%2C%20Tucson%2C%20AZ%2085701%2C%20USA,http://kandycuts.booksy.com/,2,custom/unknown,unregistered,0,has website,176,false,ChIJ_xkAKFtx1oYRx2xgMx97fLw,,,
Eldorado Barbershop,"439 N 6th Ave #165, Tucson, AZ 85705, USA",+1 520-909-5433,barber_shop,sam-hughes-university,https://maps.google.com/?q=Eldorado%20Barbershop%20439%20N%206th%20Ave%20%23165%2C%20Tucson%2C%20AZ%2085705%2C%20USA,http://dapperdaniel.booksy.com/,2,custom/unknown,unregistered,0,has website,177,false,ChIJDZb1sr9x1oYRh2lRaCiYzBA,4.9,29,
Kragel Cheryl,"2544 E 10th St, Tucson, AZ 85716, USA",+1 520-323-7550,dentist,sam-hughes-university,https://maps.google.com/?q=Kragel%20Cheryl%202544%20E%2010th%20St%2C%20Tucson%2C%20AZ%2085716%2C%20USA,,1,,,0,no website,178,false,ChIJSUzGwE5w1oYR74toMh8GiM8,,,kragelcheryl.com; kragelcheryltucson.com
Brian Smith J DDS,"2553 E Broadway Blvd, Tucson, AZ 85716, USA",+1 520-320-5515,dentist,sam-hughes-university,https://maps.google.com/?q=Brian%20Smith%20J%20DDS%202553%20E%20Broadway%20Blvd%2C%20Tucson%2C%20AZ%2085716%2C%20USA,,1,,,0,no website,179,false,ChIJaZM_PLRv1oYRH6bLfJ-x3Ms,,,briansmithjdds.com; briansmithjddstucson.com
Tweed Foundatipn,"2626 E Broadway Blvd, Tucson, AZ 85716, USA",,dentist,sam-hughes-university,https://maps.google.com/?q=Tweed%20Foundatipn%202626%20E%20Broadway%20Blvd%2C%20Tucson%2C%20AZ%2085716%2C%20USA,,1,,,0,no website,180,false,ChIJW-AHDgBx1oYRjLm4KAmqaMI,,,tweedfoundatipn.com; tweedfoundatipntucson.com
Kahn Errol M DDS,"2803 E 6th St, Tucson, AZ 85716, USA",+1 520-326-5535,dentist,sam-hughes-university,https://maps.google.com/?q=Kahn%20Errol%20M%20DDS%202803%20E%206th%20St%2C%20Tucson%2C%20AZ%2085716%2C%20USA,,1,,,0,no website,181,false,ChIJ1chREUtw1oYRvza4enpBMr8,,,kahnerrolmdds.com; kahnerrolmddstucson.com
Dr. Mark Shousha,"2901 E Broadway Blvd # Pima, 2905 E Broadway Blvd, Tucson, AZ 85716, USA",+1 520-917-7500,dentist,sam-hughes-university,https://maps.google.com/?q=Dr.%20Mark%20Shousha%202901%20E%20Broadway%20Blvd%20%23%20Pima%2C%202905%20E%20Broadway%20Blvd%2C%20Tucson%2C%20AZ%2085716%2C%20USA,,1,,,0,no website,182,false,ChIJ__9vUkhw1oYRiLxsmsNawic,,,drmarkshousha.com; drmarkshoushatucson.com
Jodie Sloan,"2901 E Broadway Blvd, Tucson, AZ 85716, USA",+1 520-917-7500,dentist,sam-hughes-university,https://maps.google.com/?q=Jodie%20Sloan%202901%20E%20Broadway%20Blvd%2C%20Tucson%2C%20AZ%2085716%2C%20USA,,1,,,0,no website,183,false,ChIJ__9vUkhw1oYRYuYxbW-etUQ,5,1,jodiesloan.com; jodiesloantucson.com
Western Dental & Orthodontics,"2901 E Broadway Blvd, Tucson, AZ 85716, USA",+1 520-917-7516,dentist,sam-hughes-university,https://maps.google.com/?q=Western%20Dental%20%26%20Orthodontics%202901%20E%20Broadway%20Blvd%2C%20Tucson%2C%20AZ%2085716%2C%20USA,https://www.westerndental.com/en-us/find-a-location/arizona/tucson/2901-e-broadway-blvd?utm_source=GMB&utm_medium=organic,2,wordpress,Cloudflare,0,has website,184,false,ChIJC7AZUkhw1oYReM6srKotUAs,4.3,905,
Malcolm E. Musgrave DDS,"1601 N Tucson Blvd, Tucson, AZ 85716, USA",+1 520-326-9693,dentist,sam-hughes-university,https://maps.google.com/?q=Malcolm%20E.%20Musgrave%20DDS%201601%20N%20Tucson%20Blvd%2C%20Tucson%2C%20AZ%2085716%2C%20USA,https://musgravedentistry.com/,2,wordpress,GoDaddy.com,0,has website,185,false,ChIJX7vC9rpx1oYRENQKQK26roA,4.8,163,
Marie Robillard,"1601 N Tucson Blvd STE 24, Tucson, AZ 857163407, USA",+1 520-325-6717,dentist,sam-hughes-university,https://maps.google.com/?q=Marie%20Robillard%201601%20N%20Tucson%20Blvd%20STE%2024%2C%20Tucson%2C%20AZ%20857163407%2C%20USA,,1,,,0,no website,186,false,ChIJAX5Wjbpx1oYR3kOqJa8A1ZE,5,1,marierobillard.com; marierobillardtucson.com
Tucson Biological Dentistry,"1601 N Tucson Blvd STE 35, Tucson, AZ 85716, USA",+1 520-326-0082,dentist,sam-hughes-university,https://maps.google.com/?q=Tucson%20Biological%20Dentistry%201601%20N%20Tucson%20Blvd%20STE%2035%2C%20Tucson%2C%20AZ%2085716%2C%20USA,https://www.tucsonbiodentistry.com/,2,custom/unknown,GoDaddy.com,0,has website,187,false,ChIJ94Fn9rpx1oYRb6wOV2deP8g,4.7,152,
"Daniel M. Kim, DDS","1601 N Tucson Blvd, Tucson, AZ 85716, USA",+1 520-327-4224,dentist,sam-hughes-university,https://maps.google.com/?q=Daniel%20M.%20Kim%2C%20DDS%201601%20N%20Tucson%20Blvd%2C%20Tucson%2C%20AZ%2085716%2C%20USA,http://www.associated-dental.com/,2,custom/unknown,GoDaddy Corporate Domains,0,has website,188,false,ChIJRQLx8Wxx1oYRf38Azrm4QT4,3,2,
Mc Shea Kendra,"1601 N Tucson Blvd STE 24, Tucson, AZ 85716, USA",+1 520-327-6281,dentist,sam-hughes-university,https://maps.google.com/?q=Mc%20Shea%20Kendra%201601%20N%20Tucson%20Blvd%20STE%2024%2C%20Tucson%2C%20AZ%2085716%2C%20USA,,1,,,0,no website,189,false,ChIJX7vC9rpx1oYRbLGg4TBlrMk,,,mcsheakendra.com; mcsheakendratucson.com
"Virginia B. Robillard, D.D.S.","1601 N Tucson Blvd STE 24, Tucson, AZ 85716, USA",+1 520-325-6717,dentist,sam-hughes-university,https://maps.google.com/?q=Virginia%20B.%20Robillard%2C%20D.D.S.%201601%20N%20Tucson%20Blvd%20STE%2024%2C%20Tucson%2C%20AZ%2085716%2C%20USA,http://www.robillarddentistry.com/,2,wix,Network Solutions,0,has website,190,false,ChIJX7vC9rpx1oYR7nS7I5cphn0,4.8,14,
Norton Connie,"1601 N Tucson Blvd Ste 12C, Tucson, AZ 85716, USA",+1 520-327-4224,dentist,sam-hughes-university,https://maps.google.com/?q=Norton%20Connie%201601%20N%20Tucson%20Blvd%20Ste%2012C%2C%20Tucson%2C%20AZ%2085716%2C%20USA,,1,,,0,no website,191,false,ChIJX7vC9rpx1oYRaam3oyOem8U,,,nortonconnie.com; nortonconnietucson.com
Aeris Dental Downtown -- Downtown Dental Implants,"1 E Congress St Suite 153, Tucson, AZ 85701, USA",+1 520-448-4477,dentist,sam-hughes-university,https://maps.google.com/?q=Aeris%20Dental%20Downtown%20--%20Downtown%20Dental%20Implants%201%20E%20Congress%20St%20Suite%20153%2C%20Tucson%2C%20AZ%2085701%2C%20USA,http://www.tucsonimplants.com/,2,wordpress,IONOS SE,0,has website,192,false,ChIJwwDB8Zhx1oYR0UEc2WMu1c8,5,5,
Kutz Anthony J DDS,"1601 N Tucson Blvd #27, Tucson, AZ 85716, USA",+1 520-795-4377,dentist,sam-hughes-university,https://maps.google.com/?q=Kutz%20Anthony%20J%20DDS%201601%20N%20Tucson%20Blvd%20%2327%2C%20Tucson%2C%20AZ%2085716%2C%20USA,,1,,,0,no website,193,false,ChIJX7vC9rpx1oYRZqt2xvuCeZc,,,kutzanthonyjdds.com; kutzanthonyjddstucson.com
"Ahmed Ibraheem, DDS, MSD","1601 N Tucson Blvd Ste 12C, Tucson, AZ 85716, USA",+1 520-579-8166,dentist,sam-hughes-university,https://maps.google.com/?q=Ahmed%20Ibraheem%2C%20DDS%2C%20MSD%201601%20N%20Tucson%20Blvd%20Ste%2012C%2C%20Tucson%2C%20AZ%2085716%2C%20USA,,1,,,0,no website,194,false,ChIJk2t3FkjNFogR9g_L6PXLmw0,3,2,ahmedibraheemddsmsd.com; ahmedibraheemddsmsdtucson.com
"Joseph D'Aniello, DMD","1601 N Tucson Blvd Building 12C, Tucson, AZ 85716, USA",+1 520-327-4224,dentist,sam-hughes-university,https://maps.google.com/?q=Joseph%20D%27Aniello%2C%20DMD%201601%20N%20Tucson%20Blvd%20Building%2012C%2C%20Tucson%2C%20AZ%2085716%2C%20USA,http://www.southerndentalspecialtiesoftucson.com/,2,custom/unknown,Network Solutions,0,has website,195,false,ChIJ6_rf84Y7RYYRX176EOIOm_g,5,4,
Coronado Dental,"622 N Country Club Rd suite b, Tucson, AZ 85716, USA",+1 520-527-5788,dentist,sam-hughes-university,https://maps.google.com/?q=Coronado%20Dental%20622%20N%20Country%20Club%20Rd%20suite%20b%2C%20Tucson%2C%20AZ%2085716%2C%20USA,https://www.coronadodental.com/,2,wordpress,GoDaddy.com,0,has website,196,false,ChIJrSaiHwlx1oYRxADKh9s4egU,5,8,
Dr. Lauren Hobeich,"716 N Country Club Rd, Tucson, AZ 85716, USA",+1 520-326-8516,dentist,sam-hughes-university,https://maps.google.com/?q=Dr.%20Lauren%20Hobeich%20716%20N%20Country%20Club%20Rd%2C%20Tucson%2C%20AZ%2085716%2C%20USA,,1,,,0,no website,197,false,ChIJZexlVDVw1oYRoFcjGvc-lNc,,,drlaurenhobeich.com; drlaurenhobeichtucson.com
"Dr. Augustus M. Moshe, DDS","1624 E 7th St, Tucson, AZ 85719, USA",+1 201-613-9455,doctor,sam-hughes-university,https://maps.google.com/?q=Dr.%20Augustus%20M.%20Moshe%2C%20DDS%201624%20E%207th%20St%2C%20Tucson%2C%20AZ%2085719%2C%20USA,,1,,,0,no website,198,false,ChIJsUhJ46dx1oYRYeSlVuNK9AQ,,,draugustusmmoshedds.com; draugustusmmosheddstucson.com
"Marian E. Binder, PHD","1224 E Lowell St, Tucson, AZ 85719, USA",+1 520-621-3334,doctor,sam-hughes-university,https://maps.google.com/?q=Marian%20E.%20Binder%2C%20PHD%201224%20E%20Lowell%20St%2C%20Tucson%2C%20AZ%2085719%2C%20USA,,1,,,0,no website,199,false,ChIJMxbSZABx1oYRV-GrFlK43Xk,,,marianebinderphd.com; marianebinderphdtucson.com
Fox Ronald R MD,"1224 E Lowell St #95, Tucson, AZ 85721, USA",+1 520-621-9202,doctor,sam-hughes-university,https://maps.google.com/?q=Fox%20Ronald%20R%20MD%201224%20E%20Lowell%20St%20%2395%2C%20Tucson%2C%20AZ%2085721%2C%20USA,,1,,,0,no website,200,false,ChIJMxbSZABx1oYRVJQfRZxYeUE,,,foxronaldrmd.com; foxronaldrmdtucson.com
"STEPHEN PAUL, MD, ABFP, CAQ-SPORTS","Highland Commons, 1224 E Lowell St #95, Tucson, AZ 85721, USA",+1 520-621-6490,doctor,sam-hughes-university,https://maps.google.com/?q=STEPHEN%20PAUL%2C%20MD%2C%20ABFP%2C%20CAQ-SPORTS%20Highland%20Commons%2C%201224%20E%20Lowell%20St%20%2395%2C%20Tucson%2C%20AZ%2085721%2C%20USA,http://health.arizona.edu/,2,drupal,unregistered,0,has website,201,false,ChIJMxbSZABx1oYRzUAR42z3G3k,,,
Morski Lynn MD,"1224 E Lowell St, Tucson, AZ 85721, USA",+1 480-330-3312,doctor,sam-hughes-university,https://maps.google.com/?q=Morski%20Lynn%20MD%201224%20E%20Lowell%20St%2C%20Tucson%2C%20AZ%2085721%2C%20USA,http://www.health.arizona.edu/,2,drupal,unregistered,0,has website,202,false,ChIJMxbSZABx1oYR6_marDxSDlI,,,
"Dr. Michael R. Stilson, MD","Highland Commons, 1224 E Lowell St #95, Tucson, AZ 85721, USA",+1 520-621-6490,doctor,sam-hughes-university,https://maps.google.com/?q=Dr.%20Michael%20R.%20Stilson%2C%20MD%20Highland%20Commons%2C%201224%20E%20Lowell%20St%20%2395%2C%20Tucson%2C%20AZ%2085721%2C%20USA,,1,,,0,no website,203,false,ChIJMxbSZABx1oYRXvPsfVgfgUI,,,drmichaelrstilsonmd.com; drmichaelrstilsonmdtucson.com
"TEJAL PARIKH, MD","Highland Commons, 1224 E Lowell St #95, Tucson, AZ 85721, USA",+1 520-621-6490,doctor,sam-hughes-university,https://maps.google.com/?q=TEJAL%20PARIKH%2C%20MD%20Highland%20Commons%2C%201224%20E%20Lowell%20St%20%2395%2C%20Tucson%2C%20AZ%2085721%2C%20USA,http://health.arizona.edu/,2,drupal,unregistered,0,has website,204,false,ChIJMxbSZABx1oYRcleVl9qSiO8,,,
"Dr. Steven M. Rachbach, MD","1224 E Lowell St, Tucson, AZ 85719, USA",+1 520-621-6490,doctor,sam-hughes-university,https://maps.google.com/?q=Dr.%20Steven%20M.%20Rachbach%2C%20MD%201224%20E%20Lowell%20St%2C%20Tucson%2C%20AZ%2085719%2C%20USA,http://www.health.arizona.edu/,2,drupal,unregistered,0,has website,205,false,ChIJMxbSZABx1oYRVKsgt0-lxcQ,,,
Dr. Heather Walsh,"Highland Commons, 1224 E Lowell St #95, Tucson, AZ 85721, USA",+1 520-621-6490,doctor,sam-hughes-university,https://maps.google.com/?q=Dr.%20Heather%20Walsh%20Highland%20Commons%2C%201224%20E%20Lowell%20St%20%2395%2C%20Tucson%2C%20AZ%2085721%2C%20USA,,1,,,0,no website,206,false,ChIJ___vZwBx1oYRhNdfPj3aepc,,,drheatherwalsh.com; drheatherwalshtucson.com
"Dr. Melvyn G. Weinberg, MD","1224 E Lowell St, Tucson, AZ 85719, USA",+1 520-621-6490,doctor,sam-hughes-university,https://maps.google.com/?q=Dr.%20Melvyn%20G.%20Weinberg%2C%20MD%201224%20E%20Lowell%20St%2C%20Tucson%2C%20AZ%2085719%2C%20USA,http://www.health.arizona.edu/,2,drupal,unregistered,0,has website,207,false,ChIJMxbSZABx1oYRdDXE3dyyfN4,,,
"Jennifer Wilson Diez, MA","1224 E Lowell St, Tucson, AZ 85719, USA",+1 520-621-3334,doctor,sam-hughes-university,https://maps.google.com/?q=Jennifer%20Wilson%20Diez%2C%20MA%201224%20E%20Lowell%20St%2C%20Tucson%2C%20AZ%2085719%2C%20USA,https://www.jenniferwilsonlpc.com/,2,squarespace,Squarespace Domains II LLC,0,has website,208,false,ChIJMxbSZABx1oYR23HEbxMrBdA,,,
"Jill E. Grassman, LPC","1224 E Lowell St, Tucson, AZ 85719, USA",+1 520-621-3334,doctor,sam-hughes-university,https://maps.google.com/?q=Jill%20E.%20Grassman%2C%20LPC%201224%20E%20Lowell%20St%2C%20Tucson%2C%20AZ%2085719%2C%20USA,,1,,,0,no website,209,false,ChIJMxbSZABx1oYRzHzW1Vj-E7U,,,jillegrassmanlpc.com; jillegrassmanlpctucson.com
"Harry Mcdermott, MD, MPH","Highland Commons, 1224 E Lowell St #95, Tucson, AZ 85721, USA",+1 520-621-9202,doctor,sam-hughes-university,https://maps.google.com/?q=Harry%20Mcdermott%2C%20MD%2C%20MPH%20Highland%20Commons%2C%201224%20E%20Lowell%20St%20%2395%2C%20Tucson%2C%20AZ%2085721%2C%20USA,http://health.arizona.edu/,2,drupal,unregistered,0,has website,210,false,ChIJMxbSZABx1oYRU0112he4STM,,,
"BRUCE HELMING, MD","Highland Commons, 1224 E Lowell St #95, Tucson, AZ 85721, USA",+1 520-621-9202,doctor,sam-hughes-university,https://maps.google.com/?q=BRUCE%20HELMING%2C%20MD%20Highland%20Commons%2C%201224%20E%20Lowell%20St%20%2395%2C%20Tucson%2C%20AZ%2085721%2C%20USA,http://health.arizona.edu/,2,drupal,unregistered,0,has website,211,false,ChIJMxbSZABx1oYRz4u2Uv7DwQY,,,
Waterbrook Anna L MD,"1 N National Championship Dr, Tucson, AZ 85721, USA",+1 520-621-3547,doctor,sam-hughes-university,https://maps.google.com/?q=Waterbrook%20Anna%20L%20MD%201%20N%20National%20Championship%20Dr%2C%20Tucson%2C%20AZ%2085721%2C%20USA,,1,,,0,no website,212,false,ChIJDwAsG6tx1oYRQDcIqwk8ZAs,3,1,waterbrookannalmd.com; waterbrookannalmdtucson.com
Porter Donald DO,"Mckale Ctr, # 128, Tucson, AZ 85721, USA",+1 520-621-2724,doctor,sam-hughes-university,https://maps.google.com/?q=Porter%20Donald%20DO%20Mckale%20Ctr%2C%20%23%20128%2C%20Tucson%2C%20AZ%2085721%2C%20USA,,1,,,0,no website,213,false,ChIJDwAsG6tx1oYRXIRlk_TwCSI,,,porterdonalddo.com; porterdonalddotucson.com
"Dr. Horacio A. Ore-Giron, MD","1101 E Broadway Blvd, Tucson, AZ 85719, USA",+1 520-624-7750,doctor,sam-hughes-university,https://maps.google.com/?q=Dr.%20Horacio%20A.%20Ore-Giron%2C%20MD%201101%20E%20Broadway%20Blvd%2C%20Tucson%2C%20AZ%2085719%2C%20USA,https://weence.com/medical/doctors/tucson/dr-horacio-a-ore-giron-md/,2,wordpress,eNom,0,has website,214,false,ChIJIbmD2_5w1oYRWei3faol9O4,4,1,
Dr. Jorge Franco OLeary,"1101 E Broadway Blvd, Tucson, AZ 85719, USA",+1 520-670-3909,doctor,sam-hughes-university,https://maps.google.com/?q=Dr.%20Jorge%20Franco%20OLeary%201101%20E%20Broadway%20Blvd%2C%20Tucson%2C%20AZ%2085719%2C%20USA,https://weence.com/medical/doctors/tucson/dr-jorge-franco-oleary/,2,wordpress,eNom,0,has website,215,false,ChIJIbmD2_5w1oYR30EcC5Ay4XA,4.7,3,
Dr. Rogelio Samorano,"1101 E Broadway Blvd, Tucson, AZ 85719, USA",+1 520-670-3909,doctor,sam-hughes-university,https://maps.google.com/?q=Dr.%20Rogelio%20Samorano%201101%20E%20Broadway%20Blvd%2C%20Tucson%2C%20AZ%2085719%2C%20USA,,1,,,0,no website,216,false,ChIJtxEww_5w1oYRbCknpAYIcPo,,,drrogeliosamorano.com; drrogeliosamoranotucson.com
"Dr. Roberto Zamudio-Millan, MD","1101 E Broadway Blvd, Tucson, AZ 85711, USA",+1 520-670-3909,doctor,sam-hughes-university,https://maps.google.com/?q=Dr.%20Roberto%20Zamudio-Millan%2C%20MD%201101%20E%20Broadway%20Blvd%2C%20Tucson%2C%20AZ%2085711%2C%20USA,http://www.elrio.org/,2,wordpress,GoDaddy.com,0,has website,217,false,ChIJta1j2_5w1oYRGYAYz_LuY7c,,,
"Jonathan E. Gress, PT","1224 E Lowell St, Tucson, AZ 85719, USA",+1 520-626-6363,physiotherapist,sam-hughes-university,https://maps.google.com/?q=Jonathan%20E.%20Gress%2C%20PT%201224%20E%20Lowell%20St%2C%20Tucson%2C%20AZ%2085719%2C%20USA,,1,,,0,no website,218,false,ChIJ6-jWawBx1oYRKE1-qLC-Iis,,,jonathanegresspt.com; jonathanegresspttucson.com
Banken Sharon,"1010 E 10th St, Tucson, AZ 85719, USA",+1 520-762-9838,physiotherapist,sam-hughes-university,https://maps.google.com/?q=Banken%20Sharon%201010%20E%2010th%20St%2C%20Tucson%2C%20AZ%2085719%2C%20USA,,1,,,0,no website,219,false,ChIJT7JskP5w1oYRQAl45T00YxI,,,bankensharon.com; bankensharontucson.com
"Modern Sports Medicine Physical Therapy and Orthopedics of Tucson, AZ","2900 E Broadway Blvd #132, Tucson, AZ 85716, USA",+1 520-889-1622,physiotherapist,sam-hughes-university,https://maps.google.com/?q=Modern%20Sports%20Medicine%20Physical%20Therapy%20and%20Orthopedics%20of%20Tucson%2C%20AZ%202900%20E%20Broadway%20Blvd%20%23132%2C%20Tucson%2C%20AZ%2085716%2C%20USA,https://getmodernmedicine.com/tucsonaz/,2,wordpress,GoDaddy.com,0,has website,220,false,ChIJ8aO0XUhw1oYRl1dNY64SJs4,5,102,
Lunda & Associates,"2900 E Broadway Blvd #132, Tucson, AZ 85716, USA",+1 520-319-2232,physiotherapist,sam-hughes-university,https://maps.google.com/?q=Lunda%20%26%20Associates%202900%20E%20Broadway%20Blvd%20%23132%2C%20Tucson%2C%20AZ%2085716%2C%20USA,http://www.lundaandassociates.com/,2,custom/unknown,NameSecure L.L.C.,0,has website,221,false,ChIJSSKpES5u1oYRDDJuCAcHU3w,,,
Dr. Mark Pirtle,"2506 E Drachman St, Tucson, AZ 85716, USA",+1 520-795-3563,physiotherapist,sam-hughes-university,https://maps.google.com/?q=Dr.%20Mark%20Pirtle%202506%20E%20Drachman%20St%2C%20Tucson%2C%20AZ%2085716%2C%20USA,https://www.drmarkpirtle.com/,2,squarespace,GoDaddy.com,0,has website,222,false,ChIJNS0Nt1Fx1oYR0Eh5-exDhm0,,,
Allison Whiteside,"1601 N Tucson Blvd #6, Tucson, AZ 85716, USA",+1 520-829-9635,physiotherapist,sam-hughes-university,https://maps.google.com/?q=Allison%20Whiteside%201601%20N%20Tucson%20Blvd%20%236%2C%20Tucson%2C%20AZ%2085716%2C%20USA,,1,,,0,no website,223,false,ChIJQZCb_7px1oYRq2QtDTPS1iQ,,,allisonwhitesidetucson.com; allisonwhitesideaz.com
Rooted Integrative Wellness,"1600 N Tucson Blvd Suite 100 & 120, Tucson, AZ 85716, USA",+1 520-326-8300,physiotherapist,sam-hughes-university,https://maps.google.com/?q=Rooted%20Integrative%20Wellness%201600%20N%20Tucson%20Blvd%20Suite%20100%20%26%20120%2C%20Tucson%2C%20AZ%2085716%2C%20USA,http://www.rootedintegrativewellness.com/,2,weebly,Register.com - Network Solutions,0,has website,224,false,ChIJC4y2Rbpx1oYR6jldqQ9XaVA,5,278,
Subtle Harmony Physical Therapy,"1600 N Tucson Blvd, Tucson, AZ 85716, USA",+1 347-423-3625,physiotherapist,sam-hughes-university,https://maps.google.com/?q=Subtle%20Harmony%20Physical%20Therapy%201600%20N%20Tucson%20Blvd%2C%20Tucson%2C%20AZ%2085716%2C%20USA,https://subtleharmony.wixsite.com/osteo,2,wix,unregistered,0,has website,225,false,ChIJOWfa91hx1oYRNCt2CvaPsgk,,,
"Full Circle Physical Therapy, PLLC","16 E 15th St, Tucson, AZ 85701, USA",+1 520-222-6216,physiotherapist,sam-hughes-university,https://maps.google.com/?q=Full%20Circle%20Physical%20Therapy%2C%20PLLC%2016%20E%2015th%20St%2C%20Tucson%2C%20AZ%2085701%2C%20USA,https://fullcircleptaz.com/?utm_source=google&utm_medium=organic&utm_campaign=gbp,2,squarespace,Squarespace Domains II LLC,0,has website,226,false,ChIJwSidvdtx1oYRvuXqzaWmM-g,5,11,
Athletico Physical Therapy - Tucson (Miramonte),"3234 E Speedway Blvd, Tucson, AZ 85716, USA",+1 520-232-2459,physiotherapist,sam-hughes-university,https://maps.google.com/?q=Athletico%20Physical%20Therapy%20-%20Tucson%20%28Miramonte%29%203234%20E%20Speedway%20Blvd%2C%20Tucson%2C%20AZ%2085716%2C%20USA,https://www.athletico.com/locations/tucson-miramonte/?utm_source=google-miramonte&utm_medium=web&utm_campaign=google-listings,2,custom/unknown,GoDaddy.com,0,has website,227,false,ChIJle1hP_Rx1oYRuNPdsHaqRZk,4.9,120,
"Jean M. Haberman, PTA","3402 E Broadway Blvd, Tucson, AZ 85716, USA",+1 520-881-0050,physiotherapist,sam-hughes-university,https://maps.google.com/?q=Jean%20M.%20Haberman%2C%20PTA%203402%20E%20Broadway%20Blvd%2C%20Tucson%2C%20AZ%2085716%2C%20USA,,1,,,0,no website,228,false,ChIJj1fDpTBw1oYRzY_1AY2kv64,,,jeanmhabermanpta.com; jeanmhabermanptatucson.com
"John Hendrix, PT","3402 E Broadway Blvd, Tucson, AZ 85716, USA",+1 615-778-4066,physiotherapist,sam-hughes-university,https://maps.google.com/?q=John%20Hendrix%2C%20PT%203402%20E%20Broadway%20Blvd%2C%20Tucson%2C%20AZ%2085716%2C%20USA,,1,,,0,no website,229,false,ChIJj1fDpTBw1oYRCF-5I-6Stak,,,johnhendrixpt.com; johnhendrixpttucson.com
Bodycentral Physical Therapy - Tucson,"3501 E Speedway Blvd #145, Tucson, AZ 85716, USA",+1 520-325-4002,physiotherapist,sam-hughes-university,https://maps.google.com/?q=Bodycentral%20Physical%20Therapy%20-%20Tucson%203501%20E%20Speedway%20Blvd%20%23145%2C%20Tucson%2C%20AZ%2085716%2C%20USA,https://therapypartnersgroup.com/location/3501-e-speedway-blvd/?utm_source=google&utm_medium=organic&utm_campaign=gmb_speedway,2,wordpress,GoDaddy.com,0,has website,230,false,ChIJb6HkmMNt1oYR8MeTtViLdNM,4.9,224,
Banana Bones Co,"575 N Highland Ave, Tucson, AZ 85719, USA",+1 816-605-5783,clothing_store,sam-hughes-university,https://maps.google.com/?q=Banana%20Bones%20Co%20575%20N%20Highland%20Ave%2C%20Tucson%2C%20AZ%2085719%2C%20USA,,1,,,0,no website,231,false,ChIJSSnfgzVx1oYR3iUIdDUydFQ,,,bananabonescotucson.com; bananabonescoaz.com
A-Store at McKale,"1721 E Enke Dr, Tucson, AZ 85719, USA",+1 520-621-2183,clothing_store,sam-hughes-university,https://maps.google.com/?q=A-Store%20at%20McKale%201721%20E%20Enke%20Dr%2C%20Tucson%2C%20AZ%2085719%2C%20USA,http://shop.arizona.edu/,2,custom/unknown,unregistered,0,has website,232,false,ChIJoVm3x4Jx1oYRAVt6QVBWbAc,3.3,4,
The Tucson Boot Co.,"1628 E 12th St, Tucson, AZ 85719, USA",+1 520-599-1104,clothing_store,sam-hughes-university,https://maps.google.com/?q=The%20Tucson%20Boot%20Co.%201628%20E%2012th%20St%2C%20Tucson%2C%20AZ%2085719%2C%20USA,https://www.tucsonbootcompany.com/,2,custom/unknown,Hosting Concepts B.V. d/b/a Registrar.eu,0,has website,233,false,ChIJhSOTXsxx1oYRhmzaeJcXNWE,5,1,
Mirelle,"314 N Tyndall Ave, Tucson, AZ 85719, USA",+1 424-386-8021,clothing_store,sam-hughes-university,https://maps.google.com/?q=Mirelle%20314%20N%20Tyndall%20Ave%2C%20Tucson%2C%20AZ%2085719%2C%20USA,,1,,,0,no website,234,false,ChIJ_wargldx1oYRxWIfRFO4W5g,,,mirelletucson.com; mirelleaz.com
A-City,"936 E University Blvd, Tucson, AZ 85719, USA",+1 520-628-7622,clothing_store,sam-hughes-university,https://maps.google.com/?q=A-City%20936%20E%20University%20Blvd%2C%20Tucson%2C%20AZ%2085719%2C%20USA,http://shopjustsports.com/,2,shopify,GoDaddy.com,0,has website,235,false,ChIJ9f1uEARx1oYRGQGJIVB0MkY,3,22,
Boutique 816,"943 E University Blvd, Tucson, AZ 85719, USA",+1 520-624-4006,clothing_store,sam-hughes-university,https://maps.google.com/?q=Boutique%20816%20943%20E%20University%20Blvd%2C%20Tucson%2C%20AZ%2085719%2C%20USA,,1,,,0,no website,236,false,ChIJ00Z1GQRx1oYRRjyO5KTFqlo,3.6,22,boutique816.com; boutique816tucson.com
Pitaya,"943 E University Blvd #135, Tucson, AZ 85719, USA",+1 520-622-2800,clothing_store,sam-hughes-university,https://maps.google.com/?q=Pitaya%20943%20E%20University%20Blvd%20%23135%2C%20Tucson%2C%20AZ%2085719%2C%20USA,http://www.pitaya.com/,2,shopify,Network Solutions,0,has website,237,false,ChIJPYeUGQRx1oYReuYNhPJv6XM,3.2,5,
Swindlers,"906 E University Blvd, Tucson, AZ 85719, USA",+1 520-306-7969,clothing_store,sam-hughes-university,https://maps.google.com/?q=Swindlers%20906%20E%20University%20Blvd%2C%20Tucson%2C%20AZ%2085719%2C%20USA,https://swindlers.com/,2,shopify,GoDaddy.com,0,has website,238,false,ChIJET3yEQRx1oYRpKGP41CiqNw,3.5,23,
Collette Clothing,"905 E University Blvd, Tucson, AZ 85719, USA",+1 520-622-2673,clothing_store,sam-hughes-university,https://maps.google.com/?q=Collette%20Clothing%20905%20E%20University%20Blvd%2C%20Tucson%2C%20AZ%2085719%2C%20USA,,1,,,0,no website,239,false,ChIJ5yyGEwRx1oYR3YpKFdeLIn0,4.2,10,colletteclothingtucson.com; colletteclothingaz.com
Urban Outfitters,"901 E University Blvd, Tucson, AZ 85719, USA",+1 520-791-3800,clothing_store,sam-hughes-university,https://maps.google.com/?q=Urban%20Outfitters%20901%20E%20University%20Blvd%2C%20Tucson%2C%20AZ%2085719%2C%20USA,https://www.urbanoutfitters.com/stores/tucson?utm_medium=organic&utm_source=google&utm_campaign=local&utm_content=38,2,custom/unknown,SafeNames Ltd.,0,has website,240,false,ChIJ_f-aFgRx1oYRNZDnd0ewBwQ,3.7,155,
Brandy Melville - Tucson,"845 E University Blvd #105, Tucson, AZ 85719, USA",+1 520-372-2791,clothing_store,sam-hughes-university,https://maps.google.com/?q=Brandy%20Melville%20-%20Tucson%20845%20E%20University%20Blvd%20%23105%2C%20Tucson%2C%20AZ%2085719%2C%20USA,https://us.brandymelville.com/,2,shopify,unregistered,0,has website,241,false,ChIJVTLaXgBx1oYR2Kcxg-weYeI,3.3,24,
Mission Linen and Uniform Service,"301 S Park Ave, Tucson, AZ 85719, USA",+1 520-622-4811,clothing_store,sam-hughes-university,https://maps.google.com/?q=Mission%20Linen%20and%20Uniform%20Service%20301%20S%20Park%20Ave%2C%20Tucson%2C%20AZ%2085719%2C%20USA,http://www.missionlinen.com/,2,wordpress,Network Solutions,0,has website,242,false,ChIJ9V6CY_lw1oYRYsbCTY88ahY,4.2,13,
Catalina Scout Shop,"2250 E Broadway Blvd, Tucson, AZ 85719, USA",+1 520-750-9877,clothing_store,sam-hughes-university,https://maps.google.com/?q=Catalina%20Scout%20Shop%202250%20E%20Broadway%20Blvd%2C%20Tucson%2C%20AZ%2085719%2C%20USA,https://www.facebook.com/CatalinaScoutShopAZ/,2,custom/unknown,RegistrarSafe,0,has website,243,false,ChIJcVzEIMRv1oYRyI49Q_gUXR4,4.8,17,
Cap Soul,"730 E University Blvd, Tucson, AZ 85719, USA",,clothing_store,sam-hughes-university,https://maps.google.com/?q=Cap%20Soul%20730%20E%20University%20Blvd%2C%20Tucson%2C%20AZ%2085719%2C%20USA,https://capsoul.shop/password.,2,shopify,unknown,0,has website,245,false,ChIJT6Wyy-9x1oYR6d8N8qQdoN0,,,
Absurditees,"950 N Tyndall Ave, Tucson, AZ 85719, USA",+1 971-276-4485,clothing_store,sam-hughes-university,https://maps.google.com/?q=Absurditees%20950%20N%20Tyndall%20Ave%2C%20Tucson%2C%20AZ%2085719%2C%20USA,,1,,,0,no website,246,false,ChIJK-Pu4Fxx1oYRyXjx3mxfHV4,,,absurditeestucson.com; absurditeesaz.com
Buffalo Exchange,"2001 E Speedway Blvd, Tucson, AZ 85719, USA",+1 520-795-0508,clothing_store,sam-hughes-university,https://maps.google.com/?q=Buffalo%20Exchange%202001%20E%20Speedway%20Blvd%2C%20Tucson%2C%20AZ%2085719%2C%20USA,https://buffaloexchange.com/location/speedway-tucson/,2,wordpress,Tucows Domains Inc.,0,has website,247,false,ChIJYZr0A69x1oYR5dXlnQRs_b4,3.4,445,
Arte de la Vida,"37 N Tucson Blvd, Tucson, AZ 85716, USA",+1 520-398-6720,clothing_store,sam-hughes-university,https://maps.google.com/?q=Arte%20de%20la%20Vida%2037%20N%20Tucson%20Blvd%2C%20Tucson%2C%20AZ%2085716%2C%20USA,http://www.artedelavidatucson.com/,2,weebly,GoDaddy.com,0,has website,248,false,ChIJcbta9E5w1oYRiUmM9f4x45g,4.8,123,
Avenue,"2512 E 6th St, Tucson, AZ 85716, USA",,clothing_store,sam-hughes-university,https://maps.google.com/?q=Avenue%202512%20E%206th%20St%2C%20Tucson%2C%20AZ%2085716%2C%20USA,http://avenuetucson.com/,2,shopify,Tucows Domains Inc.,0,has website,249,false,ChIJK-JQJEhw1oYRJMtFV8x1OgE,3.9,23,
Valencia Jewelry and Watch Battery,"2030 E Broadway Blvd Suite 213 Second Floor EAST COURTYARD, Tucson, AZ 85719, USA",+1 520-891-8526,jewelry_store,sam-hughes-university,https://maps.google.com/?q=Valencia%20Jewelry%20and%20Watch%20Battery%202030%20E%20Broadway%20Blvd%20Suite%20213%20Second%20Floor%20EAST%20COURTYARD%2C%20Tucson%2C%20AZ%2085719%2C%20USA,https://www.vjwb.net/,2,wordpress,IONOS SE,0,has website,250,false,ChIJp4s5Fphx1oYRfOi-6S8cV5k,4.9,203,
8 wonder minerals,"2030 E Broadway Blvd #8, Tucson, AZ 85719, USA",+1 520-634-9343,jewelry_store,sam-hughes-university,https://maps.google.com/?q=8%20wonder%20minerals%202030%20E%20Broadway%20Blvd%20%238%2C%20Tucson%2C%20AZ%2085719%2C%20USA,https://8-wonder-minerals.square.site/,2,weebly,MarkMonitor Inc.,0,has website,251,false,ChIJA6YuLv1x1oYRDD6QTJlOYE8,5,7,
Morning Star Traders Inc,"2029 E 14th St, Tucson, AZ 85719, USA",+1 520-881-2112,jewelry_store,sam-hughes-university,https://maps.google.com/?q=Morning%20Star%20Traders%20Inc%202029%20E%2014th%20St%2C%20Tucson%2C%20AZ%2085719%2C%20USA,http://www.morningstartraders.com/,2,weebly,Network Solutions,0,has website,252,false,ChIJJ66j_q5x1oYR0kgNVHNX5jM,4.6,26,
Villagetucson,"2501 E 6th St, Tucson, AZ 85716, USA",+1 520-322-2940,jewelry_store,sam-hughes-university,https://maps.google.com/?q=Villagetucson%202501%20E%206th%20St%2C%20Tucson%2C%20AZ%2085716%2C%20USA,,1,,,0,no website,253,false,ChIJF03I3Uxw1oYReZ9hue5rTLs,,,villagetucson.com; villagetucsontucson.com
Verabelle,"2527 E 6th St, Tucson, AZ 85716, USA",,jewelry_store,sam-hughes-university,https://maps.google.com/?q=Verabelle%202527%20E%206th%20St%2C%20Tucson%2C%20AZ%2085716%2C%20USA,,1,,,0,no website,254,false,ChIJVVU5wUxw1oYRHeATrZHby7Y,,,verabelletucson.com; verabelleaz.com
Silver Sea Jewelry,"330 N 4th Ave, Tucson, AZ 85705, USA",+1 520-624-9954,jewelry_store,sam-hughes-university,https://maps.google.com/?q=Silver%20Sea%20Jewelry%20330%20N%204th%20Ave%2C%20Tucson%2C%20AZ%2085705%2C%20USA,,1,,,0,no website,255,false,ChIJdYIuDx1x1oYRmVVp_Yv0iXg,4.9,76,silverseajewelrytucson.com; silverseajewelryaz.com
Bani,"423 N 4th Ave, Tucson, AZ 85705, USA",+1 802-212-1518,jewelry_store,sam-hughes-university,https://maps.google.com/?q=Bani%20423%20N%204th%20Ave%2C%20Tucson%2C%20AZ%2085705%2C%20USA,,1,,,0,no website,256,false,ChIJN6mvBQBx1oYRqjkysMZe4kU,5,7,baniarizona.com
4th Avenue Gems,"604 N 4th Ave, Tucson, AZ 85705, USA",,jewelry_store,sam-hughes-university,https://maps.google.com/?q=4th%20Avenue%20Gems%20604%20N%204th%20Ave%2C%20Tucson%2C%20AZ%2085705%2C%20USA,,1,,,0,no website,257,false,ChIJW1ymorFx1oYRFpCAXcEsD2Y,5,4,4thavenuegems.com; 4thavenuegemstucson.com
AC STUDIO,"549 N 4th Ave, Tucson, AZ 85705, USA",+1 520-720-3600,jewelry_store,sam-hughes-university,https://maps.google.com/?q=AC%20STUDIO%20549%20N%204th%20Ave%2C%20Tucson%2C%20AZ%2085705%2C%20USA,https://acstudiotucson.com/,2,squarespace,Squarespace Domains LLC,0,has website,258,false,ChIJZ4eEzM1x1oYRnM-fdB78u9o,5,2,
"S & R LLC, dba Del Sol Stores","329 E 6th St, Tucson, AZ 85705, USA",+1 520-620-1311,jewelry_store,sam-hughes-university,https://maps.google.com/?q=S%20%26%20R%20LLC%2C%20dba%20Del%20Sol%20Stores%20329%20E%206th%20St%2C%20Tucson%2C%20AZ%2085705%2C%20USA,http://delsolstores.com/,2,shopify,NameCheap,0,has website,259,false,ChIJOd_lWRxx1oYRwAq5ESCGB5Y,4.2,10,
Fusion Permanent Jewelry,"347 E 4th St, Tucson, AZ 85705, USA",,jewelry_store,sam-hughes-university,https://maps.google.com/?q=Fusion%20Permanent%20Jewelry%20347%20E%204th%20St%2C%20Tucson%2C%20AZ%2085705%2C%20USA,http://www.fusionweldedjewelry.com/,2,wix,GoDaddy.com,0,has website,260,false,ChIJ41iAXBjh1YYRkL6wStf6554,4.9,65,
Solara,"300 E Congress St, Tucson, AZ 85701, USA",,jewelry_store,sam-hughes-university,https://maps.google.com/?q=Solara%20300%20E%20Congress%20St%2C%20Tucson%2C%20AZ%2085701%2C%20USA,,1,,,0,no website,261,false,ChIJSbVdrIhx1oYRzKKxS65en9Y,,,all taken
ejewelry,"182 E Broadway Blvd, Tucson, AZ 85701, USA",+1 480-270-4317,jewelry_store,sam-hughes-university,https://maps.google.com/?q=ejewelry%20182%20E%20Broadway%20Blvd%2C%20Tucson%2C%20AZ%2085701%2C%20USA,,1,,,0,no website,262,false,ChIJR6DA461x1oYRICM7G8LYhrI,,,ejewelrytucson.com; ejewelryaz.com
14k Jewelers,"9 N 6th Ave, Tucson, AZ 85701, USA",+1 520-617-0398,jewelry_store,sam-hughes-university,https://maps.google.com/?q=14k%20Jewelers%209%20N%206th%20Ave%2C%20Tucson%2C%20AZ%2085701%2C%20USA,,1,,,0,no website,263,false,ChIJ42K4TVlx1oYRiSRvouDVn1s,,,14kjewelers.com; 14kjewelerstucson.com
Gold Return,"9 N 6th Ave, Tucson, AZ 85701, USA",+1 520-617-0398,jewelry_store,sam-hughes-university,https://maps.google.com/?q=Gold%20Return%209%20N%206th%20Ave%2C%20Tucson%2C%20AZ%2085701%2C%20USA,,1,,,0,no website,264,false,ChIJQZ1n9OFw1oYRZ0wy-p9FBDU,,,goldreturntucson.com; goldreturnaz.com
R&J Jewelry and Watch Repairs,"2900 E Broadway Blvd Suite 138, Tucson, AZ 85716, USA",+1 520-274-7872,jewelry_store,sam-hughes-university,https://maps.google.com/?q=R%26J%20Jewelry%20and%20Watch%20Repairs%202900%20E%20Broadway%20Blvd%20Suite%20138%2C%20Tucson%2C%20AZ%2085716%2C%20USA,,1,,,0,no website,265,false,ChIJO6w8jKFx1oYR1DjOfA_o2bk,5,127,rjjewelryandwatchrepairs.com; rjjewelryandwatchrepairstucson.com
Camino Lenor,"307 S 6th Ave, Tucson, AZ 85701, USA",+1 520-409-9892,jewelry_store,sam-hughes-university,https://maps.google.com/?q=Camino%20Lenor%20307%20S%206th%20Ave%2C%20Tucson%2C%20AZ%2085701%2C%20USA,https://www.caminolenor.com/,2,squarespace,Squarespace Domains LLC,0,has website,266,false,ChIJiw9Ab61x1oYRGveojLCeqPI,,,
Krikawa Custom Jewelers,"21 E Congress St, Tucson, AZ 85701, USA",+1 520-322-6090,jewelry_store,sam-hughes-university,https://maps.google.com/?q=Krikawa%20Custom%20Jewelers%2021%20E%20Congress%20St%2C%20Tucson%2C%20AZ%2085701%2C%20USA,https://www.krikawa.com/,2,custom/unknown,GoDaddy.com,0,has website,267,false,ChIJR9-NCzFy1oYRrhYIH43bNYI,5,391,
Perri Jewelers,"1 E Congress St #111, Tucson, AZ 85701, USA",+1 520-624-4311,jewelry_store,sam-hughes-university,https://maps.google.com/?q=Perri%20Jewelers%201%20E%20Congress%20St%20%23111%2C%20Tucson%2C%20AZ%2085701%2C%20USA,http://www.perrijewelers.com/,2,,Tucows Domains Inc.,0,has website,268,false,ChIJHxFfzOFw1oYRq-91Y_nkSqA,5,49,
Tribalinks,"267 S Stone Ave # F, Tucson, AZ 85701, USA",+1 917-657-7608,jewelry_store,sam-hughes-university,https://maps.google.com/?q=Tribalinks%20267%20S%20Stone%20Ave%20%23%20F%2C%20Tucson%2C%20AZ%2085701%2C%20USA,,1,,,0,no website,269,false,ChIJzaGHNuFw1oYRRkWTzMbxybk,,,tribalinkstucson.com; tribalinksaz.com
Inglis Florists,"2362 E Broadway Blvd, Tucson, AZ 85719, USA",+1 520-622-4641,florist,sam-hughes-university,https://maps.google.com/?q=Inglis%20Florists%202362%20E%20Broadway%20Blvd%2C%20Tucson%2C%20AZ%2085719%2C%20USA,https://www.inglisflorists.com/?utm_source=GBP+Link&utm_medium=GBP+Link&utm_campaign=GBP+Link&utm_id=GBP+Link&utm_term=GBP+Link&utm_content=GBP+Link,2,custom/unknown,Register.com - Network Solutions,0,has website,270,false,ChIJ_4kvTk5w1oYRD8OrNRFuJ78,4.7,299,
Apri Services,"500 N Tucson Blvd # 100, Tucson, AZ 85716, USA",+1 520-322-2940,florist,sam-hughes-university,https://maps.google.com/?q=Apri%20Services%20500%20N%20Tucson%20Blvd%20%23%20100%2C%20Tucson%2C%20AZ%2085716%2C%20USA,,1,,,0,no website,271,false,ChIJuSqIz0xw1oYRWOpURxvSVu8,,,apriservicestucson.com; apriservicesaz.com
Arizona Flower Market,"500 N Tucson Blvd #190, Tucson, AZ 85716, USA",+1 520-322-7673,florist,sam-hughes-university,https://maps.google.com/?q=Arizona%20Flower%20Market%20500%20N%20Tucson%20Blvd%20%23190%2C%20Tucson%2C%20AZ%2085716%2C%20USA,,1,,,0,no website,272,false,ChIJuSqIz0xw1oYRWhMrRezDRJ4,5,30,arizonaflowermarkettucson.com; arizonaflowermarketaz.com
SavOn Flowers,"1665 E 18th St Ste 111, Tucson, AZ 85719, USA",+1 520-323-7323,florist,sam-hughes-university,https://maps.google.com/?q=SavOn%20Flowers%201665%20E%2018th%20St%20Ste%20111%2C%20Tucson%2C%20AZ%2085719%2C%20USA,http://www.savonflowers.com/,2,custom/unknown,GoDaddy.com,0,has website,273,false,ChIJL_Yef7Zx1oYR_yJ_lYOsT_A,4.4,37,
440 & Co.,"440 N 4th Ave, Tucson, AZ 85705, USA",+1 520-651-7404,florist,sam-hughes-university,https://maps.google.com/?q=440%20%26%20Co.%20440%20N%204th%20Ave%2C%20Tucson%2C%20AZ%2085705%2C%20USA,https://fourfortyco.com/,2,custom/unknown,GoDaddy.com,0,has website,274,false,ChIJVVWVdCRx1oYRhzqTwsWH_GY,5,35,
Flores Concepts,"843 E 18th St, Tucson, AZ 85719, USA",,florist,sam-hughes-university,https://maps.google.com/?q=Flores%20Concepts%20843%20E%2018th%20St%2C%20Tucson%2C%20AZ%2085719%2C%20USA,https://www.floresconcepts.com/careers/index.html,2,wordpress,GoDaddy.com,0,has website,275,false,ChIJXxdR2_Bw1oYRmHMq88tR0CA,,,
Thistle,"439 N 6th Ave #179, Tucson, AZ 85705, USA",+1 520-812-2687,florist,sam-hughes-university,https://maps.google.com/?q=Thistle%20439%20N%206th%20Ave%20%23179%2C%20Tucson%2C%20AZ%2085705%2C%20USA,http://thistletucson.com/,2,weebly,Register.com - Network Solutions,0,has website,276,false,ChIJJ6ZiTzBx1oYRvNqW4PcNGw0,4.9,53,
The Green Room Flowers LLC,"71 E Pennington St, Tucson, AZ 85701, USA",+1 520-273-1986,florist,sam-hughes-university,https://maps.google.com/?q=The%20Green%20Room%20Flowers%20LLC%2071%20E%20Pennington%20St%2C%20Tucson%2C%20AZ%2085701%2C%20USA,https://thegreenroomflowers.com/,2,shopify,Tucows Domains Inc.,0,has website,277,false,ChIJCdm1E7tx1oYRRDXhm3gNpZ0,4,41,
Buds Blooms and Bad Asses LLC,"101 W 6th St, Tucson, AZ 85701, USA",+1 520-789-5173,florist,sam-hughes-university,https://maps.google.com/?q=Buds%20Blooms%20and%20Bad%20Asses%20LLC%20101%20W%206th%20St%2C%20Tucson%2C%20AZ%2085701%2C%20USA,http://budsbloomsandbadasses.com/,2,custom/unknown,GoDaddy.com,0,has website,278,false,ChIJD9r_vTJx1oYRSxzOT0gSbAU,4.9,125,
Five Points Flowers,"804 S 6th Ave, Tucson, AZ 85701, USA",+1 520-248-5948,florist,sam-hughes-university,https://maps.google.com/?q=Five%20Points%20Flowers%20804%20S%206th%20Ave%2C%20Tucson%2C%20AZ%2085701%2C%20USA,http://www.fivepointsflowerstucson.com/,2,wix,GoDaddy.com,0,has website,279,false,ChIJq6oesuhw1oYR76O-pm6cpX0,4.4,16,
Studio Brambles,"657 W St Marys Rd, Tucson, AZ 85701, USA",,florist,sam-hughes-university,https://maps.google.com/?q=Studio%20Brambles%20657%20W%20St%20Marys%20Rd%2C%20Tucson%2C%20AZ%2085701%2C%20USA,http://studiobrambles.com/,2,squarespace,Squarespace Domains LLC,0,has website,280,false,ChIJqwAoJZX1KEQRVSHAwkJA1Eg,4.8,6,
Peyote Flowers Huichol Culture,"168 S Freeway, Tucson, AZ 85745, USA",,florist,sam-hughes-university,https://maps.google.com/?q=Peyote%20Flowers%20Huichol%20Culture%20168%20S%20Freeway%2C%20Tucson%2C%20AZ%2085745%2C%20USA,,1,,,0,no website,281,false,ChIJj2GQy9hw1oYRXytSp0zde3o,,,peyoteflowershuicholculture.com; peyoteflowershuicholculturetucson.com
Lily's Price Davis Flower Delivery,"1420 N Oracle Rd, Tucson, AZ 85705, USA",+1 520-524-6710,florist,sam-hughes-university,https://maps.google.com/?q=Lily%27s%20Price%20Davis%20Flower%20Delivery%201420%20N%20Oracle%20Rd%2C%20Tucson%2C%20AZ%2085705%2C%20USA,,1,,,0,no website,282,false,ChIJpYcJ2jZx1oYREXpoz4jt_Xk,2,2,lilyspricedavisflowerdelivery.com; lilyspricedavisflowerdeliverytucson.com
Fry's Food And Drug,"555 E Grant Rd, Tucson, AZ 85705, USA",+1 520-622-1976,florist,sam-hughes-university,https://maps.google.com/?q=Fry%27s%20Food%20And%20Drug%20555%20E%20Grant%20Rd%2C%20Tucson%2C%20AZ%2085705%2C%20USA,http://www.frysfood.com/stores/details/660/00021?cid=loc66000021_gmb,2,,Network Solutions,0,has website,283,false,ChIJz-CP_3Fx1oYRl7_I6NusDgo,4,2016,
Florist of Tucson,"710 W Carmen Pl, Tucson, AZ 85705, USA",+1 520-433-1920,florist,sam-hughes-university,https://maps.google.com/?q=Florist%20of%20Tucson%20710%20W%20Carmen%20Pl%2C%20Tucson%2C%20AZ%2085705%2C%20USA,,1,,,0,no website,284,false,ChIJ15aP34lx1oYRDV6R0yjdN8I,4.9,36,floristoftucsontucson.com; floristoftucsonaz.com
University of Arizona Campus Store,"1209 E University Blvd, Tucson, AZ 85721, USA",+1 520-621-2426,book_store,sam-hughes-university,https://maps.google.com/?q=University%20of%20Arizona%20Campus%20Store%201209%20E%20University%20Blvd%2C%20Tucson%2C%20AZ%2085721%2C%20USA,http://shop.arizona.edu/,2,custom/unknown,unregistered,0,has website,285,false,ChIJWe0cPAdx1oYRdp1IZlVus8o,4.5,1375,
UA Medical BookStore (AHSC),"1501 N Campbell Ave, Tucson, AZ 85724, USA",+1 520-626-6669,book_store,sam-hughes-university,https://maps.google.com/?q=UA%20Medical%20BookStore%20%28AHSC%29%201501%20N%20Campbell%20Ave%2C%20Tucson%2C%20AZ%2085724%2C%20USA,https://shop.arizona.edu/medical,2,custom/unknown,unregistered,0,has website,286,false,ChIJ_cJWQaZx1oYRQvs-N1UQ1as,4,8,
Book Stop,"214 N 4th Ave, Tucson, AZ 85705, USA",+1 520-326-6661,book_store,sam-hughes-university,https://maps.google.com/?q=Book%20Stop%20214%20N%204th%20Ave%2C%20Tucson%2C%20AZ%2085705%2C%20USA,http://www.bookstoptucson.com/,2,custom/unknown,Bluehost Inc.,0,has website,287,false,ChIJEQnNfR1x1oYR5pJPiI8UK0I,4.6,145,
Antigone Books,"411 N 4th Ave, Tucson, AZ 85705, USA",+1 520-792-3715,book_store,sam-hughes-university,https://maps.google.com/?q=Antigone%20Books%20411%20N%204th%20Ave%2C%20Tucson%2C%20AZ%2085705%2C%20USA,http://www.antigonebooks.com/,2,drupal,Network Solutions,0,has website,288,false,ChIJRzk_VRxx1oYRxbBFQh6HNyM,4.7,862,
The Collectors' Territory,"330 E 7th St, Tucson, AZ 85705, USA",+1 520-624-4418,book_store,sam-hughes-university,https://maps.google.com/?q=The%20Collectors%27%20Territory%20330%20E%207th%20St%2C%20Tucson%2C%20AZ%2085705%2C%20USA,https://www.harleystoysandcomics.com/,2,,NameCheap,0,has website,289,false,ChIJPS2uT9dz1oYR0fDxqEyvBKY,4.1,224,
Otaku Nation,"2900 E Broadway Blvd #134, Tucson, AZ 85716, USA",+1 520-207-6885,book_store,sam-hughes-university,https://maps.google.com/?q=Otaku%20Nation%202900%20E%20Broadway%20Blvd%20%23134%2C%20Tucson%2C%20AZ%2085716%2C%20USA,https://otakunationaz.shop/,2,custom/unknown,unknown,0,has website,290,false,ChIJ6eQmU9dx1oYRGiFhpRILEoQ,4,215,
"Tucson Comic Con, LLC","260 S Church Ave, Tucson, AZ 85701, USA",,book_store,sam-hughes-university,https://maps.google.com/?q=Tucson%20Comic%20Con%2C%20LLC%20260%20S%20Church%20Ave%2C%20Tucson%2C%20AZ%2085701%2C%20USA,https://www.tucsoncomic-con.com/,2,wordpress,GoDaddy.com,0,has website,291,false,ChIJ0RbxSPJx1oYRmzZr6n3A-Ww,5,3,
Pima Community College Bookstore - Downtown,"1255 N Stone Ave, Tucson, AZ 85709, USA",+1 520-206-7272,book_store,sam-hughes-university,https://maps.google.com/?q=Pima%20Community%20College%20Bookstore%20-%20Downtown%201255%20N%20Stone%20Ave%2C%20Tucson%2C%20AZ%2085709%2C%20USA,https://pima.bncollege.com/,2,custom/unknown,unregistered,0,has website,292,false,ChIJzfy4YBZx1oYR0MtmEIRP2-g,4.5,12,
Follett Higher Education Group,"1255 N Stone Ave, Tucson, AZ 85709, USA",+1 520-628-1115,book_store,sam-hughes-university,https://maps.google.com/?q=Follett%20Higher%20Education%20Group%201255%20N%20Stone%20Ave%2C%20Tucson%2C%20AZ%2085709%2C%20USA,https://www.follett.com/higher-ed,2,custom/unknown,CSC Corporate Domains,0,has website,293,false,ChIJtXDbaxZx1oYRmRZueRIAwqY,5,1,
"Midtown Mercantile Merchants, LLC","3330 E Speedway Blvd, Tucson, AZ 85716, USA",+1 520-777-7275,book_store,sam-hughes-university,https://maps.google.com/?q=Midtown%20Mercantile%20Merchants%2C%20LLC%203330%20E%20Speedway%20Blvd%2C%20Tucson%2C%20AZ%2085716%2C%20USA,http://midtownmm.com/,2,,GoDaddy.com,0,has website,294,false,ChIJrc1zRitu1oYRw6HvjbbZrGM,4.6,662,
R-Galaxy,"2406 N Campbell Ave, Tucson, AZ 85719, USA",+1 520-322-0422,book_store,sam-hughes-university,https://maps.google.com/?q=R-Galaxy%202406%20N%20Campbell%20Ave%2C%20Tucson%2C%20AZ%2085719%2C%20USA,https://r-galaxy.com/comics/,2,custom/unknown,Network Solutions,0,has website,295,false,ChIJs2IjuJhx1oYRR5jOYJsaDLs,4.5,287,
Fantasy Comics,"2595 N 1st Ave, Tucson, AZ 85719, USA",+1 520-670-0100,book_store,sam-hughes-university,https://maps.google.com/?q=Fantasy%20Comics%202595%20N%201st%20Ave%2C%20Tucson%2C%20AZ%2085719%2C%20USA,http://www.fantasycomics2595.com/,2,,Network Solutions,0,has website,297,false,ChIJNwdqyHFx1oYRW9DQ6KmxilQ,4.6,399,
Friends Book Barn,"2230 N Country Club Rd, Tucson, AZ 85716, USA",+1 520-795-3763,book_store,sam-hughes-university,https://maps.google.com/?q=Friends%20Book%20Barn%202230%20N%20Country%20Club%20Rd%2C%20Tucson%2C%20AZ%2085716%2C%20USA,http://www.pimafriends.com/,2,wordpress,GoDaddy.com,0,has website,298,false,ChIJH_DFDnNx1oYRYNBnuEDd7cw,4.5,19,
Desierto Books,"267 South Avenida del Convento STE 105, Tucson, AZ 85745, USA",+1 520-372-7553,book_store,sam-hughes-university,https://maps.google.com/?q=Desierto%20Books%20267%20South%20Avenida%20del%20Convento%20STE%20105%2C%20Tucson%2C%20AZ%2085745%2C%20USA,http://www.desiertobooks.com/,2,squarespace,Network Solutions,0,has website,299,false,ChIJg8N4PVFx1oYRpMQIpTx6o4Y,4.9,26,
Carmelite Media,"1540 E Glenn St, Tucson, AZ 85719, USA",+1 630-929-4040,book_store,sam-hughes-university,https://maps.google.com/?q=Carmelite%20Media%201540%20E%20Glenn%20St%2C%20Tucson%2C%20AZ%2085719%2C%20USA,https://publications.carmelitemedia.org/pages/contact-us,2,shopify,unknown,0,has website,300,false,ChIJQQUGDZ1x1oYROfIHEiwQeHM,,,
Arunachalananda SEVA Center,"2448 N Estrella Ave, Tucson, AZ 85705, USA",+1 520-616-8020,book_store,sam-hughes-university,https://maps.google.com/?q=Arunachalananda%20SEVA%20Center%202448%20N%20Estrella%20Ave%2C%20Tucson%2C%20AZ%2085705%2C%20USA,,1,,,0,no website,301,false,ChIJa-MWOWlx1oYRS-56I7_Pr98,,,arunachalanandasevacenter.com; arunachalanandasevacentertucson.com
Flandrau Science Center and Planetarium,"1601 E University Blvd, Tucson, AZ 85721, USA",+1 520-621-4516,gift_shop,sam-hughes-university,https://maps.google.com/?q=Flandrau%20Science%20Center%20and%20Planetarium%201601%20E%20University%20Blvd%2C%20Tucson%2C%20AZ%2085721%2C%20USA,https://flandrau.org/,2,drupal,GoDaddy.com,0,has website,302,false,ChIJp3UeLqpx1oYRRe6Rx9wXi2c,4.5,276,
Shop by FORS,"2020 E Broadway Blvd, Tucson, AZ 85719, USA",+1 520-795-9888,gift_shop,sam-hughes-university,https://maps.google.com/?q=Shop%20by%20FORS%202020%20E%20Broadway%20Blvd%2C%20Tucson%2C%20AZ%2085719%2C%20USA,http://forsshop.com/,2,custom/unknown,TurnCommerce,0,has website,303,false,ChIJmXfpPeJw1oYRTQwiWfEhR48,5,4,
Tucson Eclectic Treasures,"139 S Olsen Ave, Tucson, AZ 85719, USA",+1 520-333-7879,gift_shop,sam-hughes-university,https://maps.google.com/?q=Tucson%20Eclectic%20Treasures%20139%20S%20Olsen%20Ave%2C%20Tucson%2C%20AZ%2085719%2C%20USA,http://mkt.com/tucson-eclectic-treasures,2,custom/unknown,CSC Corporate Domains,0,has website,304,false,ChIJ41eotlFw1oYRpSA66D6egW0,5,1,
Pink Moon Mercantile,"845 N Park Ave, Tucson, AZ 85719, USA",+1 520-372-7380,gift_shop,sam-hughes-university,https://maps.google.com/?q=Pink%20Moon%20Mercantile%20845%20N%20Park%20Ave%2C%20Tucson%2C%20AZ%2085719%2C%20USA,http://www.pinkmoonmercantile.com/,2,custom/unknown,GoDaddy.com,0,has website,305,false,ChIJxVOKYRFx1oYRsAy4LDi22Lw,4.4,16,
Ben's Bells | Main Gate Studio,"816 E University Blvd, Tucson, AZ 85719, USA",+1 520-622-1379,gift_shop,sam-hughes-university,https://maps.google.com/?q=Ben%27s%20Bells%20%7C%20Main%20Gate%20Studio%20816%20E%20University%20Blvd%2C%20Tucson%2C%20AZ%2085719%2C%20USA,https://bensbells.org/,2,wordpress,GoDaddy.com,0,has website,306,false,ChIJJ3STaARx1oYRpC5vkx7U4ds,4.9,14,
Miller Curio Co,"1724 E Speedway Blvd, Tucson, AZ 85719, USA",+1 520-235-8855,gift_shop,sam-hughes-university,https://maps.google.com/?q=Miller%20Curio%20Co%201724%20E%20Speedway%20Blvd%2C%20Tucson%2C%20AZ%2085719%2C%20USA,,1,,,0,no website,307,false,ChIJr-9D3qhx1oYRSZwLzigCpMo,4.5,4,millercurioco.com; millercuriocotucson.com
Deco: An Illuminating Experience,"331 S Olsen Ave, Tucson, AZ 85719, USA",+1 520-319-0888,gift_shop,sam-hughes-university,https://maps.google.com/?q=Deco%3A%20An%20Illuminating%20Experience%20331%20S%20Olsen%20Ave%2C%20Tucson%2C%20AZ%2085719%2C%20USA,http://ignitemuseum.com/,2,weebly,Squarespace Domains II LLC,0,has website,308,false,ChIJm9anKE9w1oYRuC7SqBJuJtc,5,2,
Broken Heart Art,"1377 E 17th St, Tucson, AZ 85719, USA",+1 520-349-8170,gift_shop,sam-hughes-university,https://maps.google.com/?q=Broken%20Heart%20Art%201377%20E%2017th%20St%2C%20Tucson%2C%20AZ%2085719%2C%20USA,,1,,,0,no website,309,false,ChIJg_vTCHBx1oYRQ5sVCZ_95jQ,3,2,brokenheartarttucson.com; brokenheartartaz.com
Hola Chingona,"412 E 7th St, Tucson, AZ 85705, USA",,gift_shop,sam-hughes-university,https://maps.google.com/?q=Hola%20Chingona%20412%20E%207th%20St%2C%20Tucson%2C%20AZ%2085705%2C%20USA,http://shopholachingona.com/,2,shopify,Domainsovereigns.com LLC,0,has website,310,false,ChIJqWW-FFxx1oYRQ_ZTlq3iyW4,3.6,9,
"Sunny Days Gifts, Decor & More","2605 E Broadway Blvd, Tucson, AZ 85716, USA",+1 520-724-0535,gift_shop,sam-hughes-university,https://maps.google.com/?q=Sunny%20Days%20Gifts%2C%20Decor%20%26%20More%202605%20E%20Broadway%20Blvd%2C%20Tucson%2C%20AZ%2085716%2C%20USA,https://sunnydaystucson.com/,2,wix,Wix.com Ltd.,0,has website,311,false,ChIJfXxpMS3a4GQRNkshrpUGzwM,5,5,
Pop Cycle,"422 N 4th Ave, Tucson, AZ 85705, USA",+1 520-622-3297,gift_shop,sam-hughes-university,https://maps.google.com/?q=Pop%20Cycle%20422%20N%204th%20Ave%2C%20Tucson%2C%20AZ%2085705%2C%20USA,http://www.popcycleshop.com/?utm_source=GMBListing&utm_medium=organic,2,shopify,GoDaddy.com,0,has website,312,false,ChIJf_oPVhxx1oYRDkRXjUaeGCs,4.8,192,
El Regalo,"320 E Congress St, Tucson, AZ 85701, USA",+1 520-740-1000,gift_shop,sam-hughes-university,https://maps.google.com/?q=El%20Regalo%20320%20E%20Congress%20St%2C%20Tucson%2C%20AZ%2085701%2C%20USA,https://elregalotucson.com/,2,shopify,IONOS SE,0,has website,313,false,ChIJnYLRDplx1oYRrOo-OVVsXRE,,,
Sagebrush | Saguaro,"735 N 4th Ave, Tucson, AZ 85705, USA",+1 520-443-0520,gift_shop,sam-hughes-university,https://maps.google.com/?q=Sagebrush%20%7C%20Saguaro%20735%20N%204th%20Ave%2C%20Tucson%2C%20AZ%2085705%2C%20USA,https://www.sagebrushsaguaro.com/,2,custom/unknown,PDR Ltd. d/b/a PublicDomainRegistry.com,0,has website,314,false,ChIJWVe78ahx1oYRgftp11IUW28,5,10,
Arizona Poppy,"150 S 4th Ave, Tucson, AZ 85701, USA",+1 480-297-6211,gift_shop,sam-hughes-university,https://maps.google.com/?q=Arizona%20Poppy%20150%20S%204th%20Ave%2C%20Tucson%2C%20AZ%2085701%2C%20USA,http://www.instagram.com/arizonapoppyshop,2,custom/unknown,RegistrarSafe,0,has website,315,false,ChIJvRTfzNtx1oYR5UNAx4Vbf7Y,5,187,
Brake Masters #102,"1935 E Broadway Blvd, Tucson, AZ 85719, USA",+1 520-762-4014,car_repair,sam-hughes-university,https://maps.google.com/?q=Brake%20Masters%20%23102%201935%20E%20Broadway%20Blvd%2C%20Tucson%2C%20AZ%2085719%2C%20USA,https://www.brakemasters.com/stores/1935-e-broadway-tucson-az/,2,wordpress,GoDaddy.com,0,has website,316,false,ChIJX8oLb1Fw1oYRNtXT0_ZhTlo,4.4,370,
Complete Car Care,"Tucson, AZ 85719, USA",,car_repair,sam-hughes-university,https://maps.google.com/?q=Complete%20Car%20Care%20Tucson%2C%20AZ%2085719%2C%20USA,,1,,,0,no website,317,false,ChIJL365ZVFw1oYRt-3-FEhqa54,,,completecarcaretucson.com; completecarcarearizona.com
Aapak Auto Truck & Ac Parts,"1026 E Broadway Blvd, Tucson, AZ 85719, USA",,car_repair,sam-hughes-university,https://maps.google.com/?q=Aapak%20Auto%20Truck%20%26%20Ac%20Parts%201026%20E%20Broadway%20Blvd%2C%20Tucson%2C%20AZ%2085719%2C%20USA,,1,,,0,no website,318,false,ChIJPTzeu_5w1oYRSkhFSKvpCW4,5,1,aapakautotruckacparts.com; aapakautotruckacpartstucson.com
"AAG Collision, Glass & Tint","227 South Kino Pkwy, Tucson, AZ 85719, USA",+1 520-263-9333,car_repair,sam-hughes-university,https://maps.google.com/?q=AAG%20Collision%2C%20Glass%20%26%20Tint%20227%20South%20Kino%20Pkwy%2C%20Tucson%2C%20AZ%2085719%2C%20USA,https://www.collisionandglasstucson.com/,2,custom/unknown,GoDaddy.com,0,has website,319,false,ChIJK6QRIvxu1oYRVAJkN5kEWd0,4.6,394,
Wrapp Starr,"2030 E Broadway Blvd Suite 222, Tucson, AZ 85719, USA",+1 520-600-1149,car_repair,sam-hughes-university,https://maps.google.com/?q=Wrapp%20Starr%202030%20E%20Broadway%20Blvd%20Suite%20222%2C%20Tucson%2C%20AZ%2085719%2C%20USA,http://wrappstarr.fun/,2,wordpress,"HOSTINGER operations, UAB",0,has website,320,false,ChIJdT3dYANx1oYRMnFGUdW6r9g,4.6,29,
Tony's Automotive,"130 S Olsen Ave, Tucson, AZ 85719, USA",+1 520-882-3645,car_repair,sam-hughes-university,https://maps.google.com/?q=Tony%27s%20Automotive%20130%20S%20Olsen%20Ave%2C%20Tucson%2C%20AZ%2085719%2C%20USA,,1,,,0,no website,321,false,ChIJ7ZxRr1Fw1oYRK6ADHI4HOPs,4.7,47,tonysautomotivetucson.com; tonysautomotiveaz.com
Hammett's Garage,"145 S Olsen Ave, Tucson, AZ 85719, USA",+1 520-623-7686,car_repair,sam-hughes-university,https://maps.google.com/?q=Hammett%27s%20Garage%20145%20S%20Olsen%20Ave%2C%20Tucson%2C%20AZ%2085719%2C%20USA,http://hammettsgarage.com/,2,custom/unknown,GoDaddy.com,0,has website,322,false,ChIJt5guslFw1oYRU1UptNL3jgc,4.7,144,
Intoxalock Ignition Interlock,"145 S Olsen Ave, Tucson, AZ 85719, USA",+1 520-829-4397,car_repair,sam-hughes-university,https://maps.google.com/?q=Intoxalock%20Ignition%20Interlock%20145%20S%20Olsen%20Ave%2C%20Tucson%2C%20AZ%2085719%2C%20USA,https://www.intoxalock.com/locations/az/tucson/145-s-olsen-ave-10372?utm_medium=yext&utm_source=GMB&y_source=1_MjkwNjgzMzQtNzE1LWxvY2F0aW9uLndlYnNpdGU%3D,2,custom/unknown,Network Solutions,0,has website,323,false,ChIJywS5bdZx1oYRvfPpB4hrKXY,,,
Intoxalock Ignition Interlock,"242 S Olsen Ave, Tucson, AZ 85719, USA",+1 520-600-2128,car_repair,sam-hughes-university,https://maps.google.com/?q=Intoxalock%20Ignition%20Interlock%20242%20S%20Olsen%20Ave%2C%20Tucson%2C%20AZ%2085719%2C%20USA,https://www.intoxalock.com/locations/az/tucson/242-s-olsen-ave-6611?utm_medium=yext&utm_source=GMB&y_source=1_MTUzNzk1MTMtNzE1LWxvY2F0aW9uLndlYnNpdGU%3D,2,custom/unknown,Network Solutions,0,has website,324,false,ChIJm-b7LyNx1oYR6-sqI2dNMg8,4.3,23,
Breathe Easy Automotive,"242 S Olsen Ave, Tucson, AZ 85719, USA",+1 520-623-9518,car_repair,sam-hughes-university,https://maps.google.com/?q=Breathe%20Easy%20Automotive%20242%20S%20Olsen%20Ave%2C%20Tucson%2C%20AZ%2085719%2C%20USA,http://www.breatheeasyautotucson.com/,2,custom/unknown,NameCheap,0,has website,326,false,ChIJdzEQWj5x1oYRnQbxY63a0KQ,4.7,198,
Milligan's Auto Repair,"1914 E 14th St, Tucson, AZ 85719, USA",+1 520-884-8954,car_repair,sam-hughes-university,https://maps.google.com/?q=Milligan%27s%20Auto%20Repair%201914%20E%2014th%20St%2C%20Tucson%2C%20AZ%2085719%2C%20USA,,1,,,0,no website,327,false,ChIJ_YXVoVBw1oYRVHaSW7iiKhA,4.5,22,milligansautorepairtucson.com; milligansautorepairaz.com
Affordable Auto Painting,"282 S Plumer Ave, Tucson, AZ 85719, USA",+1 520-745-8023,car_repair,sam-hughes-university,https://maps.google.com/?q=Affordable%20Auto%20Painting%20282%20S%20Plumer%20Ave%2C%20Tucson%2C%20AZ%2085719%2C%20USA,http://affordableautopaintingtucson.com/,2,wix,Squarespace Domains II LLC,0,has website,328,false,ChIJ5-FTFlBw1oYR-4hzfqB6gd0,4.7,187,
Albert's Auto Care,"191 S Plumer Ave, Tucson, AZ 85719, USA",+1 520-622-7270,car_repair,sam-hughes-university,https://maps.google.com/?q=Albert%27s%20Auto%20Care%20191%20S%20Plumer%20Ave%2C%20Tucson%2C%20AZ%2085719%2C%20USA,https://www.albertsautocare.com/,2,custom/unknown,GoDaddy.com,0,has website,329,false,ChIJidbQMPJx1oYRWGpO9vMsEC8,5,9,
Geico Auto Repair Xpress,"S Euclid Ave, Tucson, AZ 85719, USA",,car_repair,sam-hughes-university,https://maps.google.com/?q=Geico%20Auto%20Repair%20Xpress%20S%20Euclid%20Ave%2C%20Tucson%2C%20AZ%2085719%2C%20USA,,1,,,0,no website,330,false,ChIJBZaoYvxw1oYR_oh-U_Y3FYE,1,1,geicoautorepairxpress.com; geicoautorepairxpresstucson.com
Jc Ramirez Automatic Transmission & Automotive LLC,"341 S Olsen Ave, Tucson, AZ 85719, USA",,car_repair,sam-hughes-university,https://maps.google.com/?q=Jc%20Ramirez%20Automatic%20Transmission%20%26%20Automotive%20LLC%20341%20S%20Olsen%20Ave%2C%20Tucson%2C%20AZ%2085719%2C%20USA,,1,,,0,no website,331,false,ChIJbVI0PABx1oYR6KwglbouoKw,,,jcramirezautomatictransmissionautomotive.com; jcramirezautomatictransmissionautomotivetucson.com
A-Z mobile auto mechanic LLC,"341 S Olsen Ave, Tucson, AZ 85719, USA",+1 520-891-8632,car_repair,sam-hughes-university,https://maps.google.com/?q=A-Z%20mobile%20auto%20mechanic%20LLC%20341%20S%20Olsen%20Ave%2C%20Tucson%2C%20AZ%2085719%2C%20USA,,1,,,0,no website,332,false,ChIJfx_-vEN71oYRAYNpJmp53K8,4.4,13,azmobileautomechanic.com; azmobileautomechanictucson.com
Intoxalock Ignition Interlock,"341 S Olsen Ave, Tucson, AZ 85719, USA",+1 520-600-2121,car_repair,sam-hughes-university,https://maps.google.com/?q=Intoxalock%20Ignition%20Interlock%20341%20S%20Olsen%20Ave%2C%20Tucson%2C%20AZ%2085719%2C%20USA,https://www.intoxalock.com/locations/az/tucson/3353-n-1st-ave-5180?utm_medium=yext&utm_source=GMB&y_source=1_MTUzNzg2MTQtNzE1LWxvY2F0aW9uLndlYnNpdGU%3D,2,custom/unknown,Network Solutions,0,has website,333,false,ChIJ2-n-Iy9z1oYROi2rps9g1L0,2.3,7,
Caliber Auto Glass,"721 E 12th St, Tucson, AZ 85719, USA",+1 888-461-0010,car_repair,sam-hughes-university,https://maps.google.com/?q=Caliber%20Auto%20Glass%20721%20E%2012th%20St%2C%20Tucson%2C%20AZ%2085719%2C%20USA,https://www.caliber.com/find-a-location/Tucson-glass-85719?utm_source=google&utm_medium=gbp-profile&utm_campaign=webform-GBPwebsite&utm_content=&utm_term=&utm_id=0967,2,custom/unknown,Network Solutions,0,has website,334,false,ChIJccn0r6511oYRg82l9vyYKnI,4.9,62,
Caliber Collision,"721 E 12th St, Tucson, AZ 85719, USA",+1 520-903-9119,car_repair,sam-hughes-university,https://maps.google.com/?q=Caliber%20Collision%20721%20E%2012th%20St%2C%20Tucson%2C%20AZ%2085719%2C%20USA,https://www.caliber.com/find-a-location/tucson-university?utm_source=google&utm_medium=gbp-profile&utm_campaign=webform-GBPwebsite&utm_content=&utm_term=&utm_id=0966,2,custom/unknown,Network Solutions,0,has website,335,false,ChIJa_Ckhvxw1oYRUSTsA_M_f8Y,4.7,798,
Car Genie Mobile Car Wash and Detail,"1788 E Speedway Blvd, Tucson, AZ 85719, USA",+1 877-339-3133,car_wash,sam-hughes-university,https://maps.google.com/?q=Car%20Genie%20Mobile%20Car%20Wash%20and%20Detail%201788%20E%20Speedway%20Blvd%2C%20Tucson%2C%20AZ%2085719%2C%20USA,https://www.cargeniemobiledetail.com/,2,custom/unknown,Tucows Domains Inc.,0,has website,336,false,ChIJG_Ta0Khx1oYRpspmOD_ppkQ,2.7,6,
Mister Car Wash,"730 E Broadway Blvd, Tucson, AZ 85719, USA",+1 520-623-2923,car_wash,sam-hughes-university,https://maps.google.com/?q=Mister%20Car%20Wash%20730%20E%20Broadway%20Blvd%2C%20Tucson%2C%20AZ%2085719%2C%20USA,https://mistercarwash.com/store/euclid/?utm_source=google&utm_medium=organic&utm_campaign=gbp,2,wordpress,Network Solutions,0,has website,337,false,ChIJZVdUZYFx1oYRKOn4M-v7n7k,4.4,371,
Kevin’s Auto shine 520,"127 S 4th Ave, Tucson, AZ 85713, USA",+1 708-275-5896,car_wash,sam-hughes-university,https://maps.google.com/?q=Kevin%E2%80%99s%20Auto%20shine%20520%20127%20S%204th%20Ave%2C%20Tucson%2C%20AZ%2085713%2C%20USA,,1,,,0,no website,338,false,ChIJFbl0KV9x1oYRJur8ap_zLR0,,,kevinsautoshine520.com; kevinsautoshine520tucson.com
Mister Car Wash Headquarters,"222 East 5th Street, Tucson, AZ 85705, USA",+1 520-615-4000,car_wash,sam-hughes-university,https://maps.google.com/?q=Mister%20Car%20Wash%20Headquarters%20222%20East%205th%20Street%2C%20Tucson%2C%20AZ%2085705%2C%20USA,https://mistercarwash.com/,2,wordpress,Network Solutions,0,has website,339,false,ChIJSyyzi0Zx1oYR9-A3MTkYKp0,2.6,110,
Mister Car Wash South Campus Headquarters,"415 N 6th Ave, Tucson, AZ 85705, USA",+1 520-615-4000,car_wash,sam-hughes-university,https://maps.google.com/?q=Mister%20Car%20Wash%20South%20Campus%20Headquarters%20415%20N%206th%20Ave%2C%20Tucson%2C%20AZ%2085705%2C%20USA,http://www.mistercarwash.com/,2,wordpress,Network Solutions,0,has website,340,false,ChIJdbOEmx5x1oYR5cwF7bnrL2A,4.1,17,
Hurricane Car Wash,"909 E 22nd St, Tucson, AZ 85713, USA",+1 520-345-2648,car_wash,sam-hughes-university,https://maps.google.com/?q=Hurricane%20Car%20Wash%20909%20E%2022nd%20St%2C%20Tucson%2C%20AZ%2085713%2C%20USA,https://dynamitecwc.com/hurricane-car-wash/,2,custom/unknown,GoDaddy.com,0,has website,341,false,ChIJpVvhZPRw1oYRr91Q6OGoZBs,3,178,
Mister Car Wash,"3101 E Speedway Blvd, Tucson, AZ 85716, USA",+1 520-327-5656,car_wash,sam-hughes-university,https://maps.google.com/?q=Mister%20Car%20Wash%203101%20E%20Speedway%20Blvd%2C%20Tucson%2C%20AZ%2085716%2C%20USA,https://mistercarwash.com/store/speedway/?utm_source=google&utm_medium=organic&utm_campaign=gbp,2,wordpress,Network Solutions,0,has website,342,false,ChIJ9ywT6XNx1oYR3mh-0TIRMLc,4,675,
Tucson Self Wash,"2630 E 22nd St, Tucson, AZ 85713, USA",+1 520-909-0975,car_wash,sam-hughes-university,https://maps.google.com/?q=Tucson%20Self%20Wash%202630%20E%2022nd%20St%2C%20Tucson%2C%20AZ%2085713%2C%20USA,http://tucsonselfwash.com/,2,,GoDaddy.com,0,has website,343,false,ChIJs1t5WjJx1oYR-FaTrSk_gO0,4,207,
Viking Car Wash,"1120 S 6th Ave, Tucson, AZ 85701, USA",+1 520-882-2702,car_wash,sam-hughes-university,https://maps.google.com/?q=Viking%20Car%20Wash%201120%20S%206th%20Ave%2C%20Tucson%2C%20AZ%2085701%2C%20USA,http://vikingcarwashtucson.com/,2,custom/unknown,Cloudflare,0,has website,344,false,ChIJlbWMwY5x1oYR35JMM0HYFCU,2.7,177,
Car Wash,"420 W 22nd St, Tucson, AZ 85713, USA",,car_wash,sam-hughes-university,https://maps.google.com/?q=Car%20Wash%20420%20W%2022nd%20St%2C%20Tucson%2C%20AZ%2085713%2C%20USA,,1,,,0,no website,345,false,ChIJrd-izZlx1oYR5MHcANcoLY8,3.7,106,all taken
Rapid Spray Car Wash,"2628 N 1st Ave, Tucson, AZ 85719, USA",+1 520-325-3250,car_wash,sam-hughes-university,https://maps.google.com/?q=Rapid%20Spray%20Car%20Wash%202628%20N%201st%20Ave%2C%20Tucson%2C%20AZ%2085719%2C%20USA,,1,,,0,no website,346,false,ChIJxXvNTHBx1oYRNv_xZJp76To,4.5,250,rapidspraycarwash.com; rapidspraycarwashtucson.com
Mister Car Wash,"3150 E Grant Rd, Tucson, AZ 85716, USA",+1 520-881-1486,car_wash,sam-hughes-university,https://maps.google.com/?q=Mister%20Car%20Wash%203150%20E%20Grant%20Rd%2C%20Tucson%2C%20AZ%2085716%2C%20USA,https://mistercarwash.com/store/e-grant/?utm_source=google&utm_medium=organic&utm_campaign=gbp,2,wordpress,Network Solutions,0,has website,347,false,ChIJ7-2ZHzdx1oYRAJejBhUIBrs,4.3,632,
Cool Cat Laundry,"1108 E 6th St, Tucson, AZ 85719, USA",+1 520-272-7351,laundry,sam-hughes-university,https://maps.google.com/?q=Cool%20Cat%20Laundry%201108%20E%206th%20St%2C%20Tucson%2C%20AZ%2085719%2C%20USA,,1,,,0,no website,348,false,ChIJedeXuQFx1oYRLw3LzDkKtfo,4,131,coolcatlaundry.com; coolcatlaundrytucson.com
Tucson Commercial Cleaning Services,"2030 E Broadway Blvd #5, Tucson, AZ 85719, USA",+1 520-301-7733,laundry,sam-hughes-university,https://maps.google.com/?q=Tucson%20Commercial%20Cleaning%20Services%202030%20E%20Broadway%20Blvd%20%235%2C%20Tucson%2C%20AZ%2085719%2C%20USA,https://commercialcleaningtucsonaz.com/,2,,GoDaddy.com,0,has website,349,false,ChIJCxvf589x1oYR5cgC9Cimdt8,5,10,
Sparkle Cleaners - Tucson,"2449 E 6th St, Tucson, AZ 85719, USA",+1 520-277-2721,laundry,sam-hughes-university,https://maps.google.com/?q=Sparkle%20Cleaners%20-%20Tucson%202449%20E%206th%20St%2C%20Tucson%2C%20AZ%2085719%2C%20USA,https://www.sparklecleaners.com/,2,custom/unknown,Network Solutions,0,has website,350,false,ChIJVUTZ2Exw1oYRJwAG6-01zxM,4.8,1290,
Jani-King Commercial Cleaning of Tucson,"2525 E Broadway Blvd UNIT 105, Tucson, AZ 85716, USA",+1 520-745-6555,laundry,sam-hughes-university,https://maps.google.com/?q=Jani-King%20Commercial%20Cleaning%20of%20Tucson%202525%20E%20Broadway%20Blvd%20UNIT%20105%2C%20Tucson%2C%20AZ%2085716%2C%20USA,https://www.janiking.com/commercial-cleaning/tucson/,2,wordpress,eNom,0,has website,351,false,ChIJrz7ZyM1x1oYRtd7HZSvvuzM,4.2,18,
Eldon Drapery Carpet & Upholstery Cleaners,"1406 N 1st Ave, Tucson, AZ 85719, USA",+1 520-622-7774,laundry,sam-hughes-university,https://maps.google.com/?q=Eldon%20Drapery%20Carpet%20%26%20Upholstery%20Cleaners%201406%20N%201st%20Ave%2C%20Tucson%2C%20AZ%2085719%2C%20USA,http://eldontucson.com/,2,wordpress,GoDaddy.com,0,has website,352,false,ChIJpzsQag5x1oYR0PQ4u-MvpSQ,4.8,16,
Sparkle Cleaners - Drachman,"16 W Drachman St, Tucson, AZ 85705, USA",+1 520-438-5788,laundry,sam-hughes-university,https://maps.google.com/?q=Sparkle%20Cleaners%20-%20Drachman%2016%20W%20Drachman%20St%2C%20Tucson%2C%20AZ%2085705%2C%20USA,http://www.sparklecleaners.com/,2,custom/unknown,Network Solutions,0,has website,353,false,ChIJh-5m0BVx1oYRdrMihBNDBDY,4.7,823,
Garcia Cleaners & Shirt Laundry,"205 E 22nd St, Tucson, AZ 85713, USA",+1 520-622-8174,laundry,sam-hughes-university,https://maps.google.com/?q=Garcia%20Cleaners%20%26%20Shirt%20Laundry%20205%20E%2022nd%20St%2C%20Tucson%2C%20AZ%2085713%2C%20USA,,1,,,0,no website,354,false,ChIJZR-oI-xw1oYRPYhmcZPYMBw,4.4,71,garciacleanersshirtlaundry.com; garciacleanersshirtlaundrytucson.com
Mendel's Wife the Tailor - Stone,"1495 N Stone Ave #305, Tucson, AZ 85705, USA",+1 520-464-4649,laundry,sam-hughes-university,https://maps.google.com/?q=Mendel%27s%20Wife%20the%20Tailor%20-%20Stone%201495%20N%20Stone%20Ave%20%23305%2C%20Tucson%2C%20AZ%2085705%2C%20USA,https://www.sparklecleaners.com/alterations-repairs/,2,custom/unknown,Network Solutions,0,has website,355,false,ChIJj0RpyBVx1oYRkwEZBIju9R8,4.1,70,
Santa Rita Suds Laundromat,"1351 S 4th Ave, Tucson, AZ 85713, USA",+1 520-627-1784,laundry,sam-hughes-university,https://maps.google.com/?q=Santa%20Rita%20Suds%20Laundromat%201351%20S%204th%20Ave%2C%20Tucson%2C%20AZ%2085713%2C%20USA,https://www.facebook.com/profile.php?id=61555723625027,2,custom/unknown,RegistrarSafe,0,has website,356,false,ChIJQYDZA-1w1oYRk9rvi4GXgPw,4.2,129,
Asian Trade Rug Company,"2465 N Campbell Ave, Tucson, AZ 85719, USA",+1 520-326-7828,laundry,sam-hughes-university,https://maps.google.com/?q=Asian%20Trade%20Rug%20Company%202465%20N%20Campbell%20Ave%2C%20Tucson%2C%20AZ%2085719%2C%20USA,https://asiantraderugcompany.com/,2,custom/unknown,GoDaddy.com,0,has website,357,false,ChIJdZFT_Ztx1oYRaWZQgr8FMqw,4.9,545,
Express Carpet Care,"2501 N Campbell Ave, Tucson, AZ 85719, USA",+1 520-504-4255,laundry,sam-hughes-university,https://maps.google.com/?q=Express%20Carpet%20Care%202501%20N%20Campbell%20Ave%2C%20Tucson%2C%20AZ%2085719%2C%20USA,,1,,,0,no website,358,false,ChIJdVLRXBVx1oYRcTLxXTL8xFY,5,6,expresscarpetcaretucson.com; expresscarpetcareaz.com
Desert West Cleaning Specialist,"2509 N Campbell Ave, Tucson, AZ 85719, USA",+1 520-577-4808,laundry,sam-hughes-university,https://maps.google.com/?q=Desert%20West%20Cleaning%20Specialist%202509%20N%20Campbell%20Ave%2C%20Tucson%2C%20AZ%2085719%2C%20USA,http://desertwestcleaning.com/,2,wix,GoDaddy.com,0,has website,359,false,ChIJne3XJ5lx1oYRS-QQflfCa7s,4.7,13,
Tumblerama Laundromat,"3024 E 22nd St, Tucson, AZ 85713, USA",+1 520-335-9597,laundry,sam-hughes-university,https://maps.google.com/?q=Tumblerama%20Laundromat%203024%20E%2022nd%20St%2C%20Tucson%2C%20AZ%2085713%2C%20USA,https://www.tumblerama.com/,2,custom/unknown,Network Solutions,0,has website,360,false,ChIJ4_1Rjztx1oYRXZLuyXJsnBY,4.5,18,
Super Cleaners & Whole Sale,"515 E Grant Rd ste 151, Tucson, AZ 85705, USA",+1 520-354-7485,laundry,sam-hughes-university,https://maps.google.com/?q=Super%20Cleaners%20%26%20Whole%20Sale%20515%20E%20Grant%20Rd%20ste%20151%2C%20Tucson%2C%20AZ%2085705%2C%20USA,https://www.supercleaners.store/,2,wix,Tucows Domains Inc.,0,has website,361,false,ChIJDfekOppx1oYRKTNRzru2xQ8,4.8,34,
Super Laundry X,"615 E Grant Rd #161, Tucson, AZ 85705, USA",+1 520-400-4485,laundry,sam-hughes-university,https://maps.google.com/?q=Super%20Laundry%20X%20615%20E%20Grant%20Rd%20%23161%2C%20Tucson%2C%20AZ%2085705%2C%20USA,http://www.superlaundryx.com/,2,wix,GoDaddy.com,0,has website,362,false,ChIJw-UYHHJx1oYR6caRSDg5GEM,3.7,292,
PuroClean of Northeast Tucson,"2517 N 1st Ave, Tucson, AZ 85719, USA",+1 520-524-6306,laundry,sam-hughes-university,https://maps.google.com/?q=PuroClean%20of%20Northeast%20Tucson%202517%20N%201st%20Ave%2C%20Tucson%2C%20AZ%2085719%2C%20USA,https://www.puroclean.com/tucson-az-puroclean-northeast-tucson/,2,custom/unknown,GoDaddy.com,0,has website,363,false,ChIJRe962Ppx1oYRw-wgRVGsN-Y,4.8,16,
Maggie's Professional cleaning and organizing Services,"3660 E 3rd St Apt C20, Tucson, AZ 85716, USA",+1 520-910-4509,laundry,sam-hughes-university,https://maps.google.com/?q=Maggie%27s%20Professional%20cleaning%20and%20organizing%20Services%203660%20E%203rd%20St%20Apt%20C20%2C%20Tucson%2C%20AZ%2085716%2C%20USA,,1,,,0,no website,364,false,ChIJBbYdWepx1oYRr_-9_mczU18,,,maggiesprofessionalcleaningandorganizingservices.com; maggiesprofessionalcleaningandorganizingservicestucson.com
Sparkle Cleaners - Campbell,"2701 N Campbell Ave, Tucson, AZ 85719, USA",+1 520-492-7295,laundry,sam-hughes-university,https://maps.google.com/?q=Sparkle%20Cleaners%20-%20Campbell%202701%20N%20Campbell%20Ave%2C%20Tucson%2C%20AZ%2085719%2C%20USA,http://www.sparklecleaners.com/,2,custom/unknown,Network Solutions,0,has website,365,false,ChIJu-8X4ptx1oYRhSv4YszmWQY,4.8,737,
Karimi Rugs,"2752 N Campbell Ave, Tucson, AZ 85719, USA",+1 520-319-8280,laundry,sam-hughes-university,https://maps.google.com/?q=Karimi%20Rugs%202752%20N%20Campbell%20Ave%2C%20Tucson%2C%20AZ%2085719%2C%20USA,https://karimitucson.com/,2,custom/unknown,Tucows Domains Inc.,0,has website,366,false,ChIJ03eW-e9x1oYRuVRGz78TjMc,4.7,66,
Tucson Locksmith Experts,"2030 E Broadway Blvd Suite 9, Tucson, AZ 85719, USA",+1 520-595-5533,locksmith,sam-hughes-university,https://maps.google.com/?q=Tucson%20Locksmith%20Experts%202030%20E%20Broadway%20Blvd%20Suite%209%2C%20Tucson%2C%20AZ%2085719%2C%20USA,https://tucson-locksmith-experts.com/,2,wordpress,Cloudflare,0,has website,367,false,ChIJR1iFo1Fw1oYRmc3WK8-uEG0,5,95,
Wainwrights Inc,"2045 E 15th St, Tucson, AZ 85719, USA",+1 520-622-7102,locksmith,sam-hughes-university,https://maps.google.com/?q=Wainwrights%20Inc%202045%20E%2015th%20St%2C%20Tucson%2C%20AZ%2085719%2C%20USA,http://www.wainwrightsinc.net/,2,custom/unknown,Tucows Domains Inc.,0,has website,369,false,ChIJB11ujlpw1oYR-12Ch3-FtCY,4.7,60,
KeyMe Locksmiths,"1001 E Speedway Blvd, Tucson, AZ 85719, USA",+1 520-217-7986,locksmith,sam-hughes-university,https://maps.google.com/?q=KeyMe%20Locksmiths%201001%20E%20Speedway%20Blvd%2C%20Tucson%2C%20AZ%2085719%2C%20USA,https://key.me/kiosks/arizona/tucson/tucson/key-copy-tucson-arizona,2,,GoDaddy.com,0,has website,370,false,ChIJZyU6p6px1oYRNcW0ncxIe60,3.8,8,
BullFrog Towing,"808 E Adams St, Tucson, AZ 85719, USA",+1 520-270-9269,locksmith,sam-hughes-university,https://maps.google.com/?q=BullFrog%20Towing%20808%20E%20Adams%20St%2C%20Tucson%2C%20AZ%2085719%2C%20USA,http://www.bullfrogtowing.co/,2,,unknown,0,has website,371,false,ChIJMWd5veMyXosRprtXUhys_Sg,4.5,23,
Kaiser Lock and Key,"40 E Congress St Suite 102, Tucson, AZ 85701, USA",+1 520-248-4264,locksmith,sam-hughes-university,https://maps.google.com/?q=Kaiser%20Lock%20and%20Key%2040%20E%20Congress%20St%20Suite%20102%2C%20Tucson%2C%20AZ%2085701%2C%20USA,https://kaiserlockandkey.com/,2,custom/unknown,NameCheap,0,has website,372,false,ChIJJUh9Dn-a7IcRnFGiju4-eSU,5,15,
Minute Key,"3435 E Broadway Blvd, Tucson, AZ 85716, USA",+1 805-472-6062,locksmith,sam-hughes-university,https://maps.google.com/?q=Minute%20Key%203435%20E%20Broadway%20Blvd%2C%20Tucson%2C%20AZ%2085716%2C%20USA,,1,,,0,no website,373,false,ChIJXU2Nwj1x1oYRO0L5YrK4BtU,,,minutekeytucson.com; minutekeyaz.com
Locksmith Guru LLC,"1690 N Stone Ave #109, Tucson, AZ 85705, USA",+1 520-500-1205,locksmith,sam-hughes-university,https://maps.google.com/?q=Locksmith%20Guru%20LLC%201690%20N%20Stone%20Ave%20%23109%2C%20Tucson%2C%20AZ%2085705%2C%20USA,https://www.locksmithguruaz.com/,2,custom/unknown,GoDaddy.com,0,has website,374,false,ChIJNdaTl6dx1oYRHj7uE7gN3Eg,4.8,66,
KeyMe Locksmiths,"555 E Grant Rd, Tucson, AZ 85705, USA",+1 520-263-8079,locksmith,sam-hughes-university,https://maps.google.com/?q=KeyMe%20Locksmiths%20555%20E%20Grant%20Rd%2C%20Tucson%2C%20AZ%2085705%2C%20USA,https://key.me/kiosks/arizona/tucson/el-cortez/make-keys-el-cortez-az,2,,GoDaddy.com,0,has website,375,false,ChIJ2_c0a_Nx1oYR1KDR-It_2VY,4.4,20,
Minute Key,"3689 E Broadway Blvd, Tucson, AZ 85716, USA",+1 805-472-6062,locksmith,sam-hughes-university,https://maps.google.com/?q=Minute%20Key%203689%20E%20Broadway%20Blvd%2C%20Tucson%2C%20AZ%2085716%2C%20USA,https://www.minutekey.com/key-services/arizona/tucson/locksmith-key-copy-duplication-3689-e-broadway-blvd/33014/,2,custom/unknown,Amazon Registrar,0,has website,377,false,ChIJMU-_M01x1oYRWP1A-qR8BPs,,,
"On Call Locksmith LLC | Tucson, AZ","2578 N 1st Ave, Tucson, AZ 85719, USA",+1 520-442-5008,locksmith,sam-hughes-university,https://maps.google.com/?q=On%20Call%20Locksmith%20LLC%20%7C%20Tucson%2C%20AZ%202578%20N%201st%20Ave%2C%20Tucson%2C%20AZ%2085719%2C%20USA,https://www.oncalllocksmith.com/,2,wix,GoDaddy.com,0,has website,378,false,ChIJs_uYdMZx1oYRwVMfzxpQINA,5,629,
Sixx the Locksmith LLC,"107 W Sahuaro St Unit 1, Tucson, AZ 85705, USA",+1 520-585-6257,locksmith,sam-hughes-university,https://maps.google.com/?q=Sixx%20the%20Locksmith%20LLC%20107%20W%20Sahuaro%20St%20Unit%201%2C%20Tucson%2C%20AZ%2085705%2C%20USA,http://www.pixxbysixx.com/,2,wix,Network Solutions,0,has website,379,false,ChIJwamO5v5v1oYRNY_hsDkUDTI,4.9,54,
G&M Lock and Key,"2954 N Campbell Ave #141, Tucson, AZ 85719, USA",+1 520-322-6802,locksmith,sam-hughes-university,https://maps.google.com/?q=G%26M%20Lock%20and%20Key%202954%20N%20Campbell%20Ave%20%23141%2C%20Tucson%2C%20AZ%2085719%2C%20USA,http://www.gandmlockandkey.com/,2,wordpress,GoDaddy.com,0,has website,380,false,ChIJ3WIQTZtx1oYRDStUe5b6bDo,3.8,12,
Endeavor Studio,"130 E Congress St Suite 200, Tucson, AZ 85701, USA",,tailor,sam-hughes-university,https://maps.google.com/?q=Endeavor%20Studio%20130%20E%20Congress%20St%20Suite%20200%2C%20Tucson%2C%20AZ%2085701%2C%20USA,,1,,,0,no website,381,false,ChIJSW5gHQBx1oYRs2X89Nsf6dw,,,endeavorstudiotucson.com; endeavorstudioaz.com
Peanut's Clawset,"321 N 4th Ave, Tucson, AZ 85705, USA",+1 520-412-1296,pet_store,sam-hughes-university,https://maps.google.com/?q=Peanut%27s%20Clawset%20321%20N%204th%20Ave%2C%20Tucson%2C%20AZ%2085705%2C%20USA,http://peanutsclawset.com/,2,wix,Wix.com Ltd.,0,has website,382,false,ChIJi8TurMtx1oYRubrP2JgOPcY,5,25,
"EcoGro, LLC","657 W St Marys Rd, Tucson, AZ 85701, USA",+1 520-777-8307,pet_store,sam-hughes-university,https://maps.google.com/?q=EcoGro%2C%20LLC%20657%20W%20St%20Marys%20Rd%2C%20Tucson%2C%20AZ%2085701%2C%20USA,http://ecogro.com/,2,,GoDaddy.com,0,has website,383,false,ChIJeRaH7SNx1oYROpzxN9P1Q_o,4.7,351,
Abstract Aquariums & Cafe,"2567 N 1st Ave, Tucson, AZ 85719, USA",+1 520-203-8451,pet_store,sam-hughes-university,https://maps.google.com/?q=Abstract%20Aquariums%20%26%20Cafe%202567%20N%201st%20Ave%2C%20Tucson%2C%20AZ%2085719%2C%20USA,https://www.abstractaquariumscafe.com/,2,custom/unknown,Cloudflare,0,has website,384,false,ChIJwejxKRlx1oYRcE1tRlto6ns,4.1,74,
HarkensAuto,"9225 E Tanque Verde Rd, Tucson, AZ 85749, USA",+1 520-850-7700,restaurant,tanque-verde-sabino,https://maps.google.com/?q=HarkensAuto%209225%20E%20Tanque%20Verde%20Rd%2C%20Tucson%2C%20AZ%2085749%2C%20USA,,1,,,0,no website,1,false,ChIJrcLGtBlp1oYRad2awnzRGbQ,,,harkensauto.com; harkensautotucson.com
ZENSHI Handcrafted Sushi,"9125 E Tanque Verde Rd, Tucson, AZ 85749, USA",+1 520-760-6087,restaurant,tanque-verde-sabino,https://maps.google.com/?q=ZENSHI%20Handcrafted%20Sushi%209125%20E%20Tanque%20Verde%20Rd%2C%20Tucson%2C%20AZ%2085749%2C%20USA,https://www.zenshisushi.com/,2,wix,Network Solutions,0,has website,2,false,ChIJydFBAZNp1oYRR7NysTVlIJU,,,
Le Buzz,"9121 E Tanque Verde Rd #125, Tucson, AZ 85749, USA",+1 520-749-3903,restaurant,tanque-verde-sabino,https://maps.google.com/?q=Le%20Buzz%209121%20E%20Tanque%20Verde%20Rd%20%23125%2C%20Tucson%2C%20AZ%2085749%2C%20USA,http://www.lebuzzcaffe.com/,2,squarespace,Network Solutions,0,has website,3,false,ChIJud9zOS9p1oYRoctH9vZzrkg,4.7,836,
The Ranch Bar and Grill - Tucson,"9155 E Tanque Verde Rd #177, Tucson, AZ 85749, USA",+1 520-468-2001,restaurant,tanque-verde-sabino,https://maps.google.com/?q=The%20Ranch%20Bar%20and%20Grill%20-%20Tucson%209155%20E%20Tanque%20Verde%20Rd%20%23177%2C%20Tucson%2C%20AZ%2085749%2C%20USA,https://www.theranchbarandgrilltucson.com/,2,custom/unknown,GoDaddy.com,0,has website,4,false,ChIJFZtSQQBp1oYRw-KLfLtZZho,4.2,194,
La Herradura Mexican Grill & Seafood,"9165 E Tanque Verde Rd, Tucson, AZ 85749, USA",+1 520-749-4226,restaurant,tanque-verde-sabino,https://maps.google.com/?q=La%20Herradura%20Mexican%20Grill%20%26%20Seafood%209165%20E%20Tanque%20Verde%20Rd%2C%20Tucson%2C%20AZ%2085749%2C%20USA,https://laherradurakitchen.com/,2,custom/unknown,Squarespace Domains II LLC,0,has website,6,false,ChIJ2-YttChp1oYRePcT1qLpQ-g,4.2,1039,
The Gardens at Bear Canyon,"8991 E Tanque Verde Rd, Tucson, AZ 85749, USA",+1 520-696-9227,restaurant,tanque-verde-sabino,https://maps.google.com/?q=The%20Gardens%20at%20Bear%20Canyon%208991%20E%20Tanque%20Verde%20Rd%2C%20Tucson%2C%20AZ%2085749%2C%20USA,https://the-gardens-bar-and-grill.mypagecloud.com/,2,custom/unknown,unregistered,0,has website,7,false,ChIJu6O6Oitp1oYR-p9dC0RuACY,4.6,216,
Viv's Cafe,"8987 E Tanque Verde Rd #361, Tucson, AZ 85749, USA",+1 520-760-8622,restaurant,tanque-verde-sabino,https://maps.google.com/?q=Viv%27s%20Cafe%208987%20E%20Tanque%20Verde%20Rd%20%23361%2C%20Tucson%2C%20AZ%2085749%2C%20USA,,1,,,0,no website,8,false,ChIJRwOGti5p1oYR0lhO5_86mcU,4.6,478,vivscafetucson.com; vivscafeaz.com
Bear Canyon Pizza on Tanque Verde,"8987 E Tanque Verde Rd #335, Tucson, AZ 85749, USA",+1 520-749-8227,restaurant,tanque-verde-sabino,https://maps.google.com/?q=Bear%20Canyon%20Pizza%20on%20Tanque%20Verde%208987%20E%20Tanque%20Verde%20Rd%20%23335%2C%20Tucson%2C%20AZ%2085749%2C%20USA,https://bearcanyonpizza.com/,2,custom php,GoDaddy.com,0,has website,10,false,ChIJgY328S5p1oYRQjG5r1mXn3o,4.3,1129,
Viva Mexican Food,"8995 E Tanque Verde Rd, Tucson, AZ 85749, USA",+1 520-332-2340,restaurant,tanque-verde-sabino,https://maps.google.com/?q=Viva%20Mexican%20Food%208995%20E%20Tanque%20Verde%20Rd%2C%20Tucson%2C%20AZ%2085749%2C%20USA,https://vivamexicanfood.com/,2,wix,Wix.com Ltd.,0,has website,11,false,ChIJA25Bc19p1oYRzbOdaIbfr6A,3.5,159,
Street Taco & Beer Co.,"8898 E Tanque Verde Rd, Tucson, AZ 85749, USA",,restaurant,tanque-verde-sabino,https://maps.google.com/?q=Street%20Taco%20%26%20Beer%20Co.%208898%20E%20Tanque%20Verde%20Rd%2C%20Tucson%2C%20AZ%2085749%2C%20USA,https://streettaco.online/,2,,Register.com - Network Solutions,0,has website,13,false,ChIJ-bBuULVp1oYRzoRcrssJNVI,4.3,243,
Tandem American Eatery,"8864 E Tanque Verde Rd, Tucson, AZ 85749, USA",+1 520-526-2501,restaurant,tanque-verde-sabino,https://maps.google.com/?q=Tandem%20American%20Eatery%208864%20E%20Tanque%20Verde%20Rd%2C%20Tucson%2C%20AZ%2085749%2C%20USA,http://tandemaz.com/,2,custom/unknown,GoDaddy.com,0,has website,14,false,ChIJH9d5MFop14YRF26e7V5fjYQ,4.5,396,
Rosati's Pizza,"8814 E Tanque Verde Rd Ste. 16, Tucson, AZ 85749, USA",+1 520-760-4777,restaurant,tanque-verde-sabino,https://maps.google.com/?q=Rosati%27s%20Pizza%208814%20E%20Tanque%20Verde%20Rd%20Ste.%2016%2C%20Tucson%2C%20AZ%2085749%2C%20USA,https://myrosatis.com/tucsontanqueverde/,2,wordpress,NameCheap,0,has website,15,false,ChIJi9KPfixp1oYRaomFp1Wzbgk,4.1,282,
Solana Guest Ranch,"2200 N Kimberlee Rd, Tucson, AZ 85749, USA",+1 520-565-1799,restaurant,tanque-verde-sabino,https://maps.google.com/?q=Solana%20Guest%20Ranch%202200%20N%20Kimberlee%20Rd%2C%20Tucson%2C%20AZ%2085749%2C%20USA,https://www.solanaguestranch.com/,2,wordpress,GoDaddy.com,0,has website,16,false,ChIJLRjsE7Jp1oYR3aIZpaE5VhA,5,3,
The Barnyard Crafthouse & Eatery,"11011 E Tanque Verde Rd, Tucson, AZ 85749, USA",+1 520-600-7570,restaurant,tanque-verde-sabino,https://maps.google.com/?q=The%20Barnyard%20Crafthouse%20%26%20Eatery%2011011%20E%20Tanque%20Verde%20Rd%2C%20Tucson%2C%20AZ%2085749%2C%20USA,https://barnyardaz.com/,2,wordpress,Wild West Domains,0,has website,17,false,ChIJz551RT9p1oYRJrWuMCXvFK0,4.2,1252,
Arizona National Golf Club,"9777 E Sabino Greens Dr, Tucson, AZ 85749, USA",+1 520-749-4089,restaurant,tanque-verde-sabino,https://maps.google.com/?q=Arizona%20National%20Golf%20Club%209777%20E%20Sabino%20Greens%20Dr%2C%20Tucson%2C%20AZ%2085749%2C%20USA,https://www.arizonanationalgolfclub.com/?utm_source=extnet&utm_medium=yext,2,wordpress,GoDaddy.com,0,has website,18,false,ChIJ8zhdX-Br1oYRgCibKTsy_j4,4.4,489,
Thirsty's Neighborhood Grill,"2422 N Pantano Rd, Tucson, AZ 85715, USA",+1 520-885-6585,restaurant,tanque-verde-sabino,https://maps.google.com/?q=Thirsty%27s%20Neighborhood%20Grill%202422%20N%20Pantano%20Rd%2C%20Tucson%2C%20AZ%2085715%2C%20USA,https://m.facebook.com/thirstysgrillandbar/,2,custom/unknown,unregistered,0,has website,19,false,ChIJvZvqGdlu1oYRS5llNUhr7pY,4.3,743,
Jason's Mexican Restaurant,"2400 N Pantano Rd, Tucson, AZ 85715, USA",+1 520-460-2802,restaurant,tanque-verde-sabino,https://maps.google.com/?q=Jason%27s%20Mexican%20Restaurant%202400%20N%20Pantano%20Rd%2C%20Tucson%2C%20AZ%2085715%2C%20USA,https://jasonsmexicanrestaurant.shop/,2,custom/unknown,unknown,0,has website,20,false,ChIJc1drHdlu1oYRtDEm3CBlRBo,4.2,626,
Forty Niner,"12000 E Tanque Verde Rd, Tucson, AZ 85749, USA",+1 520-749-4925,bar,tanque-verde-sabino,https://maps.google.com/?q=Forty%20Niner%2012000%20E%20Tanque%20Verde%20Rd%2C%20Tucson%2C%20AZ%2085749%2C%20USA,http://www.fortyninercc.com/,2,custom/unknown,eNom,0,has website,21,false,ChIJ9ZuX_zho1oYRfCHhNW18TtY,4.3,541,
Health Bap Cafe,"Tucson, AZ 85715, USA",,cafe,tanque-verde-sabino,https://maps.google.com/?q=Health%20Bap%20Cafe%20Tucson%2C%20AZ%2085715%2C%20USA,,1,,,0,no website,25,false,ChIJVzjTxNhu1oYRaUI3FCtkL2U,,,healthbapcafe.com; healthbapcafetucson.com
Early Bird Scones,"9105 E Tanque Verde Rd #103, Tucson, AZ 85749, USA",+1 414-708-3747,bakery,tanque-verde-sabino,https://maps.google.com/?q=Early%20Bird%20Scones%209105%20E%20Tanque%20Verde%20Rd%20%23103%2C%20Tucson%2C%20AZ%2085749%2C%20USA,https://www.earlybirdscones.com/,2,squarespace,GoDaddy.com,0,has website,29,false,ChIJvxYJ2ANv1oYRUO1N1wPaQRA,4.3,6,
Sydney's Sweet Shoppe,"8963 E Tanque Verde Rd #201, Tucson, AZ 85749, USA",+1 520-777-7133,bakery,tanque-verde-sabino,https://maps.google.com/?q=Sydney%27s%20Sweet%20Shoppe%208963%20E%20Tanque%20Verde%20Rd%20%23201%2C%20Tucson%2C%20AZ%2085749%2C%20USA,http://www.sydneyssweetshoppe.com/,2,custom/unknown,GoDaddy.com,0,has website,30,false,ChIJrXAv2Vlx1oYR42VTbPkxMtk,4.7,269,
Cafe Francais,"7831 E Wrightstown Rd ste. 113, Tucson, AZ 85715, USA",+1 520-326-1155,bakery,tanque-verde-sabino,https://maps.google.com/?q=Cafe%20Francais%207831%20E%20Wrightstown%20Rd%20ste.%20113%2C%20Tucson%2C%20AZ%2085715%2C%20USA,http://www.cafefrancaisaz.com/,2,wix,Wix.com Ltd.,0,has website,31,false,ChIJ2bRnOBhu1oYRpudgBUH0AV0,4.5,226,
Grandma Tony's Pizza,"7878 E Wrightstown Rd UNIT 150, Tucson, AZ 85715, USA",+1 520-886-4461,meal_delivery,tanque-verde-sabino,https://maps.google.com/?q=Grandma%20Tony%27s%20Pizza%207878%20E%20Wrightstown%20Rd%20UNIT%20150%2C%20Tucson%2C%20AZ%2085715%2C%20USA,http://grandmatonyspizza.com/,2,wix,GoDaddy.com,0,has website,32,false,ChIJBZ-lxNhu1oYR2-k7KZoLXMw,4.4,340,
Cutting Edge Salon & Boutique,"9155 E Tanque Verde Rd, Tucson, AZ 85749, USA",+1 520-749-3663,hair_salon,tanque-verde-sabino,https://maps.google.com/?q=Cutting%20Edge%20Salon%20%26%20Boutique%209155%20E%20Tanque%20Verde%20Rd%2C%20Tucson%2C%20AZ%2085749%2C%20USA,http://www.cuttingedgeaz.com/,2,wix,Network Solutions,0,has website,33,false,ChIJ4W5fnyhp1oYRzKViTV8UamQ,4.9,338,
Salon Backstage,"8852 E Tanque Verde Rd, Tucson, AZ 85749, USA",+1 520-207-9520,hair_salon,tanque-verde-sabino,https://maps.google.com/?q=Salon%20Backstage%208852%20E%20Tanque%20Verde%20Rd%2C%20Tucson%2C%20AZ%2085749%2C%20USA,,1,,,0,no website,35,false,ChIJF9VVDSxp1oYRqSCPUJXPqdI,4.8,42,salonbackstage.com; salonbackstagetucson.com
D's Hair Studio,"10900 E Vía Tranquilla, Tucson, AZ 85749, USA",+1 412-816-2315,hair_salon,tanque-verde-sabino,https://maps.google.com/?q=D%27s%20Hair%20Studio%2010900%20E%20V%C3%ADa%20Tranquilla%2C%20Tucson%2C%20AZ%2085749%2C%20USA,https://dshairstudiotucson.com/,2,wordpress,Porkbun LLC,0,has website,36,false,ChIJ_2spN25p1oYRzmIGy2CowtI,5,23,
"Razor's Edge Barbershop - Tucson, AZ","2462 N Pantano Rd #2, Tucson, AZ 85715, USA",+1 520-298-9694,hair_salon,tanque-verde-sabino,https://maps.google.com/?q=Razor%27s%20Edge%20Barbershop%20-%20Tucson%2C%20AZ%202462%20N%20Pantano%20Rd%20%232%2C%20Tucson%2C%20AZ%2085715%2C%20USA,,1,,,0,no website,37,false,ChIJf7PCFtlu1oYRH7HSBQueYTA,4.7,153,razorsedgebarbershoptucsonaz.com; razorsedgebarbershoptucsonaztucson.com
Aviary Hair and CO.,"8750 E Speedway Blvd Suite 110, Tucson, AZ 85710, USA",+1 520-271-1166,hair_salon,tanque-verde-sabino,https://maps.google.com/?q=Aviary%20Hair%20and%20CO.%208750%20E%20Speedway%20Blvd%20Suite%20110%2C%20Tucson%2C%20AZ%2085710%2C%20USA,https://instagram.com/aviaryhairco?utm_medium=copy_link,2,custom/unknown,RegistrarSafe,0,has website,38,false,ChIJSfEjO1lv1oYR-7hC1_i_BkI,4.9,16,
Jewel Salon,"8750 E Speedway Blvd, Tucson, AZ 85710, USA",+1 520-203-8205,hair_salon,tanque-verde-sabino,https://maps.google.com/?q=Jewel%20Salon%208750%20E%20Speedway%20Blvd%2C%20Tucson%2C%20AZ%2085710%2C%20USA,,1,,,0,no website,39,false,ChIJbziIZMto1oYRIezBKMBFNAQ,5,19,jewelsalontucson.com; jewelsalonaz.com
Head Hunters,"7831 E Wrightstown Rd, Tucson, AZ 85715, USA",+1 520-886-4247,hair_salon,tanque-verde-sabino,https://maps.google.com/?q=Head%20Hunters%207831%20E%20Wrightstown%20Rd%2C%20Tucson%2C%20AZ%2085715%2C%20USA,https://www.facebook.com/TucsonHairSalon/,2,custom/unknown,RegistrarSafe,0,has website,40,false,ChIJtZmpNVVv1oYR6V-nT0lCgm8,4.8,5,
Essie Nails,"8987 E Tanque Verde Rd, Tucson, AZ 85749, USA",+1 520-344-8513,nail_salon,tanque-verde-sabino,https://maps.google.com/?q=Essie%20Nails%208987%20E%20Tanque%20Verde%20Rd%2C%20Tucson%2C%20AZ%2085749%2C%20USA,,1,,,0,no website,41,false,ChIJddna8S5p1oYRfHACwBBzpQo,4,25,essienailstucson.com; essienailsaz.com
Body Gallery Salon,"9100 E Tanque Verde Rd # 160, Tucson, AZ 85749, USA",+1 520-749-1920,nail_salon,tanque-verde-sabino,https://maps.google.com/?q=Body%20Gallery%20Salon%209100%20E%20Tanque%20Verde%20Rd%20%23%20160%2C%20Tucson%2C%20AZ%2085749%2C%20USA,,1,,,0,no website,42,false,ChIJ-QDywyhp1oYRdv7CDPmUEWU,5,16,bodygallerysalon.com; bodygallerysalontucson.com
Precious Nails,"7878 E Wrightstown Rd, Tucson, AZ 85715, USA",+1 520-886-0531,nail_salon,tanque-verde-sabino,https://maps.google.com/?q=Precious%20Nails%207878%20E%20Wrightstown%20Rd%2C%20Tucson%2C%20AZ%2085715%2C%20USA,,1,,,0,no website,43,false,ChIJBZ-lxNhu1oYRcgpD0mlIQbo,4,71,preciousnailstucson.com; preciousnailsaz.com
LV Nail Spa,"8856 E Tanque Verde Rd, Tucson, AZ 85749, USA",+1 520-203-8360,beauty_salon,tanque-verde-sabino,https://maps.google.com/?q=LV%20Nail%20Spa%208856%20E%20Tanque%20Verde%20Rd%2C%20Tucson%2C%20AZ%2085749%2C%20USA,,1,,,0,no website,44,false,ChIJF-oDymxp1oYRnkPkli7MWEM,4.3,234,lvnailspatucson.com; lvnailspaaz.com
Canyon Ranch Aesthetics,"8600 E Rockcliff Rd, Tucson, AZ 85750, USA",+1 520-239-3211,beauty_salon,tanque-verde-sabino,https://maps.google.com/?q=Canyon%20Ranch%20Aesthetics%208600%20E%20Rockcliff%20Rd%2C%20Tucson%2C%20AZ%2085750%2C%20USA,https://www.canyonranch.com/tucson/services/spa-beauty/medical-spa/?utm_source=googlemybusiness&utm_medium=organic&utm_campaign=craaestheticsGMB&utm_term=googlemybusiness,2,,GoDaddy.com,0,has website,45,false,ChIJq6p0wqxu1oYRbWigSV_l5WU,3.9,9,
Sweetheart Haven LLC,"2500 N Pantano Rd Suite 100, Tucson, AZ 85715, USA",+1 520-309-1427,beauty_salon,tanque-verde-sabino,https://maps.google.com/?q=Sweetheart%20Haven%20LLC%202500%20N%20Pantano%20Rd%20Suite%20100%2C%20Tucson%2C%20AZ%2085715%2C%20USA,https://sweethearts.glossgenius.com/,2,custom/unknown,unregistered,0,has website,46,false,ChIJp4qFZwZv1oYRsfrK_RqPf_4,5,48,
Mirror Mirror Beauty and Barber,"2432 N Pantano Rd, Tucson, AZ 85715, USA",+1 520-283-4735,beauty_salon,tanque-verde-sabino,https://maps.google.com/?q=Mirror%20Mirror%20Beauty%20and%20Barber%202432%20N%20Pantano%20Rd%2C%20Tucson%2C%20AZ%2085715%2C%20USA,https://www.vagaro.com/mirrormirrorbeautyandbarber,2,,Register.com - Network Solutions,0,has website,47,false,ChIJT9sbnnxv1oYRGaTH31BqQ2s,5,10,
Babydollface Lashes,"2432 N Pantano Rd, Tucson, AZ 85715, USA",+1 520-539-1242,beauty_salon,tanque-verde-sabino,https://maps.google.com/?q=Babydollface%20Lashes%202432%20N%20Pantano%20Rd%2C%20Tucson%2C%20AZ%2085715%2C%20USA,,1,,,0,no website,48,false,ChIJG9YQMk8L1oYRI_h849TNjU8,4.8,14,babydollfacelashes.com; babydollfacelashestucson.com
Hair 2000,"7852 E Wrightstown Rd, Tucson, AZ 85715, USA",+1 520-298-2000,beauty_salon,tanque-verde-sabino,https://maps.google.com/?q=Hair%202000%207852%20E%20Wrightstown%20Rd%2C%20Tucson%2C%20AZ%2085715%2C%20USA,https://usabizlink.top/details/hair-2000-ChIJORk,2,custom/unknown,Porkbun LLC,0,has website,49,false,ChIJORkxKt9u1oYRb0h0IqW9Ofc,4.7,33,
Rubs Massage Studio - Wrightstown,"7858 E Wrightstown Rd #105, Tucson, AZ 85715, USA",+1 520-547-7827,beauty_salon,tanque-verde-sabino,https://maps.google.com/?q=Rubs%20Massage%20Studio%20-%20Wrightstown%207858%20E%20Wrightstown%20Rd%20%23105%2C%20Tucson%2C%20AZ%2085715%2C%20USA,https://rubsmassage.com/,2,custom php,GoDaddy.com,0,has website,50,false,ChIJk1UWLd9u1oYRSApzjNtaYdY,4.5,84,
Arizona Pool and Spa Service,"9121 E Tanque Verde Rd, Tucson, AZ 85749, USA",+1 520-331-6135,spa,tanque-verde-sabino,https://maps.google.com/?q=Arizona%20Pool%20and%20Spa%20Service%209121%20E%20Tanque%20Verde%20Rd%2C%20Tucson%2C%20AZ%2085749%2C%20USA,,1,,,0,no website,51,false,ChIJud9zOS9p1oYRjsRiCrODaaI,1.5,2,arizonapoolandspaservice.com; arizonapoolandspaservicetucson.com
Glo Skin Studio,"8886 E Tanque Verde Rd, Tucson, AZ 85749, USA",+1 520-829-7550,spa,tanque-verde-sabino,https://maps.google.com/?q=Glo%20Skin%20Studio%208886%20E%20Tanque%20Verde%20Rd%2C%20Tucson%2C%20AZ%2085749%2C%20USA,https://www.glo-skinstudio.com/,2,wordpress,GoDaddy.com,0,has website,52,false,ChIJsaUxXuNp1oYRKYpyaaI02yw,4.8,47,
Canyon Ranch Tucson,"8600 E Rockcliff Rd, Tucson, AZ 85750, USA",+1 520-749-9655,spa,tanque-verde-sabino,https://maps.google.com/?q=Canyon%20Ranch%20Tucson%208600%20E%20Rockcliff%20Rd%2C%20Tucson%2C%20AZ%2085750%2C%20USA,https://www.canyonranch.com/tucson?utm_source=googlemybusiness&utm_medium=organic&utm_campaign=tucsongmb&utm_term=googlemybusiness,2,,GoDaddy.com,0,has website,53,false,ChIJP12W7axu1oYRfvIz73_PSjg,4.4,396,
PureZen Health & Wellness,"10210 E Speedway Blvd, Tucson, AZ 85748, USA",,spa,tanque-verde-sabino,https://maps.google.com/?q=PureZen%20Health%20%26%20Wellness%2010210%20E%20Speedway%20Blvd%2C%20Tucson%2C%20AZ%2085748%2C%20USA,,1,,,0,no website,54,false,ChIJDYr0KvJp1oYRRPc5agvqIKE,,,purezenhealthwellness.com; purezenhealthwellnesstucson.com
Rincon Health Direct Primary Care,"7831 E Wrightstown Rd UNIT 103, Tucson, AZ 85715, USA",+1 520-213-9503,spa,tanque-verde-sabino,https://maps.google.com/?q=Rincon%20Health%20Direct%20Primary%20Care%207831%20E%20Wrightstown%20Rd%20UNIT%20103%2C%20Tucson%2C%20AZ%2085715%2C%20USA,http://www.rinconhealth.com/,2,custom/unknown,GoDaddy.com,0,has website,55,false,ChIJJXw0WjZn1oYRPepsLFiygMk,4.7,31,
Rapunzel's Spa,"7809 E Wrightstown Rd, Tucson, AZ 85715, USA",+1 520-808-4000,spa,tanque-verde-sabino,https://maps.google.com/?q=Rapunzel%27s%20Spa%207809%20E%20Wrightstown%20Rd%2C%20Tucson%2C%20AZ%2085715%2C%20USA,http://www.rapunzelsspa.com/,2,wix,Wix.com Ltd.,0,has website,56,false,ChIJGSmQ1thu1oYRGNCsen7aAG0,4.8,73,
Thai Day Spa,"9356 East 5th Street, Tucson, AZ 85710, USA",+1 520-302-6604,spa,tanque-verde-sabino,https://maps.google.com/?q=Thai%20Day%20Spa%209356%20East%205th%20Street%2C%20Tucson%2C%20AZ%2085710%2C%20USA,http://orawan.skincaretherapy.net/,2,custom/unknown,unregistered,0,has website,57,false,ChIJJRgVDZto1oYRgN0lOb7E694,4.9,29,
"Blissfully Be Holistic Wellness, LLC","421 N Schrader Ln, Tucson, AZ 85748, USA",+1 520-216-5699,spa,tanque-verde-sabino,https://maps.google.com/?q=Blissfully%20Be%20Holistic%20Wellness%2C%20LLC%20421%20N%20Schrader%20Ln%2C%20Tucson%2C%20AZ%2085748%2C%20USA,http://blissfullybe.com/,2,weebly,Register.com - Network Solutions,0,has website,58,false,ChIJrRBcu7hp1oYRj0yohM6njC4,5,8,
Gene's Barbershop Est.1975,"2424 N Pantano Rd, Tucson, AZ 85715, USA",+1 520-886-0543,barber_shop,tanque-verde-sabino,https://maps.google.com/?q=Gene%27s%20Barbershop%20Est.1975%202424%20N%20Pantano%20Rd%2C%20Tucson%2C%20AZ%2085715%2C%20USA,http://genesbarbershop1975.com/,2,wordpress,Bluehost Inc.,0,has website,59,false,ChIJ-QzqGdlu1oYRQdvbuDfQZAg,4.8,190,
Marathon Cuts Barbershop,"8650 E Speedway Blvd Ste. #110, Tucson, AZ 85710, USA",+1 520-296-2456,barber_shop,tanque-verde-sabino,https://maps.google.com/?q=Marathon%20Cuts%20Barbershop%208650%20E%20Speedway%20Blvd%20Ste.%20%23110%2C%20Tucson%2C%20AZ%2085710%2C%20USA,https://marathoncutsbarbershop.setmore.com/,2,,unregistered,0,has website,60,false,ChIJoSHyWDdp1oYRROvFljbKEwk,4.6,45,
Pair-A-Dice Barbers,"7752 E Wrightstown Rd, Tucson, AZ 85715, USA",+1 520-546-5180,barber_shop,tanque-verde-sabino,https://maps.google.com/?q=Pair-A-Dice%20Barbers%207752%20E%20Wrightstown%20Rd%2C%20Tucson%2C%20AZ%2085715%2C%20USA,https://rinn.top/list/pair-a-dice-barbers,2,wordpress,Dominet (HK) Limited,0,has website,61,false,ChIJMRvhId9u1oYRo3xe7bkrNeg,4.8,134,
Dental Office,"9125 E Tanque Verde Rd, Tucson, AZ 85749, USA",,dentist,tanque-verde-sabino,https://maps.google.com/?q=Dental%20Office%209125%20E%20Tanque%20Verde%20Rd%2C%20Tucson%2C%20AZ%2085749%2C%20USA,,1,,,0,no website,62,false,ChIJp-NQSC9p1oYRuvR6bxpasaY,5,1,dentalofficetucson.com; dentalofficearizona.com
Sabino Hills Family Dentistry,"9155 E Tanque Verde Rd Ste 127, Tucson, AZ 85749, USA",+1 520-760-6044,dentist,tanque-verde-sabino,https://maps.google.com/?q=Sabino%20Hills%20Family%20Dentistry%209155%20E%20Tanque%20Verde%20Rd%20Ste%20127%2C%20Tucson%2C%20AZ%2085749%2C%20USA,https://www.familytucsondentist.com/?utm_source=local&utm_medium=organic&utm_campaign=gmb,2,wordpress,GoDaddy.com,0,has website,63,false,ChIJZZJruShp1oYR1jtBDm8_sAY,4.8,202,
Dr. Michael Allen,"9155 E Tanque Verde Rd Ste 127, Tucson, AZ 85749, USA",+1 520-760-6044,dentist,tanque-verde-sabino,https://maps.google.com/?q=Dr.%20Michael%20Allen%209155%20E%20Tanque%20Verde%20Rd%20Ste%20127%2C%20Tucson%2C%20AZ%2085749%2C%20USA,https://www.familytucsondentist.com/,2,wordpress,GoDaddy.com,0,has website,64,false,ChIJ___Dsihp1oYRUr-ZLc9fV4Q,5,3,
Dentists on Tanque Verde,"9085 E Tanque Verde Rd, Tucson, AZ 85749, USA",+1 520-542-3448,dentist,tanque-verde-sabino,https://maps.google.com/?q=Dentists%20on%20Tanque%20Verde%209085%20E%20Tanque%20Verde%20Rd%2C%20Tucson%2C%20AZ%2085749%2C%20USA,https://www.dentistsontanqueverde.com/?sc_cid=GBP%3AO%3AGP%3A1091%3AOrganic_Search%3AGeneral%3Ana&_vsrefdom=organic_gbp&y_source=1_NjcxODUwNTEtNzE1LWxvY2F0aW9uLndlYnNpdGU%3D,2,,CSC Corporate Domains,0,has website,65,false,ChIJ2Y0BHe5p1oYRQrxowKabExs,4.8,85,
Dr. Renee Lawton,"8878 E Tanque Verde Rd, Tucson, AZ 85749, USA",+1 520-749-1230,dentist,tanque-verde-sabino,https://maps.google.com/?q=Dr.%20Renee%20Lawton%208878%20E%20Tanque%20Verde%20Rd%2C%20Tucson%2C%20AZ%2085749%2C%20USA,http://www.smilesonly.com/,2,wordpress,GoDaddy.com,0,has website,66,false,ChIJAQBA-Sdx1oYRwjuHh8uxDlM,,,
Old Pueblo Dental,"9131 E Speedway Blvd, Tucson, AZ 85710, USA",+1 520-886-7575,dentist,tanque-verde-sabino,https://maps.google.com/?q=Old%20Pueblo%20Dental%209131%20E%20Speedway%20Blvd%2C%20Tucson%2C%20AZ%2085710%2C%20USA,http://oldpueblodental.com/,2,wordpress,NameCheap,0,has website,67,false,ChIJnRD7kwVp1oYRQsESlB7HCF4,4.9,199,
Jeffrey Rasmussen,"9131 E Speedway Blvd, Tucson, AZ 85710, USA",+1 520-886-7575,dentist,tanque-verde-sabino,https://maps.google.com/?q=Jeffrey%20Rasmussen%209131%20E%20Speedway%20Blvd%2C%20Tucson%2C%20AZ%2085710%2C%20USA,https://www.oldpueblodental.com/jeffrey-rasmussen-dmd/,2,wordpress,NameCheap,0,has website,68,false,ChIJAQD0t8ho1oYRmQGCOz-H5N0,5,1,
Franzen Michael J DDS,"1060 N Camino Seco, Tucson, AZ 85710, USA",+1 520-885-9408,dentist,tanque-verde-sabino,https://maps.google.com/?q=Franzen%20Michael%20J%20DDS%201060%20N%20Camino%20Seco%2C%20Tucson%2C%20AZ%2085710%2C%20USA,,1,,,0,no website,69,false,ChIJ-5WYXcto1oYReWFjn3PhPbY,,,franzenmichaeljdds.com; franzenmichaeljddstucson.com
Roelker Eva A,"8987 E Tanque Verde Rd, Tucson, AZ 85749, USA",+1 520-886-7411,doctor,tanque-verde-sabino,https://maps.google.com/?q=Roelker%20Eva%20A%208987%20E%20Tanque%20Verde%20Rd%2C%20Tucson%2C%20AZ%2085749%2C%20USA,,1,,,0,no website,70,false,ChIJDwuGti5p1oYRZhwEBEfQTkM,,,roelkerevaa.com; roelkerevaatucson.com
Dostert Sandra M DO,"8987 E Tanque Verde Rd, Tucson, AZ 85749, USA",+1 520-886-7411,doctor,tanque-verde-sabino,https://maps.google.com/?q=Dostert%20Sandra%20M%20DO%208987%20E%20Tanque%20Verde%20Rd%2C%20Tucson%2C%20AZ%2085749%2C%20USA,,1,,,0,no website,71,false,ChIJDwuGti5p1oYRJkJMXyA4Vjs,,,dostertsandramdo.com; dostertsandramdotucson.com
"Dr. Deborah Joule, DO","8987 E Tanque Verde Rd, Tucson, AZ 85749, USA",+1 520-760-4100,doctor,tanque-verde-sabino,https://maps.google.com/?q=Dr.%20Deborah%20Joule%2C%20DO%208987%20E%20Tanque%20Verde%20Rd%2C%20Tucson%2C%20AZ%2085749%2C%20USA,,1,,,0,no website,72,false,ChIJuwSGti5p1oYRCPflk1a0uY4,,,drdeborahjouledo.com; drdeborahjouledotucson.com
Douglas Ana E,"8920 E Tanque Verde Rd CVS, Tucson, AZ 85749, USA",+1 520-760-9188,doctor,tanque-verde-sabino,https://maps.google.com/?q=Douglas%20Ana%20E%208920%20E%20Tanque%20Verde%20Rd%20CVS%2C%20Tucson%2C%20AZ%2085749%2C%20USA,http://www.cvs.com/,2,custom/unknown,MarkMonitor Inc.,0,has website,73,false,ChIJBedd_itp1oYRT9bbNv30iUQ,,,
Kowalski Nancy E,"8920 E Tanque Verde Rd CVS, Tucson, AZ 85749, USA",+1 520-760-9188,doctor,tanque-verde-sabino,https://maps.google.com/?q=Kowalski%20Nancy%20E%208920%20E%20Tanque%20Verde%20Rd%20CVS%2C%20Tucson%2C%20AZ%2085749%2C%20USA,http://www.cvs.com/,2,custom/unknown,MarkMonitor Inc.,0,has website,74,false,ChIJBedd_itp1oYR3jVqc4PFpEg,,,
"Dr. Elizabeth Kronlage, DO","8826 E Tanque Verde Rd, Tucson, AZ 85749, USA",+1 520-760-8972,doctor,tanque-verde-sabino,https://maps.google.com/?q=Dr.%20Elizabeth%20Kronlage%2C%20DO%208826%20E%20Tanque%20Verde%20Rd%2C%20Tucson%2C%20AZ%2085749%2C%20USA,https://weence.com/medical/doctors/tucson/dr-elizabeth-kronlage-do/,2,wordpress,eNom,0,has website,75,false,ChIJ6Vk2bixp1oYRhu7HcBQNu3w,5,1,
"James Reifschneider, MD","8826 E Tanque Verde Rd, Tucson, AZ 85749, USA",+1 520-760-8972,doctor,tanque-verde-sabino,https://maps.google.com/?q=James%20Reifschneider%2C%20MD%208826%20E%20Tanque%20Verde%20Rd%2C%20Tucson%2C%20AZ%2085749%2C%20USA,http://www.carondelet.org/,2,custom/unknown,Network Solutions,0,has website,76,false,ChIJPVg2bixp1oYRu5kcp3LAECQ,5,1,
Vuturo Anthony F MD,"8600 E Rockcliff Rd, Tucson, AZ 85750, USA",+1 520-749-9655,doctor,tanque-verde-sabino,https://maps.google.com/?q=Vuturo%20Anthony%20F%20MD%208600%20E%20Rockcliff%20Rd%2C%20Tucson%2C%20AZ%2085750%2C%20USA,http://www.canyonranch.com/,2,,GoDaddy.com,0,has website,77,false,ChIJfXqW7axu1oYR1sITMe-weVw,,,
"Marvin Dobkin, DPM","8600 E Rockcliff Rd, Tucson, AZ 85750, USA",+1 520-749-9655,doctor,tanque-verde-sabino,https://maps.google.com/?q=Marvin%20Dobkin%2C%20DPM%208600%20E%20Rockcliff%20Rd%2C%20Tucson%2C%20AZ%2085750%2C%20USA,http://www.canyonranch.com/,2,,GoDaddy.com,0,has website,78,false,ChIJP12W7axu1oYRsUDkDyCS6Xw,,,
Carmona Richard H MD,"8600 E Rockcliff Rd, Tucson, AZ 85750, USA",+1 520-749-9655,doctor,tanque-verde-sabino,https://maps.google.com/?q=Carmona%20Richard%20H%20MD%208600%20E%20Rockcliff%20Rd%2C%20Tucson%2C%20AZ%2085750%2C%20USA,http://www.canyonranch.com/,2,,GoDaddy.com,0,has website,79,false,ChIJP12W7axu1oYRJNRvQb0sr_Y,5,1,
"Lighthearted Medicine, Pllc","8600 E Rockcliff Rd, Tucson, AZ 85750, USA",+1 520-749-9655,doctor,tanque-verde-sabino,https://maps.google.com/?q=Lighthearted%20Medicine%2C%20Pllc%208600%20E%20Rockcliff%20Rd%2C%20Tucson%2C%20AZ%2085750%2C%20USA,http://www.canyonranch.com/,2,,GoDaddy.com,0,has website,80,false,ChIJP12W7axu1oYRIKFD5Yu2DVo,,,
Downing Diane C MD,"8600 E Rockcliff Rd, Tucson, AZ 85750, USA",+1 520-749-9655,doctor,tanque-verde-sabino,https://maps.google.com/?q=Downing%20Diane%20C%20MD%208600%20E%20Rockcliff%20Rd%2C%20Tucson%2C%20AZ%2085750%2C%20USA,https://www.canyonranch.com/tucson/overview/our-experts/diane-downing-m-d/,2,,GoDaddy.com,0,has website,81,false,ChIJP12W7axu1oYR6NnZyV1uGgg,,,
Dedhia Param MD,"8600 E Rockcliff Rd, Tucson, AZ 85750, USA",+1 520-749-9655,doctor,tanque-verde-sabino,https://maps.google.com/?q=Dedhia%20Param%20MD%208600%20E%20Rockcliff%20Rd%2C%20Tucson%2C%20AZ%2085750%2C%20USA,,1,,,0,no website,82,false,ChIJP12W7axu1oYRQkid9313br4,,,dedhiaparammd.com; dedhiaparammdtucson.com
Brewer Stephen C MD,"8600 E Rockcliff Rd, Tucson, AZ 85750, USA",+1 520-749-9655,doctor,tanque-verde-sabino,https://maps.google.com/?q=Brewer%20Stephen%20C%20MD%208600%20E%20Rockcliff%20Rd%2C%20Tucson%2C%20AZ%2085750%2C%20USA,,1,,,0,no website,83,false,ChIJP12W7axu1oYRmpucQ7G7MIo,,,brewerstephencmd.com; brewerstephencmdtucson.com
Theodosakis Jason MD,"8600 E Rockcliff Rd, Tucson, AZ 85750, USA",+1 520-749-9655,doctor,tanque-verde-sabino,https://maps.google.com/?q=Theodosakis%20Jason%20MD%208600%20E%20Rockcliff%20Rd%2C%20Tucson%2C%20AZ%2085750%2C%20USA,http://www.canyonranch.com/,2,,GoDaddy.com,0,has website,84,false,ChIJP12W7axu1oYROhQ0srDqjVw,1,1,
"Dr. Bruce A. Roberts, MD","8600 E Rockcliff Rd, Tucson, AZ 85750, USA",+1 520-749-9655,doctor,tanque-verde-sabino,https://maps.google.com/?q=Dr.%20Bruce%20A.%20Roberts%2C%20MD%208600%20E%20Rockcliff%20Rd%2C%20Tucson%2C%20AZ%2085750%2C%20USA,http://www.canyonranch.com/,2,,GoDaddy.com,0,has website,85,false,ChIJP12W7axu1oYRtMQpb47t5mA,,,
Autopsyexpert.com,"11545 E Quiet Valley Pl, Tucson, AZ 85749, USA",+1 520-762-4605,doctor,tanque-verde-sabino,https://maps.google.com/?q=Autopsyexpert.com%2011545%20E%20Quiet%20Valley%20Pl%2C%20Tucson%2C%20AZ%2085749%2C%20USA,http://www.autopsyexpert.com/contact/,2,squarespace,NameCheap,0,has website,86,false,ChIJ2R1oK01o1oYR99ZLzKmAw3s,,,
"Judith R. Friedman, PT","11670 E Placita Del Rincon, Tucson, AZ 85749, USA",+1 520-749-1150,doctor,tanque-verde-sabino,https://maps.google.com/?q=Judith%20R.%20Friedman%2C%20PT%2011670%20E%20Placita%20Del%20Rincon%2C%20Tucson%2C%20AZ%2085749%2C%20USA,,1,,,0,no website,87,false,ChIJy_JpjbNp1oYRE63O4FwJIWg,3,1,judithrfriedmanpt.com; judithrfriedmanpttucson.com
Hayden John D MD,"8131 E Ridgewood Dr, Tucson, AZ 85750, USA",+1 520-885-1982,doctor,tanque-verde-sabino,https://maps.google.com/?q=Hayden%20John%20D%20MD%208131%20E%20Ridgewood%20Dr%2C%20Tucson%2C%20AZ%2085750%2C%20USA,,1,,,0,no website,88,false,ChIJeQSvZbBu1oYR0LuWOwgkuyg,,,haydenjohndmd.com; haydenjohndmdtucson.com
Agility Spine and Sports Physical Therapy,"8987 E Tanque Verde Rd #301, Tucson, AZ 85749, USA",+1 520-647-2974,physiotherapist,tanque-verde-sabino,https://maps.google.com/?q=Agility%20Spine%20and%20Sports%20Physical%20Therapy%208987%20E%20Tanque%20Verde%20Rd%20%23301%2C%20Tucson%2C%20AZ%2085749%2C%20USA,https://agilitypttucson.com/,2,wordpress,Network Solutions,0,has website,89,false,ChIJa5E4w6pv1oYRzVyXhwrfyIE,4.9,227,
"Kathleen B. Nichols, PT","10540 E Snyder Rd, Tucson, AZ 85749, USA",+1 520-256-8139,physiotherapist,tanque-verde-sabino,https://maps.google.com/?q=Kathleen%20B.%20Nichols%2C%20PT%2010540%20E%20Snyder%20Rd%2C%20Tucson%2C%20AZ%2085749%2C%20USA,,1,,,0,no website,90,false,ChIJLdDguXtp1oYRFHoFgFprTRY,,,kathleenbnicholspt.com; kathleenbnicholspttucson.com
Success Physical Therapy,"2472 N Pantano Rd, Tucson, AZ 85715, USA",+1 520-885-5125,physiotherapist,tanque-verde-sabino,https://maps.google.com/?q=Success%20Physical%20Therapy%202472%20N%20Pantano%20Rd%2C%20Tucson%2C%20AZ%2085715%2C%20USA,https://successphysicaltherapy.com/,2,wordpress,GoDaddy.com,0,has website,91,false,ChIJKwqkhhZn1oYROMyUGmOKWWs,5,3,
John P. Utz,"2462 N Pantano Rd Unit 1, Tucson, AZ 85715, USA",+1 520-722-1795,physiotherapist,tanque-verde-sabino,https://maps.google.com/?q=John%20P.%20Utz%202462%20N%20Pantano%20Rd%20Unit%201%2C%20Tucson%2C%20AZ%2085715%2C%20USA,http://www.utzpt.com,2,squarespace,Squarespace Domains LLC,0,has website,92,false,ChIJLZQ_Htlu1oYREQe4UNeBkwU,5,3,
The Delightful Renegade,"9225 E Tanque Verde Rd #28-203, Tucson, AZ 85749, USA",+1 520-333-7413,clothing_store,tanque-verde-sabino,https://maps.google.com/?q=The%20Delightful%20Renegade%209225%20E%20Tanque%20Verde%20Rd%20%2328-203%2C%20Tucson%2C%20AZ%2085749%2C%20USA,,1,,,0,no website,93,false,ChIJubyloA1p1oYRqFAOt-_J6mw,,,delightfulrenegade.com; delightfulrenegadetucson.com
Amber Sprott Boutique (by appointment only),"2458 N Pantano Rd, Tucson, AZ 85715, USA",+1 480-710-5955,clothing_store,tanque-verde-sabino,https://maps.google.com/?q=Amber%20Sprott%20Boutique%20%28by%20appointment%20only%29%202458%20N%20Pantano%20Rd%2C%20Tucson%2C%20AZ%2085715%2C%20USA,,1,,,0,no website,96,false,ChIJTby-qxQl4IkRzvwP9m4gzc4,5,38,ambersprottboutiquebyappointmentonly.com; ambersprottboutiquebyappointmentonlytucson.com
Ellen's Original Gemstone Necklaces,"9742 East 5th Street, Tucson, AZ 85748, USA",+1 520-912-9866,jewelry_store,tanque-verde-sabino,https://maps.google.com/?q=Ellen%27s%20Original%20Gemstone%20Necklaces%209742%20East%205th%20Street%2C%20Tucson%2C%20AZ%2085748%2C%20USA,,1,,,0,no website,97,false,ChIJGUzZb4tp1oYR9TG_h4HIGEw,4,1,ellensoriginalgemstonenecklaces.com; ellensoriginalgemstonenecklacestucson.com
Tanque Verde Turquoise Trading Post,"7831 E Wrightstown Rd Suite 101, Tucson, AZ 85715, USA",+1 657-466-8530,jewelry_store,tanque-verde-sabino,https://maps.google.com/?q=Tanque%20Verde%20Turquoise%20Trading%20Post%207831%20E%20Wrightstown%20Rd%20Suite%20101%2C%20Tucson%2C%20AZ%2085715%2C%20USA,https://tanqueverdeturquoise.com/,2,squarespace,Tucows Domains Inc.,0,has website,98,false,ChIJX7nLte1v1oYRhGm32zHo5vc,5,27,
Looking Sharp Cactus,"11131 E Glenn St, Tucson, AZ 85749, USA",,florist,tanque-verde-sabino,https://maps.google.com/?q=Looking%20Sharp%20Cactus%2011131%20E%20Glenn%20St%2C%20Tucson%2C%20AZ%2085749%2C%20USA,,1,,,0,no website,99,false,ChIJhbuy8B5p1oYR_ZlgGAEADt4,,,lookingsharpcactustucson.com; lookingsharpcactusaz.com
Florist,"4461 N Bear Canyon Rd, Tucson, AZ 85749, USA",,florist,tanque-verde-sabino,https://maps.google.com/?q=Florist%204461%20N%20Bear%20Canyon%20Rd%2C%20Tucson%2C%20AZ%2085749%2C%20USA,,1,,,0,no website,100,false,ChIJhzFTLQBp1oYRpRw8s9RaYKk,,,all taken
Green Deco Plantscapes,"4930 N Placita Santolina, Tucson, AZ 85749, USA",+1 520-861-6997,florist,tanque-verde-sabino,https://maps.google.com/?q=Green%20Deco%20Plantscapes%204930%20N%20Placita%20Santolina%2C%20Tucson%2C%20AZ%2085749%2C%20USA,,1,,,0,no website,101,false,ChIJO8BHu1hp1oYRqdvE7esglxw,4,1,greendecoplantscapestucson.com; greendecoplantscapesaz.com
"Exquisite Ensembles and Gifts by Tammie, LLC","2456 N Pantano Rd, Tucson, AZ 85715, USA",+1 520-230-3271,florist,tanque-verde-sabino,https://maps.google.com/?q=Exquisite%20Ensembles%20and%20Gifts%20by%20Tammie%2C%20LLC%202456%20N%20Pantano%20Rd%2C%20Tucson%2C%20AZ%2085715%2C%20USA,https://www.ensemblesandgifts.com/,2,wix,NameCheap,0,has website,102,false,ChIJQcewuUpp1oYRMnphmDUyAho,5,19,
VIP PUBLICATIONS,"N Pantano Rd, Tucson, AZ 85715, USA",,book_store,tanque-verde-sabino,https://maps.google.com/?q=VIP%20PUBLICATIONS%20N%20Pantano%20Rd%2C%20Tucson%2C%20AZ%2085715%2C%20USA,,1,,,0,no website,103,false,ChIJ17F5Bdlu1oYRdW-5DCj167U,,,vippublications.com; vippublicationstucson.com
Of Good Cheer,"3901 N Vía De La Luna, Tucson, AZ 85749, USA",+1 520-302-7484,gift_shop,tanque-verde-sabino,https://maps.google.com/?q=Of%20Good%20Cheer%203901%20N%20V%C3%ADa%20De%20La%20Luna%2C%20Tucson%2C%20AZ%2085749%2C%20USA,http://www.ofgoodcheer.com/OfGoodCheerInfo.html,2,,Tucows Domains Inc.,0,has website,104,false,ChIJq6o6vmpp1oYRM12fI5zsimo,2,1,
Borderlands Trading Company,"7700 E Wrightstown Rd, Tucson, AZ 85715, USA",+1 520-622-6454,gift_shop,tanque-verde-sabino,https://maps.google.com/?q=Borderlands%20Trading%20Company%207700%20E%20Wrightstown%20Rd%2C%20Tucson%2C%20AZ%2085715%2C%20USA,https://www.directfrommexico.com/,2,,Tucows Domains Inc.,0,has website,105,false,ChIJI5AbHd9u1oYRDYKkBlCM_ZE,4.4,257,
BRAKEmax,"9191 E Tanque Verde Rd, Tucson, AZ 85749, USA",+1 520-729-9912,car_repair,tanque-verde-sabino,https://maps.google.com/?q=BRAKEmax%209191%20E%20Tanque%20Verde%20Rd%2C%20Tucson%2C%20AZ%2085749%2C%20USA,https://www.brakemax.com/locations/az/tucson/auto-repair-9191-e-tanque-verde-rd?utm_source=local_listing&utm_medium=organic&utm_campaign=store_1017,2,wordpress,GoDaddy.com,0,has website,106,false,ChIJ43TNJYtp1oYRjsq6GFyjr2M,4.8,713,
Speedo Auto & Residential Lock,"9121 E Tanque Verde Rd, Tucson, AZ 85749, USA",+1 520-333-7709,car_repair,tanque-verde-sabino,https://maps.google.com/?q=Speedo%20Auto%20%26%20Residential%20Lock%209121%20E%20Tanque%20Verde%20Rd%2C%20Tucson%2C%20AZ%2085749%2C%20USA,,1,,,0,no website,108,false,ChIJud9zOS9p1oYR8rjqu8OmVqM,3.4,5,speedoautoresidentiallock.com; speedoautoresidentiallocktucson.com
A to Z Mobile RV Services and Tucson RV Solar,"8987 E Tanque Verde Rd, Tucson, AZ 85749, USA",+1 520-910-1237,car_repair,tanque-verde-sabino,https://maps.google.com/?q=A%20to%20Z%20Mobile%20RV%20Services%20and%20Tucson%20RV%20Solar%208987%20E%20Tanque%20Verde%20Rd%2C%20Tucson%2C%20AZ%2085749%2C%20USA,http://www.tucsonrvsolar.com/,2,custom/unknown,Bluehost Inc.,0,has website,109,false,ChIJY1NmgeJv1oYRfD5a_pJwZZs,5,65,
Jack Furrier Tire & Auto Care,"8957 E Tanque Verde Rd, Tucson, AZ 85749, USA",+1 520-749-0248,car_repair,tanque-verde-sabino,https://maps.google.com/?q=Jack%20Furrier%20Tire%20%26%20Auto%20Care%208957%20E%20Tanque%20Verde%20Rd%2C%20Tucson%2C%20AZ%2085749%2C%20USA,http://jackfurriers.com/,2,custom/unknown,GoDaddy.com,0,has website,110,false,ChIJNbgLIixp1oYRE_9XdhMbvhc,4.6,184,
Car Wash,"8845 E Tanque Verde Rd, Tucson, AZ 85749, USA",,car_wash,tanque-verde-sabino,https://maps.google.com/?q=Car%20Wash%208845%20E%20Tanque%20Verde%20Rd%2C%20Tucson%2C%20AZ%2085749%2C%20USA,,1,,,0,no website,111,false,ChIJ_Zbnaixp1oYRypv16KAH3DU,3.8,5,all taken
Auto Wash Express - TV,"7811 E Wrightstown Rd, Tucson, AZ 85715, USA",+1 520-345-6769,car_wash,tanque-verde-sabino,https://maps.google.com/?q=Auto%20Wash%20Express%20-%20TV%207811%20E%20Wrightstown%20Rd%2C%20Tucson%2C%20AZ%2085715%2C%20USA,http://www.azautowashexpress.com/,2,custom/unknown,Amazon Registrar,0,has website,112,false,ChIJbc1EKNlu1oYRywzTr7LrNvc,4.1,194,
Cactus Carpet Cleaning,"9645 E Elm Tree Cir, Tucson, AZ 85749, USA",+1 520-820-3999,laundry,tanque-verde-sabino,https://maps.google.com/?q=Cactus%20Carpet%20Cleaning%209645%20E%20Elm%20Tree%20Cir%2C%20Tucson%2C%20AZ%2085749%2C%20USA,https://cactus-carpetcleaning.com/,2,custom/unknown,GoDaddy.com,0,has website,113,false,ChIJ3TmPAC9kgigRvW09v1OWK8k,5,62,
"EcoGreen Carpet, Tile and Upholstery Care","9717 E Sierra St, Tucson, AZ 85748, USA",+1 520-733-9774,laundry,tanque-verde-sabino,https://maps.google.com/?q=EcoGreen%20Carpet%2C%20Tile%20and%20Upholstery%20Care%209717%20E%20Sierra%20St%2C%20Tucson%2C%20AZ%2085748%2C%20USA,https://ecogreencarpetandupholsterycare.com/,2,wordpress,GoDaddy.com,0,has website,114,false,ChIJxRhhjoZv1oYRFMu8x2BNWck,5,80,
Bandalero Ranch-Equine,"8526 E Tanque Verde Rd, Tucson, AZ 85749, USA",+1 520-760-6200,pet_store,tanque-verde-sabino,https://maps.google.com/?q=Bandalero%20Ranch-Equine%208526%20E%20Tanque%20Verde%20Rd%2C%20Tucson%2C%20AZ%2085749%2C%20USA,http://www.bandaleroranch.com/,2,,Network Solutions,0,has website,115,false,ChIJP2DMD9Nu1oYR6tQbxMUiDOU,3.6,53,
