business_name,address,phone,category,neighborhood,google_maps_url,website_url,quality_score,platform,est_monthly_cost,pain_points,priority_rank,outreach_doc_ready,place_id,rating,user_ratings_total
Mosaic Cafe Dos,"7350 N La Cholla Blvd # 108, Tucson, AZ 85741, USA",+1 520-297-8470,restaurant,casas-adobes,https://maps.google.com/?q=Mosaic%20Cafe%20Dos%207350%20N%20La%20Cholla%20Blvd%20%23%20108%2C%20Tucson%2C%20AZ%2085741%2C%20USA,http://mosaiccafedos.com/,2,,0,has website,1,false,ChIJay-3jrF01oYRdBmNM8g-Ml0,4.3,675
Pappoule's,"7475 N La Cholla Blvd, Tucson, AZ 85741, USA",+1 520-544-5551,restaurant,casas-adobes,https://maps.google.com/?q=Pappoule%27s%207475%20N%20La%20Cholla%20Blvd%2C%20Tucson%2C%20AZ%2085741%2C%20USA,http://www.pappoules.com/,2,,0,has website,4,false,ChIJUz4Lr7N01oYRYi9ABVN9fcc,4.6,1757
AZ Nightlife Vending,"2290 W Ina Rd, Tucson, AZ 85741, USA",,restaurant,casas-adobes,https://maps.google.com/?q=AZ%20Nightlife%20Vending%202290%20W%20Ina%20Rd%2C%20Tucson%2C%20AZ%2085741%2C%20USA,,1,,0,no website,5,false,ChIJgaYV6Wx11oYRf_qPCV9yASE,,
Whiskey Roads,"2290 W Ina Rd, Tucson, AZ 85741, USA",+1 520-219-0134,restaurant,casas-adobes,https://maps.google.com/?q=Whiskey%20Roads%202290%20W%20Ina%20Rd%2C%20Tucson%2C%20AZ%2085741%2C%20USA,http://www.whiskeyroadstucson.com/,2,,0,has website,7,false,ChIJRaml18R11oYRF0cofS343UM,4.1,950
Sushi Garden,"7475 N La Cholla Blvd Suite 422, Tucson, AZ 85741, USA",+1 520-877-8744,restaurant,casas-adobes,https://maps.google.com/?q=Sushi%20Garden%207475%20N%20La%20Cholla%20Blvd%20Suite%20422%2C%20Tucson%2C%20AZ%2085741%2C%20USA,https://sushigarden.com/,2,,0,has website,8,false,ChIJsZBm6LN01oYRML6QTTf65xQ,4,879
The Ramen Bar,"7555 N La Cholla Blvd Suite #135, Tucson, AZ 85741, USA",+1 520-310-4960,restaurant,casas-adobes,https://maps.google.com/?q=The%20Ramen%20Bar%207555%20N%20La%20Cholla%20Blvd%20Suite%20%23135%2C%20Tucson%2C%20AZ%2085741%2C%20USA,https://www.ramenbartucson.com/,2,,0,has website,9,false,ChIJga6Rtul11oYRuaIyTjzfJfY,4.3,85
Wetzel's Pretzels,"7635 N La Cholla Blvd, Tucson, AZ 85741, USA",+1 602-810-3482,restaurant,casas-adobes,https://maps.google.com/?q=Wetzel%27s%20Pretzels%207635%20N%20La%20Cholla%20Blvd%2C%20Tucson%2C%20AZ%2085741%2C%20USA,https://www.wetzels.com/,2,,0,has website,13,false,ChIJjbcCIBB11oYRi60h5tRDjtQ,3.2,15
Ni's Asian Bistro & Sushi Bar,"7665 N La Cholla Blvd, Tucson, AZ 85741, USA",+1 520-297-9480,restaurant,casas-adobes,https://maps.google.com/?q=Ni%27s%20Asian%20Bistro%20%26%20Sushi%20Bar%207665%20N%20La%20Cholla%20Blvd%2C%20Tucson%2C%20AZ%2085741%2C%20USA,http://www.nisasianbistro.com/,2,,0,has website,15,false,ChIJleLjQwB11oYR6AMbRKpvv5g,4.4,273
Villa Mexican Food,"2840 W Ina Rd Ste 104, Tucson, AZ 85741, USA",+1 520-544-0015,restaurant,casas-adobes,https://maps.google.com/?q=Villa%20Mexican%20Food%202840%20W%20Ina%20Rd%20Ste%20104%2C%20Tucson%2C%20AZ%2085741%2C%20USA,http://villamexicanfoodaz.com/,2,,0,has website,17,false,ChIJY2EJBcx01oYROxrWlVYvD2o,4.4,456
Issabelle's BD,"2850 W Ina Rd, Tucson, AZ 85741, USA",,restaurant,casas-adobes,https://maps.google.com/?q=Issabelle%27s%20BD%202850%20W%20Ina%20Rd%2C%20Tucson%2C%20AZ%2085741%2C%20USA,,1,,0,no website,18,false,ChIJ33cX05d11oYRH8YtGAmSLjw,,
Sgt. Pepperoni's Pizza,"2860 W Ina Rd, Tucson, AZ 85741, USA",+1 520-297-4425,restaurant,casas-adobes,https://maps.google.com/?q=Sgt.%20Pepperoni%27s%20Pizza%202860%20W%20Ina%20Rd%2C%20Tucson%2C%20AZ%2085741%2C%20USA,http://sgtpepperonispizzatucson.com/39322,2,,0,has website,19,false,ChIJ8x2Qqc501oYRAw65tZfLcBs,4.5,278
Einstein Bros. Bagels,"2912 W Ina Rd Ste 100, Tucson, AZ 85741, USA",+1 520-742-4584,restaurant,casas-adobes,https://maps.google.com/?q=Einstein%20Bros.%20Bagels%202912%20W%20Ina%20Rd%20Ste%20100%2C%20Tucson%2C%20AZ%2085741%2C%20USA,https://locations.einsteinbros.com/us/az/tucson/2912-w-ina-rd?y_source=1_OTA0OTgxMi03MTUtbG9jYXRpb24ud2Vic2l0ZQ%3D%3D,2,,0,has website,20,false,ChIJIfRYJMx01oYRrEmwOSuUf1I,4.1,599
Rosati's Pizza,"2944 W Ina Rd, Tucson, AZ 85741, USA",+1 520-531-1100,bar,casas-adobes,https://maps.google.com/?q=Rosati%27s%20Pizza%202944%20W%20Ina%20Rd%2C%20Tucson%2C%20AZ%2085741%2C%20USA,http://myrosatis.com/tucsonina,2,,0,has website,21,false,ChIJNU0gKcx01oYRRet28G106zI,4.3,1004
Grumpy's Grill,"2960 W Ina Rd, Tucson, AZ 85741, USA",+1 520-297-5452,bar,casas-adobes,https://maps.google.com/?q=Grumpy%27s%20Grill%202960%20W%20Ina%20Rd%2C%20Tucson%2C%20AZ%2085741%2C%20USA,http://www.grumpysgrill.com/,2,,0,has website,22,false,ChIJ81CpLMx01oYRzGWuPb6X3DA,4.5,2170
Bob's Steak & Chop House,"2727 W Club Dr, Tucson, AZ 85742, USA",+1 520-877-2377,bar,casas-adobes,https://maps.google.com/?q=Bob%27s%20Steak%20%26%20Chop%20House%202727%20W%20Club%20Dr%2C%20Tucson%2C%20AZ%2085742%2C%20USA,https://bobs-steakandchop.com/tucson/?utm_source=gmblisting&utm_medium=organic,2,,0,has website,23,false,ChIJBcQZkjgL1oYRf6vro2A6WJQ,4.5,397
The Peak,"2727 W Club Dr, Tucson, AZ 85742, USA",+1 520-877-2377,bar,casas-adobes,https://maps.google.com/?q=The%20Peak%202727%20W%20Club%20Dr%2C%20Tucson%2C%20AZ%2085742%2C%20USA,https://www.omnihotels.com/hotels/tucson-national/dining/the-peak?utm_source=gmblisting&utm_medium=organic,2,,0,has website,24,false,ChIJdyK3dNML1oYROuglfMzIzxA,5,2
Legends Bar & Grill,"2727 W Club Dr, Tucson, AZ 85742, USA",+1 520-877-2378,bar,casas-adobes,https://maps.google.com/?q=Legends%20Bar%20%26%20Grill%202727%20W%20Club%20Dr%2C%20Tucson%2C%20AZ%2085742%2C%20USA,https://www.omnihotels.com/hotels/tucson-national/dining/legends?utm_source=gmblisting&utm_medium=organic,2,,0,has website,25,false,ChIJyUemITkL1oYRrQlZMwa-tZY,4.2,150
Cold Beers & Cheeseburgers,"7315 N Oracle Rd Suite 141, Tucson, AZ 85704, USA",+1 520-476-4206,bar,casas-adobes,https://maps.google.com/?q=Cold%20Beers%20%26%20Cheeseburgers%207315%20N%20Oracle%20Rd%20Suite%20141%2C%20Tucson%2C%20AZ%2085704%2C%20USA,https://www.coldbeers.com/cheeseburgers/oro-valley/,2,,0,has website,26,false,ChIJmZ34SHZz1oYRRJidfZMpW_M,3.9,831
"Snooze, an A.M. Eatery","7315 N Oracle Rd Suite 161, Tucson, AZ 85704, USA",+1 520-605-2350,bar,casas-adobes,https://maps.google.com/?q=Snooze%2C%20an%20A.M.%20Eatery%207315%20N%20Oracle%20Rd%20Suite%20161%2C%20Tucson%2C%20AZ%2085704%2C%20USA,https://www.snoozeeatery.com/restaurant/arizona/tucson-foothills/?utm_source=Google&utm_medium=BusinessListing,2,,0,has website,27,false,ChIJq9OMUERz1oYR67ADI1MX6d4,4.5,706
Sauce Pizza & Wine,"7117 N Oracle Rd, Tucson, AZ 85704, USA",+1 520-297-8575,bar,casas-adobes,https://maps.google.com/?q=Sauce%20Pizza%20%26%20Wine%207117%20N%20Oracle%20Rd%2C%20Tucson%2C%20AZ%2085704%2C%20USA,http://www.saucepizzaandwine.com/,2,,0,has website,28,false,ChIJE3K4Aatv1oYRBVSaqOGg9YE,4.3,835
Wildflower,"7037 N Oracle Rd, Tucson, AZ 85704, USA",+1 520-219-4230,bar,casas-adobes,https://maps.google.com/?q=Wildflower%207037%20N%20Oracle%20Rd%2C%20Tucson%2C%20AZ%2085704%2C%20USA,https://www.wildflowertucson.com/locations/tucson-az/?utm_source=Google&utm_medium=Organic&utm_campaign=Maps,2,,0,has website,29,false,ChIJTUeNKkFz1oYRPESAnTPRUV8,4.6,1839
Monsoons Tap & Grill,"6781 N Thornydale Rd #261, Tucson, AZ 85741, USA",+1 520-219-0301,bar,casas-adobes,https://maps.google.com/?q=Monsoons%20Tap%20%26%20Grill%206781%20N%20Thornydale%20Rd%20%23261%2C%20Tucson%2C%20AZ%2085741%2C%20USA,http://www.monsoonstapandgrill.com/,2,,0,has website,30,false,ChIJ2QhbAyh11oYRVK2ZtQxEWLE,4.5,1022
Tap & Bottle,"7254 N Oracle Rd, Tucson, AZ 85704, USA",+1 520-268-8725,bar,casas-adobes,https://maps.google.com/?q=Tap%20%26%20Bottle%207254%20N%20Oracle%20Rd%2C%20Tucson%2C%20AZ%2085704%2C%20USA,http://www.thetapandbottle.com/,2,,0,has website,31,false,ChIJVVUupkdz1oYRHZHrlp7VUmQ,4.7,599
HUMO COCINA MEXICANA,"6671 N Thornydale Rd, Tucson, AZ 85741, USA",+1 520-333-2571,bar,casas-adobes,https://maps.google.com/?q=HUMO%20COCINA%20MEXICANA%206671%20N%20Thornydale%20Rd%2C%20Tucson%2C%20AZ%2085741%2C%20USA,https://humotucson.com/?utm_source=google,2,,0,has website,32,false,ChIJfWgLtLN11oYRuh5wPWa5df4,4.8,1324
Carrabba's Italian Grill,"7635 N Oracle Rd, Oro Valley, AZ 85737, USA",+1 520-742-7442,bar,casas-adobes,https://maps.google.com/?q=Carrabba%27s%20Italian%20Grill%207635%20N%20Oracle%20Rd%2C%20Oro%20Valley%2C%20AZ%2085737%2C%20USA,https://locations.carrabbas.com/arizona/oro-valley/7635-n-oracle-road?y_source=1_MTU1MDI5NjgtNzE1LWxvY2F0aW9uLndlYnNpdGU%3D,2,,0,has website,33,false,ChIJTyogiElz1oYRmp3zol8DFgw,4.3,1432
El Charro Café Oro Valley,"7725 N Oracle Rd #101, Tucson, AZ 85704, USA",+1 520-229-1922,bar,casas-adobes,https://maps.google.com/?q=El%20Charro%20Caf%C3%A9%20Oro%20Valley%207725%20N%20Oracle%20Rd%20%23101%2C%20Tucson%2C%20AZ%2085704%2C%20USA,http://www.elcharrocafe.com/,2,,0,has website,34,false,ChIJGU1UP0pz1oYR2SNxDPJLtM4,4.3,1997
Caps & Corks,"3830 W River Rd #100, Tucson, AZ 85741, USA",+1 520-441-9943,bar,casas-adobes,https://maps.google.com/?q=Caps%20%26%20Corks%203830%20W%20River%20Rd%20%23100%2C%20Tucson%2C%20AZ%2085741%2C%20USA,http://www.capsandcorksaz.com/,2,,0,has website,35,false,ChIJAQBAqd901oYRuCLMYZHMdd4,4.8,315
Barnfire Mesquite Grill,"8310 N Thornydale Rd, Tucson, AZ 85741, USA",+1 520-572-5968,bar,casas-adobes,https://maps.google.com/?q=Barnfire%20Mesquite%20Grill%208310%20N%20Thornydale%20Rd%2C%20Tucson%2C%20AZ%2085741%2C%20USA,http://barnfiremesquitegrill.com/,2,,0,has website,36,false,ChIJ_XmLoiAL1oYRHXgjDKpZ_lw,4,1189
Barnes & Noble,"7325 N La Cholla Blvd Suite 100, Tucson, AZ 85741, USA",+1 520-742-6402,cafe,casas-adobes,https://maps.google.com/?q=Barnes%20%26%20Noble%207325%20N%20La%20Cholla%20Blvd%20Suite%20100%2C%20Tucson%2C%20AZ%2085741%2C%20USA,https://stores.barnesandnoble.com/store/2804,2,,0,has website,37,false,ChIJaT--wbN01oYRmoWIuc1ioaw,4.6,2148
Chocolate Iguana,"7250 N La Cholla Blvd #194, Tucson, AZ 85741, USA",+1 520-222-6349,cafe,casas-adobes,https://maps.google.com/?q=Chocolate%20Iguana%207250%20N%20La%20Cholla%20Blvd%20%23194%2C%20Tucson%2C%20AZ%2085741%2C%20USA,,1,,0,no website,38,false,ChIJsxdLs8d11oYRt1faaanfwuU,4.5,57
Bing's Boba Tea,"2040 W Orange Grove Rd #104, Tucson, AZ 85704, USA",+1 520-288-8220,cafe,casas-adobes,https://maps.google.com/?q=Bing%27s%20Boba%20Tea%202040%20W%20Orange%20Grove%20Rd%20%23104%2C%20Tucson%2C%20AZ%2085704%2C%20USA,http://bingsbobatea.com/,2,,0,has website,40,false,ChIJNwhP75d01oYRpIAHIYIw8u0,4.5,459
Banhdicted,"1980 W Orange Grove Rd #180, Tucson, AZ 85704, USA",+1 520-389-8128,cafe,casas-adobes,https://maps.google.com/?q=Banhdicted%201980%20W%20Orange%20Grove%20Rd%20%23180%2C%20Tucson%2C%20AZ%2085704%2C%20USA,http://www.banhdicted.com/,2,,0,has website,41,false,ChIJXQWKfqZ11oYRFYBcWbPOqeg,4.7,521
Terra Cotta Cafe,"2727 W Club Dr, Tucson, AZ 85742, USA",+1 520-877-2377,cafe,casas-adobes,https://maps.google.com/?q=Terra%20Cotta%20Cafe%202727%20W%20Club%20Dr%2C%20Tucson%2C%20AZ%2085742%2C%20USA,https://www.omnihotels.com/hotels/tucson-national/dining/terra-cotta-cafe?utm_source=gmblisting&utm_medium=organic,2,,0,has website,43,false,ChIJ-V4mpCYL1oYRhkkJUVQJxJ8,4.3,6
Gallery cafe,"2001 W Rudasill Rd, Tucson, AZ 85704, USA",,cafe,casas-adobes,https://maps.google.com/?q=Gallery%20cafe%202001%20W%20Rudasill%20Rd%2C%20Tucson%2C%20AZ%2085704%2C%20USA,,1,,0,no website,44,false,ChIJqc82awB11oYR88mwk20qC-o,,
Crema Coffee,"3725 W Ina Rd #120, Tucson, AZ 85741, USA",+1 520-389-8848,cafe,casas-adobes,https://maps.google.com/?q=Crema%20Coffee%203725%20W%20Ina%20Rd%20%23120%2C%20Tucson%2C%20AZ%2085741%2C%20USA,http://cremacoffeeaz.com/,2,,0,has website,45,false,ChIJG3_WAc911oYRAAlHkbEDZLc,4.6,340
WFM Coffee & Juice Bar,"7133 N Oracle Rd, Tucson, AZ 85704, USA",+1 520-297-5394,cafe,casas-adobes,https://maps.google.com/?q=WFM%20Coffee%20%26%20Juice%20Bar%207133%20N%20Oracle%20Rd%2C%20Tucson%2C%20AZ%2085704%2C%20USA,http://www.wholefoodsmarket.com/stores/oracle?utm_source=google&utm_medium=organic&utm_campaign=listings,2,,0,has website,48,false,ChIJRfvs2EZz1oYRuJfn4EmcarY,4,27
Beyond Bread,"421 W Ina Rd, Tucson, AZ 85704, USA",+1 520-461-1111,cafe,casas-adobes,https://maps.google.com/?q=Beyond%20Bread%20421%20W%20Ina%20Rd%2C%20Tucson%2C%20AZ%2085704%2C%20USA,http://www.beyondbread.com/,2,,0,has website,52,false,ChIJFerXOUdz1oYRxttnlEP0CgE,4.4,1365
Vitality Bowls,"7090 N Oracle Rd #120, Tucson, AZ 85704, USA",+1 520-441-9511,cafe,casas-adobes,https://maps.google.com/?q=Vitality%20Bowls%207090%20N%20Oracle%20Rd%20%23120%2C%20Tucson%2C%20AZ%2085704%2C%20USA,https://vitalitybowls.com/locations/tucson-oracle-acai-bowls/?utm_source=google&utm_medium=gmb&utm_campaign=gmbweblink,2,,0,has website,53,false,ChIJY8fWCDNz1oYRJV6ddhYlozs,4.5,35
Albertsons,"7300 N La Cholla Blvd, Tucson, AZ 85741, USA",+1 520-575-0993,bakery,casas-adobes,https://maps.google.com/?q=Albertsons%207300%20N%20La%20Cholla%20Blvd%2C%20Tucson%2C%20AZ%2085741%2C%20USA,https://local.albertsons.com/az/tucson/7300-n-la-cholla-blvd.html,2,,0,has website,54,false,ChIJyTgR6rF01oYRvNXPaNQ96Ds,4.4,764
Baskin-Robbins,"7555 N La Cholla Blvd, Tucson, AZ 85741, USA",+1 520-531-9198,bakery,casas-adobes,https://maps.google.com/?q=Baskin-Robbins%207555%20N%20La%20Cholla%20Blvd%2C%20Tucson%2C%20AZ%2085741%2C%20USA,https://locations.baskinrobbins.com/az/tucson/7555-n-la-cholla-blvd?utm_source=google&utm_medium=organic&utm_campaign=Yext,2,,0,has website,55,false,ChIJYUOiWrB01oYRIa6LwfX-z2w,4.1,193
Her Elegant Design,"2409 W Monet Way, Tucson, AZ 85741, USA",+1 520-260-6501,bakery,casas-adobes,https://maps.google.com/?q=Her%20Elegant%20Design%202409%20W%20Monet%20Way%2C%20Tucson%2C%20AZ%2085741%2C%20USA,https://herelegantdesign.com/,2,,0,has website,58,false,ChIJC0mEUJh11oYRiFgzvPreDTM,4.9,21
Fry's,"3770 W Ina Rd, Tucson, AZ 85741, USA",+1 520-744-2472,bakery,casas-adobes,https://maps.google.com/?q=Fry%27s%203770%20W%20Ina%20Rd%2C%20Tucson%2C%20AZ%2085741%2C%20USA,https://www.frysfood.com/stores/grocery/az/tucson/ina-thornydale/660/00036?cid=loc_66000036_gmb,2,,0,has website,59,false,ChIJ0RWpXtV01oYRQHFbjLBiRpk,4.2,1511
Briar & Main®️-the patisserie,"7229 N Thornydale Rd Ste #113A, Tucson, AZ 85741, USA",+1 520-261-9496,bakery,casas-adobes,https://maps.google.com/?q=Briar%20%26%20Main%C2%AE%EF%B8%8F-the%20patisserie%207229%20N%20Thornydale%20Rd%20Ste%20%23113A%2C%20Tucson%2C%20AZ%2085741%2C%20USA,https://www.briarandmainpatisserie.com/,2,,0,has website,60,false,ChIJW_JXDmh4xiURyx1U8ODvcQA,5,5
Nothing Bundt Cakes,"7278 N Oracle Rd, Tucson, AZ 85704, USA",+1 520-742-4072,bakery,casas-adobes,https://maps.google.com/?q=Nothing%20Bundt%20Cakes%207278%20N%20Oracle%20Rd%2C%20Tucson%2C%20AZ%2085704%2C%20USA,https://www.nothingbundtcakes.com/find-a-bakery/az/tucson/bakery-164.html?utm_source=gbplisting&utm_medium=organic&utm_campaign=164_website_link,2,,0,has website,62,false,ChIJHc6HrUdz1oYRV-7DS_Tlqwk,4.4,150
Crumbl,"7805 N Oracle Rd Ste 151, Oro Valley, AZ 85704, USA",+1 520-355-3848,bakery,casas-adobes,https://maps.google.com/?q=Crumbl%207805%20N%20Oracle%20Rd%20Ste%20151%2C%20Oro%20Valley%2C%20AZ%2085704%2C%20USA,https://crumblcookies.com/stores/az/tucson-area/azorovalley?utm_source=google+business&utm_medium=profile&utm_campaign=CRUMBL-US+%7C+GOOGLE+BUSINESS+%7C+STORE+PAGE+%7C+ONGOING+%7C+CONSIDERATION+%7C+PROFILE,2,,0,has website,65,false,ChIJ8f_MFv9z1oYRnzrjZAEMES0,4.7,1610
Village Bakehouse,"7882 N Oracle Rd, Tucson, AZ 85704, USA",+1 520-531-0977,bakery,casas-adobes,https://maps.google.com/?q=Village%20Bakehouse%207882%20N%20Oracle%20Rd%2C%20Tucson%2C%20AZ%2085704%2C%20USA,https://villagebakehouse.com/,2,,0,has website,69,false,ChIJYcHLh0pz1oYRikGeRd_eVOQ,4.6,921
Pastry By Village,"7882 N Oracle Rd, Tucson, AZ 85704, USA",+1 520-389-5729,bakery,casas-adobes,https://maps.google.com/?q=Pastry%20By%20Village%207882%20N%20Oracle%20Rd%2C%20Tucson%2C%20AZ%2085704%2C%20USA,,1,,0,no website,70,false,ChIJdaNM-bBz1oYRaPY9vYGb8qk,,
Jade Garden Chinese Restaurant,"3720 W Ina Rd #106, Tucson, AZ 85741, USA",+1 520-744-2817,meal_delivery,casas-adobes,https://maps.google.com/?q=Jade%20Garden%20Chinese%20Restaurant%203720%20W%20Ina%20Rd%20%23106%2C%20Tucson%2C%20AZ%2085741%2C%20USA,https://www.jadegardenaz.com/,2,,0,has website,72,false,ChIJ_4qxddV01oYRT25bgjpuzHo,4.1,486
Dickey's Barbecue Pit,"7077 N Thornydale Rd, Tucson, AZ 85741, USA",+1 520-638-8030,meal_delivery,casas-adobes,https://maps.google.com/?q=Dickey%27s%20Barbecue%20Pit%207077%20N%20Thornydale%20Rd%2C%20Tucson%2C%20AZ%2085741%2C%20USA,https://www.dickeys.com/locations/arizona/tucson/marana?utm_source=google&utm_campaign=gmb&utm_medium=organic&utm_content=button-website,2,,0,has website,73,false,ChIJ8ZO1FSp11oYRflePvqawklk,3.9,1263
Dream Dinners Arizona,"3682 W Orange Grove Rd #132, Tucson, AZ 85741, USA",+1 520-742-0837,meal_delivery,casas-adobes,https://maps.google.com/?q=Dream%20Dinners%20Arizona%203682%20W%20Orange%20Grove%20Rd%20%23132%2C%20Tucson%2C%20AZ%2085741%2C%20USA,https://dreamdinnersarizona.com/,2,,0,has website,74,false,ChIJ_avd0Nh01oYRo4kJJifYne4,4.9,40
The Honey Baked Ham Company,"7090 N Oracle Rd Suite 100, Tucson, AZ 85704, USA",+1 520-544-2121,meal_delivery,casas-adobes,https://maps.google.com/?q=The%20Honey%20Baked%20Ham%20Company%207090%20N%20Oracle%20Rd%20Suite%20100%2C%20Tucson%2C%20AZ%2085704%2C%20USA,https://honeybaked.com/stores/8705?utm_source=gmb&utm_medium=google&utm_campaign=honeybakedham_soci&utm_id=SOCi,2,,0,has website,77,false,ChIJTzdItkBz1oYRDH3SJHJYZQ0,4.4,157
Dominick's Real Italian,"8330 N Thornydale Rd #170, Tucson, AZ 85741, USA",+1 520-744-2002,meal_delivery,casas-adobes,https://maps.google.com/?q=Dominick%27s%20Real%20Italian%208330%20N%20Thornydale%20Rd%20%23170%2C%20Tucson%2C%20AZ%2085741%2C%20USA,http://www.dominicksrealitalian.com/,2,,0,has website,78,false,ChIJwx6evSAL1oYRT14xwjfgjS8,4.3,1259
Smoothie King,"3820 W River Rd, Tucson, AZ 85741, USA",+1 520-797-6547,meal_delivery,casas-adobes,https://maps.google.com/?q=Smoothie%20King%203820%20W%20River%20Rd%2C%20Tucson%2C%20AZ%2085741%2C%20USA,https://locations.smoothieking.com/ll/us/az/tucson/3820-river-road/?utm_source=google&utm_medium=organic&utm_content=SOCi,2,,0,has website,79,false,ChIJIzs0eN901oYRy_lJbCa172U,4.1,371
Baggin's Gourmet Sandwiches at Orange Grove,"6342 N Oracle Rd b427, Tucson, AZ 85704, USA",+1 520-575-8878,meal_delivery,casas-adobes,https://maps.google.com/?q=Baggin%27s%20Gourmet%20Sandwiches%20at%20Orange%20Grove%206342%20N%20Oracle%20Rd%20b427%2C%20Tucson%2C%20AZ%2085704%2C%20USA,http://www.bagginsgourmet.com/,2,,0,has website,80,false,ChIJCyqE0BJz1oYRQPn44RH5FrQ,4.2,458
Giuseppe's,"6060 N Oracle Rd, Tucson, AZ 85704, USA",+1 520-505-4187,meal_delivery,casas-adobes,https://maps.google.com/?q=Giuseppe%27s%206060%20N%20Oracle%20Rd%2C%20Tucson%2C%20AZ%2085704%2C%20USA,https://giuseppesristorantes.com/guiseppes-noraclerd?utm_source=google,2,,0,has website,81,false,ChIJN_C1IXNz1oYRG0c2OLa4GVM,4.4,1088
Jack in the Box,"4479 W Ina Rd, Tucson, AZ 85741, USA",+1 520-812-7865,meal_delivery,casas-adobes,https://maps.google.com/?q=Jack%20in%20the%20Box%204479%20W%20Ina%20Rd%2C%20Tucson%2C%20AZ%2085741%2C%20USA,https://locations.jackinthebox.com/us/az/tucson/4479-w-ina-rd?utm_source=google&utm_medium=local&utm_campaign=google-local,2,,0,has website,82,false,ChIJi11hq_Z11oYRZla2btWbB_0,3.2,801
QuikTrip,"3390 W Ina Rd, Tucson, AZ 85741, USA",+1 520-797-6963,meal_takeaway,casas-adobes,https://maps.google.com/?q=QuikTrip%203390%20W%20Ina%20Rd%2C%20Tucson%2C%20AZ%2085741%2C%20USA,https://locations.quiktrip.com/az/tucson/3390-w-ina-rd?utm_source=gmb&utm_medium=yext&y_source=1_MTYwMDQyOTgtNzE1LWxvY2F0aW9uLndlYnNpdGU%3D,2,,0,has website,84,false,ChIJ45XBvNN01oYRyrf3a6wx-nU,4,116
Panda House Stir-Fry Mongolian Grill,"3725 W Ina Rd #110, Tucson, AZ 85741, USA",+1 520-744-6200,meal_takeaway,casas-adobes,https://maps.google.com/?q=Panda%20House%20Stir-Fry%20Mongolian%20Grill%203725%20W%20Ina%20Rd%20%23110%2C%20Tucson%2C%20AZ%2085741%2C%20USA,https://www.facebook.com/pandahousestirfry/,2,,0,has website,85,false,ChIJYZ76ndV01oYRR80izp6AoVM,4.4,274
SNOWFOX Sushi,"3770 W Ina Rd, Tucson, AZ 85741, USA",,meal_takeaway,casas-adobes,https://maps.google.com/?q=SNOWFOX%20Sushi%203770%20W%20Ina%20Rd%2C%20Tucson%2C%20AZ%2085741%2C%20USA,https://www.snowfox.com/,2,,0,has website,88,false,ChIJC1fdeep11oYR3SekrA77S6k,4,4
Market Sandwich,"7133 N Oracle Rd, Tucson, AZ 85704, USA",+1 520-352-0111,meal_takeaway,casas-adobes,https://maps.google.com/?q=Market%20Sandwich%207133%20N%20Oracle%20Rd%2C%20Tucson%2C%20AZ%2085704%2C%20USA,https://www.wholefoodsmarket.com/eateries/market-sandwich-menu?utm_source=google&utm_medium=organic&utm_campaign=listings,2,,0,has website,92,false,ChIJHXz3Y2xz1oYRBcg-McHFMWo,,
Golden Corral Buffet & Grill,"6865 N Thornydale Rd, Tucson, AZ 85741, USA",+1 520-544-0350,meal_takeaway,casas-adobes,https://maps.google.com/?q=Golden%20Corral%20Buffet%20%26%20Grill%206865%20N%20Thornydale%20Rd%2C%20Tucson%2C%20AZ%2085741%2C%20USA,https://www.goldencorral.com/locations/location-detail/932/golden-corral-n-thornydale-road/?utm_source=google&utm_medium=local&utm_campaign=localmaps&utm_content=932,2,,0,has website,94,false,ChIJw7S7Kyh11oYRE4VhoMT5Dbg,4,4086
Brenna V salon,"7350 N La Cholla Blvd suite 116, Tucson, AZ 85741, USA",+1 520-395-1795,hair_salon,casas-adobes,https://maps.google.com/?q=Brenna%20V%20salon%207350%20N%20La%20Cholla%20Blvd%20suite%20116%2C%20Tucson%2C%20AZ%2085741%2C%20USA,http://www.brennavsalon.com/,2,,0,has website,96,false,ChIJJ8xrqSR11oYRUGA66A-3tDU,5,128
Wee's Hair Salon,"2040 W Orange Grove Rd # 110, Tucson, AZ 85704, USA",+1 520-209-2411,hair_salon,casas-adobes,https://maps.google.com/?q=Wee%27s%20Hair%20Salon%202040%20W%20Orange%20Grove%20Rd%20%23%20110%2C%20Tucson%2C%20AZ%2085704%2C%20USA,,1,,0,no website,99,false,ChIJ3WVhVr101oYRZkAsxQKVBHY,4.5,142
A Cut Above Family Haircare,"Heritage Plaza, 2952 W Ina Rd, Tucson, AZ 85741, USA",+1 520-888-5456,hair_salon,casas-adobes,https://maps.google.com/?q=A%20Cut%20Above%20Family%20Haircare%20Heritage%20Plaza%2C%202952%20W%20Ina%20Rd%2C%20Tucson%2C%20AZ%2085741%2C%20USA,,1,,0,no website,100,false,ChIJ7VsH_ehz1oYRyTw7wcqJ9C8,4.5,132
ScissorHands Studio,"3621 W Sadler Pl, Tucson, AZ 85741, USA",+1 520-954-1353,hair_salon,casas-adobes,https://maps.google.com/?q=ScissorHands%20Studio%203621%20W%20Sadler%20Pl%2C%20Tucson%2C%20AZ%2085741%2C%20USA,,1,,0,no website,101,false,ChIJ86-NTSoL1oYRPOXvAXZH36w,5,1
Michelle Nugent Hair Salon,"Tucson, AZ 85704, USA",+1 520-548-1320,hair_salon,casas-adobes,https://maps.google.com/?q=Michelle%20Nugent%20Hair%20Salon%20Tucson%2C%20AZ%2085704%2C%20USA,https://www.instagram.com/michellenugentsalon/,2,,0,has website,102,false,ChIJNwTWBURz1oYR8n1cIO4t-bY,5,7
D Wolf Studio,"7315 N Oracle Rd LuxSpace Unit 51 suite 1, Tucson, AZ 85704, USA",+1 954-663-9066,hair_salon,casas-adobes,https://maps.google.com/?q=D%20Wolf%20Studio%207315%20N%20Oracle%20Rd%20LuxSpace%20Unit%2051%20suite%201%2C%20Tucson%2C%20AZ%2085704%2C%20USA,http://mariannawolf.glossgenius.com/,2,,0,has website,103,false,ChIJJzDsf6xz1oYR4A9D9UIWPi8,5,19
House of Hair Co. By Melissa Buda,"7315 N Oracle Rd Suite 051, Oro Valley, AZ 85704, USA",,hair_salon,casas-adobes,https://maps.google.com/?q=House%20of%20Hair%20Co.%20By%20Melissa%20Buda%207315%20N%20Oracle%20Rd%20Suite%20051%2C%20Oro%20Valley%2C%20AZ%2085704%2C%20USA,https://melissabuda.glossgenius.com/,2,,0,has website,104,false,ChIJtzQTqVJz1oYR1N6-UxzWRhs,4.9,37
hair by bry (thtalthairgirll),"7315 N Oracle Rd ste 51 room 29, Oro Valley, AZ 85704, USA",+1 520-858-3215,hair_salon,casas-adobes,https://maps.google.com/?q=hair%20by%20bry%20%28thtalthairgirll%29%207315%20N%20Oracle%20Rd%20ste%2051%20room%2029%2C%20Oro%20Valley%2C%20AZ%2085704%2C%20USA,https://thtalthairgirll.glossgenius.com/,2,,0,has website,105,false,ChIJo_JTzXZz1oYRkto4NEnhINg,5,10
Hair By Dendi | Invisible Bead Extensions®️ Master,"Located in LuxSpace, 7315 N Oracle Rd Suite 51 Studio 9, Oro Valley, AZ 85704, USA",+1 520-451-4590,hair_salon,casas-adobes,https://maps.google.com/?q=Hair%20By%20Dendi%20%7C%20Invisible%20Bead%20Extensions%C2%AE%EF%B8%8F%20Master%20Located%20in%20LuxSpace%2C%207315%20N%20Oracle%20Rd%20Suite%2051%20Studio%209%2C%20Oro%20Valley%2C%20AZ%2085704%2C%20USA,https://dendiskinner.glossgenius.com/,2,,0,has website,106,false,ChIJmQWmjMUN1oYRNLSdzZoUBlU,5,72
Lux 55 Hair Studio,"7315 N Oracle Rd, Oro Valley, AZ 85704, USA",+1 520-784-1181,hair_salon,casas-adobes,https://maps.google.com/?q=Lux%2055%20Hair%20Studio%207315%20N%20Oracle%20Rd%2C%20Oro%20Valley%2C%20AZ%2085704%2C%20USA,https://www.facebook.com/lux55hairstudiolisayrigoyen/,2,,0,has website,107,false,ChIJSamARF5z1oYROPP1U9GbfpQ,5,3
Concept Beauty Bar LLC,"7315 N Oracle Rd Suite 51-32, Oro Valley, AZ 85704, USA",+1 520-975-1739,hair_salon,casas-adobes,https://maps.google.com/?q=Concept%20Beauty%20Bar%20LLC%207315%20N%20Oracle%20Rd%20Suite%2051-32%2C%20Oro%20Valley%2C%20AZ%2085704%2C%20USA,,1,,0,no website,108,false,ChIJM8nHkFlz1oYRR4tu-66MVyY,5,8
Wren Hair Studio,"7315 N Oracle Rd Suite 14, Tucson, AZ 85704, USA",,hair_salon,casas-adobes,https://maps.google.com/?q=Wren%20Hair%20Studio%207315%20N%20Oracle%20Rd%20Suite%2014%2C%20Tucson%2C%20AZ%2085704%2C%20USA,https://wrenhairstudio.square.site/,2,,0,has website,109,false,ChIJAedV-h9z1oYRRqplFhJ9zOM,5,7
Saguaro Studio,"7315 N Oracle Rd Suite 051, Tucson, AZ 85704, USA",,hair_salon,casas-adobes,https://maps.google.com/?q=Saguaro%20Studio%207315%20N%20Oracle%20Rd%20Suite%20051%2C%20Tucson%2C%20AZ%2085704%2C%20USA,https://saguaro-studio.square.site/,2,,0,has website,110,false,ChIJB-qvFf9z1oYR9HD8uJmdboI,,
Hair & Skin Studio,"7225 N Oracle Rd #108, Tucson, AZ 85704, USA",+1 520-297-8292,hair_salon,casas-adobes,https://maps.google.com/?q=Hair%20%26%20Skin%20Studio%207225%20N%20Oracle%20Rd%20%23108%2C%20Tucson%2C%20AZ%2085704%2C%20USA,,1,,0,no website,111,false,ChIJIRo1-EZz1oYR3Q1BJqTV69Q,5,12
Salon V,"7315 N Oracle Rd #106, Tucson, AZ 85704, USA",+1 520-907-9120,hair_salon,casas-adobes,https://maps.google.com/?q=Salon%20V%207315%20N%20Oracle%20Rd%20%23106%2C%20Tucson%2C%20AZ%2085704%2C%20USA,https://www.facebook.com/salonvtucson/,2,,0,has website,112,false,ChIJBzEpSEZz1oYRGAvyDVNf8UU,4.9,38
Verve Salon,"7025 N Oracle Rd, N Casas Adobes Dr, Tucson, AZ 85704, USA",+1 520-297-0747,hair_salon,casas-adobes,https://maps.google.com/?q=Verve%20Salon%207025%20N%20Oracle%20Rd%2C%20N%20Casas%20Adobes%20Dr%2C%20Tucson%2C%20AZ%2085704%2C%20USA,http://vervesalonlifestyle.com/,2,,0,has website,113,false,ChIJh9VqKkFz1oYRiX4XGnbvKdQ,4.5,121
Ellie & Co Hair Salon,"7274 N Oracle Rd, Tucson, AZ 85704, USA",+1 520-989-0848,hair_salon,casas-adobes,https://maps.google.com/?q=Ellie%20%26%20Co%20Hair%20Salon%207274%20N%20Oracle%20Rd%2C%20Tucson%2C%20AZ%2085704%2C%20USA,http://www.ellieandcohairsalon.com/,2,,0,has website,114,false,ChIJadbkJOtz1oYRpOTt5nF63rU,5,59
Shear Madness,"7090 N Oracle Rd suite 80 room 20, Tucson, AZ 85704, USA",+1 520-771-5031,hair_salon,casas-adobes,https://maps.google.com/?q=Shear%20Madness%207090%20N%20Oracle%20Rd%20suite%2080%20room%2020%2C%20Tucson%2C%20AZ%2085704%2C%20USA,https://shearmadnesss.glossgenius.com/,2,,0,has website,115,false,ChIJLy92s21z1oYRSMluPMb9lv4,,
VN Nails Inc,"7475 N La Cholla Blvd Suite 410, Tucson, AZ 85741, USA",+1 520-445-9641,nail_salon,casas-adobes,https://maps.google.com/?q=VN%20Nails%20Inc%207475%20N%20La%20Cholla%20Blvd%20Suite%20410%2C%20Tucson%2C%20AZ%2085741%2C%20USA,https://vnnailsinc85741.com/,2,,0,has website,116,false,ChIJGQN4_bJ01oYRDfbdhrLY1C4,4.4,131
L'Amour Nails,"7250 N La Cholla Blvd #156, Tucson, AZ 85704, USA",+1 520-498-4567,nail_salon,casas-adobes,https://maps.google.com/?q=L%27Amour%20Nails%207250%20N%20La%20Cholla%20Blvd%20%23156%2C%20Tucson%2C%20AZ%2085704%2C%20USA,,1,,0,no website,117,false,ChIJR_X7ewB11oYRyjlPKtEINhw,4.3,246
"Regal Nails, Salon & Spa","7635 N La Cholla Blvd, Tucson, AZ 85741, USA",+1 520-531-1281,nail_salon,casas-adobes,https://maps.google.com/?q=Regal%20Nails%2C%20Salon%20%26%20Spa%207635%20N%20La%20Cholla%20Blvd%2C%20Tucson%2C%20AZ%2085741%2C%20USA,,1,,0,no website,118,false,ChIJZaHPWLN01oYRem7hnEDB1wg,4.5,138
Gelax nails and spa,"2040 W Orange Grove Rd #122, Tucson, AZ 85704, USA",+1 520-250-4136,nail_salon,casas-adobes,https://maps.google.com/?q=Gelax%20nails%20and%20spa%202040%20W%20Orange%20Grove%20Rd%20%23122%2C%20Tucson%2C%20AZ%2085704%2C%20USA,,1,,0,no website,119,false,ChIJhd-o1vt11oYR-d_ZbAVkV3E,4.7,52
Nail Rap,"2972 W Ina Rd, Tucson, AZ 85741, USA",+1 520-498-4730,nail_salon,casas-adobes,https://maps.google.com/?q=Nail%20Rap%202972%20W%20Ina%20Rd%2C%20Tucson%2C%20AZ%2085741%2C%20USA,https://www.facebook.com/profile.php?id=61551406000701,2,,0,has website,120,false,ChIJkyUONIV11oYROa_omex5gMI,5,3
Medi Spa by Natasha,"1845 W Orange Grove Rd Suite 125, Tucson, AZ 85704, USA",+1 520-877-3328,nail_salon,casas-adobes,https://maps.google.com/?q=Medi%20Spa%20by%20Natasha%201845%20W%20Orange%20Grove%20Rd%20Suite%20125%2C%20Tucson%2C%20AZ%2085704%2C%20USA,https://www.dabyag.com/medi-spa/,2,,0,has website,121,false,ChIJU4t4Jpl01oYROejluxTAaW4,5,4
KT Nails,"3720 W Ina Rd #122, Tucson, AZ 85741, USA",+1 520-572-2459,nail_salon,casas-adobes,https://maps.google.com/?q=KT%20Nails%203720%20W%20Ina%20Rd%20%23122%2C%20Tucson%2C%20AZ%2085741%2C%20USA,https://ktnailsazbyv.com/,2,,0,has website,122,false,ChIJ_4qxddV01oYRWX_qXCSFAvk,4.7,1585
Orchid Nails,"3773 W Ina Rd, Tucson, AZ 85741, USA",+1 520-579-2693,nail_salon,casas-adobes,https://maps.google.com/?q=Orchid%20Nails%203773%20W%20Ina%20Rd%2C%20Tucson%2C%20AZ%2085741%2C%20USA,https://orchidnailstucson.com/,2,,0,has website,123,false,ChIJmd8879V01oYRx4LiZbFvRys,4.3,149
2nd Haus Salon & Spa,"7225 N Oracle Rd #108, Tucson, AZ 85704, USA",+1 520-406-9911,nail_salon,casas-adobes,https://maps.google.com/?q=2nd%20Haus%20Salon%20%26%20Spa%207225%20N%20Oracle%20Rd%20%23108%2C%20Tucson%2C%20AZ%2085704%2C%20USA,http://www.2ndhaussalon.com/,2,,0,has website,124,false,ChIJTbfaiG5z1oYRXDPh6Co34Mo,5,25
Füt Health Spa,"7051 N Oracle Rd Suite 12, Tucson, AZ 85704, USA",+1 520-734-7502,nail_salon,casas-adobes,https://maps.google.com/?q=F%C3%BCt%20Health%20Spa%207051%20N%20Oracle%20Rd%20Suite%2012%2C%20Tucson%2C%20AZ%2085704%2C%20USA,https://www.futhealthspa.com/,2,,0,has website,125,false,ChIJAyEtYEhz1oYRCcg1XB8KiTM,5,14
TN Nails,"6811 N Thornydale Rd, Tucson, AZ 85741, USA",+1 520-275-7968,nail_salon,casas-adobes,https://maps.google.com/?q=TN%20Nails%206811%20N%20Thornydale%20Rd%2C%20Tucson%2C%20AZ%2085741%2C%20USA,https://tnnailstucson.com/,2,,0,has website,126,false,ChIJi915JtV11oYRxuDnrGKxspY,4.4,237
Gorgeous Nail Salon & Spa,"3682 W Orange Grove Rd, Tucson, AZ 85741, USA",+1 520-797-0909,nail_salon,casas-adobes,https://maps.google.com/?q=Gorgeous%20Nail%20Salon%20%26%20Spa%203682%20W%20Orange%20Grove%20Rd%2C%20Tucson%2C%20AZ%2085741%2C%20USA,,1,,0,no website,127,false,ChIJJz3-09h01oYRz4XvCUBZl-g,4.5,124
Lovely Nails,"7270 N Oracle Rd, Tucson, AZ 85704, USA",+1 520-219-1555,nail_salon,casas-adobes,https://maps.google.com/?q=Lovely%20Nails%207270%20N%20Oracle%20Rd%2C%20Tucson%2C%20AZ%2085704%2C%20USA,https://lovelynailstucson.com/,2,,0,has website,128,false,ChIJL_9krEdz1oYRtcFmwAuoRTE,4.6,239
GLAM BOSS NAIL BAR,"3930 W Ina Rd #314, Tucson, AZ 85741, USA",+1 520-570-9557,nail_salon,casas-adobes,https://maps.google.com/?q=GLAM%20BOSS%20NAIL%20BAR%203930%20W%20Ina%20Rd%20%23314%2C%20Tucson%2C%20AZ%2085741%2C%20USA,https://glamboss.hayven.ai/,2,,0,has website,129,false,ChIJ5bwZtBd11oYRKB6Mxi6zYQ4,5,63
Bellacures Nails and Spa,"7705 N Oracle Rd APT 109, Oro Valley, AZ 85704, USA",+1 520-442-5471,nail_salon,casas-adobes,https://maps.google.com/?q=Bellacures%20Nails%20and%20Spa%207705%20N%20Oracle%20Rd%20APT%20109%2C%20Oro%20Valley%2C%20AZ%2085704%2C%20USA,http://bellacuresnailsorovalley.com/,2,,0,has website,130,false,ChIJsTXKs3Fx1oYRAF6SBMbcfsM,4.7,368
Milano Nails Salon,"7931 N Oracle Rd, Oro Valley, AZ 85704, USA",+1 520-219-7035,nail_salon,casas-adobes,https://maps.google.com/?q=Milano%20Nails%20Salon%207931%20N%20Oracle%20Rd%2C%20Oro%20Valley%2C%20AZ%2085704%2C%20USA,http://milanonailssalonorovalley.com/,2,,0,has website,131,false,ChIJY1f-mUpz1oYRG0K1HnsVQDs,4.5,565
2DYE4 HAIR SALONS LLC,"235 W Giaconda Way STE 233, Tucson, AZ 85704, USA",+1 520-334-7563,nail_salon,casas-adobes,https://maps.google.com/?q=2DYE4%20HAIR%20SALONS%20LLC%20235%20W%20Giaconda%20Way%20STE%20233%2C%20Tucson%2C%20AZ%2085704%2C%20USA,http://www.2dye4hairsalons.com/,2,,0,has website,132,false,ChIJPdl8-id11oYR9F_AL8Sw-gw,4.7,47
Paulene's Nails,"8340 N Thornydale Rd #130, Tucson, AZ 85741, USA",+1 520-579-9166,nail_salon,casas-adobes,https://maps.google.com/?q=Paulene%27s%20Nails%208340%20N%20Thornydale%20Rd%20%23130%2C%20Tucson%2C%20AZ%2085741%2C%20USA,,1,,0,no website,133,false,ChIJBZKsm94K1oYRp5RHa8_QIqg,4.1,104
Nail Art By Tony,"7090 N Oracle Rd, Tucson, AZ 85704, USA",+1 520-742-3477,nail_salon,casas-adobes,https://maps.google.com/?q=Nail%20Art%20By%20Tony%207090%20N%20Oracle%20Rd%2C%20Tucson%2C%20AZ%2085704%2C%20USA,https://nailartbytony.com/,2,,0,has website,134,false,ChIJTzdItkBz1oYR0qURBgXy6iE,4.6,67
The Nail Nook,"6818 N Oracle Rd, Tucson, AZ 85704, USA",+1 520-275-5829,nail_salon,casas-adobes,https://maps.google.com/?q=The%20Nail%20Nook%206818%20N%20Oracle%20Rd%2C%20Tucson%2C%20AZ%2085704%2C%20USA,https://www.vagaro.com/thenailnooktucson?ig_fbb=true,2,,0,has website,135,false,ChIJx0JmIwBz1oYRgxwyXnw4pO8,5,4
Foothills Dermatology,"7418 N La Cholla Blvd, Tucson, AZ 85741, USA",+1 520-731-1110,beauty_salon,casas-adobes,https://maps.google.com/?q=Foothills%20Dermatology%207418%20N%20La%20Cholla%20Blvd%2C%20Tucson%2C%20AZ%2085741%2C%20USA,https://www.foothillsdermatology.com/,2,,0,has website,136,false,ChIJv_61EYd11oYRtS2tBHQghBg,4.9,421
"Francisco ""Frank"" Trejo PA-C Foothills Dermatology","7418 N La Cholla Blvd, Tucson, AZ 85741, USA",+1 520-731-1110,beauty_salon,casas-adobes,https://maps.google.com/?q=Francisco%20%22Frank%22%20Trejo%20PA-C%20Foothills%20Dermatology%207418%20N%20La%20Cholla%20Blvd%2C%20Tucson%2C%20AZ%2085741%2C%20USA,https://www.foothillsdermatology.com/,2,,0,has website,137,false,ChIJPQd4D7J01oYRKNyKdtu8ys8,4,4
Lash Bar Social,"7478 N La Cholla Blvd, Tucson, AZ 85741, USA",+1 520-261-0678,beauty_salon,casas-adobes,https://maps.google.com/?q=Lash%20Bar%20Social%207478%20N%20La%20Cholla%20Blvd%2C%20Tucson%2C%20AZ%2085741%2C%20USA,https://lashbarsocialaz.glossgenius.com/,2,,0,has website,138,false,ChIJQ-O9wBh11oYRxQrRafuEMWs,3.7,3
Perfectly Polished,"7484 N La Cholla Blvd, Tucson, AZ 85741, USA",+1 520-800-4824,beauty_salon,casas-adobes,https://maps.google.com/?q=Perfectly%20Polished%207484%20N%20La%20Cholla%20Blvd%2C%20Tucson%2C%20AZ%2085741%2C%20USA,https://perfectlypolishedtucson.com/contact-us,2,,0,has website,139,false,ChIJq6qOXbJ01oYR3zTi1A-V8Kc,,
BodySong Spa,"7520 N La Cholla Blvd, Tucson, AZ 85741, USA",+1 520-284-7400,beauty_salon,casas-adobes,https://maps.google.com/?q=BodySong%20Spa%207520%20N%20La%20Cholla%20Blvd%2C%20Tucson%2C%20AZ%2085741%2C%20USA,https://bodysongspa.com/,2,,0,has website,140,false,ChIJOYp9c-511oYRolzlVJmzv34,4.9,170
Skinani,"7628 N La Cholla Blvd, Tucson, AZ 85741, USA",+1 520-543-0353,beauty_salon,casas-adobes,https://maps.google.com/?q=Skinani%207628%20N%20La%20Cholla%20Blvd%2C%20Tucson%2C%20AZ%2085741%2C%20USA,https://www.skinani.com/,2,,0,has website,141,false,ChIJ81ei1gzh1YYRURxlUrphFyQ,5,129
Blue Diamond Beauty Bar,"2295 W Magee Rd #106, Tucson, AZ 85742, USA",+1 520-219-7186,beauty_salon,casas-adobes,https://maps.google.com/?q=Blue%20Diamond%20Beauty%20Bar%202295%20W%20Magee%20Rd%20%23106%2C%20Tucson%2C%20AZ%2085742%2C%20USA,https://www.bluediamondbeautybar.com/,2,,0,has website,142,false,ChIJ7_4yUn0L1oYR320C7LQNq-U,4.8,23
Sacred Skin and Wax,"2252 W Magee Rd, Tucson, AZ 85742, USA",+1 520-344-4406,beauty_salon,casas-adobes,https://maps.google.com/?q=Sacred%20Skin%20and%20Wax%202252%20W%20Magee%20Rd%2C%20Tucson%2C%20AZ%2085742%2C%20USA,https://sacredskinandwax.com/,2,,0,has website,143,false,ChIJiwK3rzp11oYRGb9vLMoSmK0,5,21
Moonlight Studio 12,"2292 W Magee Rd #230, Tucson, AZ 85742, USA",+1 520-820-5850,beauty_salon,casas-adobes,https://maps.google.com/?q=Moonlight%20Studio%2012%202292%20W%20Magee%20Rd%20%23230%2C%20Tucson%2C%20AZ%2085742%2C%20USA,https://www.appointfix.com/book/Moonlight-Studio-12,2,,0,has website,144,false,ChIJSRO3a0jasIQRhYwfNrbAw0E,,
K C's Hair & More,"2840 W Ina Rd Apt 116, Tucson, AZ 85741, USA",+1 520-575-4040,beauty_salon,casas-adobes,https://maps.google.com/?q=K%20C%27s%20Hair%20%26%20More%202840%20W%20Ina%20Rd%20Apt%20116%2C%20Tucson%2C%20AZ%2085741%2C%20USA,http://www.kcshairandmore.com/,2,,0,has website,145,false,ChIJY2EJBcx01oYRaV-ImjA9PyM,4.8,64
Heavenly Skin by Ari,"3037 W Ina Rd Ste 101, Tucson, AZ 85741, USA",+1 435-374-1045,beauty_salon,casas-adobes,https://maps.google.com/?q=Heavenly%20Skin%20by%20Ari%203037%20W%20Ina%20Rd%20Ste%20101%2C%20Tucson%2C%20AZ%2085741%2C%20USA,,1,,0,no website,146,false,ChIJBZIBar5wj64ReUthwOmVQ1Y,5,2
Tucson Cosmetics,"1230 W Ina Rd, Tucson, AZ 85704, USA",+1 520-389-8080,beauty_salon,casas-adobes,https://maps.google.com/?q=Tucson%20Cosmetics%201230%20W%20Ina%20Rd%2C%20Tucson%2C%20AZ%2085704%2C%20USA,http://tucsoncosmetics.com/,2,,0,has website,147,false,ChIJK9YJsUpz1oYRGcRu2ps5270,4.8,228
AMG Center For Regenerative Medicine & Aesthetics,"7356 N La Cholla Blvd, Tucson, AZ 85741, USA",+1 520-600-8558,spa,casas-adobes,https://maps.google.com/?q=AMG%20Center%20For%20Regenerative%20Medicine%20%26%20Aesthetics%207356%20N%20La%20Cholla%20Blvd%2C%20Tucson%2C%20AZ%2085741%2C%20USA,http://www.amgregenerativemedicine.com/,2,,0,has website,148,false,ChIJf-tGKml11oYRgwZMwCwPQMo,4.9,186
Licensed Massage Therapy - Kendra Wetzel LMT,"7410 N La Cholla Blvd Suite #6, Tucson, AZ 85742, USA",+1 425-330-0635,spa,casas-adobes,https://maps.google.com/?q=Licensed%20Massage%20Therapy%20-%20Kendra%20Wetzel%20LMT%207410%20N%20La%20Cholla%20Blvd%20Suite%20%236%2C%20Tucson%2C%20AZ%2085742%2C%20USA,https://www.wetzelmassage.com/,2,,0,has website,149,false,ChIJ9aNOn_h11oYRPUT8_aAP6Sg,5,26
Red Mountain Weight Loss,"7448 N La Cholla Blvd Apt 110, Tucson, AZ 85741, USA",+1 520-382-0588,spa,casas-adobes,https://maps.google.com/?q=Red%20Mountain%20Weight%20Loss%207448%20N%20La%20Cholla%20Blvd%20Apt%20110%2C%20Tucson%2C%20AZ%2085741%2C%20USA,https://www.redmountainweightloss.com/areas-served/la-cholla-az/,2,,0,has website,150,false,ChIJlwI8arJ01oYRvb1OWopfIEU,4.8,225
Rao Plastic Surgery - Foothills,"7418 N La Cholla Blvd, Tucson, AZ 85741, USA",+1 520-214-2148,spa,casas-adobes,https://maps.google.com/?q=Rao%20Plastic%20Surgery%20-%20Foothills%207418%20N%20La%20Cholla%20Blvd%2C%20Tucson%2C%20AZ%2085741%2C%20USA,https://raoplasticsurgery.com/?utm_source=google-business&utm_medium=organic&utm_campaign=nwoffice&utm_content=profile-link,2,,0,has website,151,false,ChIJIx1E-YN11oYRdnGh_CZ7VmA,,
Sonoran Moon Massage Therapy,"7478 N La Cholla Blvd, Tucson, AZ 85741, USA",+1 520-780-2614,spa,casas-adobes,https://maps.google.com/?q=Sonoran%20Moon%20Massage%20Therapy%207478%20N%20La%20Cholla%20Blvd%2C%20Tucson%2C%20AZ%2085741%2C%20USA,,1,,0,no website,152,false,ChIJEbO2CQB11oYRFEXm-prZqJA,5,8
Ánimo Head Spa,"Inside Sonoran Moon Massage, 7478 N La Cholla Blvd, Tucson, AZ 85741, USA",+1 520-495-9281,spa,casas-adobes,https://maps.google.com/?q=%C3%81nimo%20Head%20Spa%20Inside%20Sonoran%20Moon%20Massage%2C%207478%20N%20La%20Cholla%20Blvd%2C%20Tucson%2C%20AZ%2085741%2C%20USA,https://www.animoheadspa.com/,2,,0,has website,153,false,ChIJWWxjcUB11oYR6V7KbMlGf6M,5,32
Nancy Weigand Therapeutic Massage,"2292 W Magee Rd Ste 140, Tucson, AZ 85742, USA",+1 785-213-7361,spa,casas-adobes,https://maps.google.com/?q=Nancy%20Weigand%20Therapeutic%20Massage%202292%20W%20Magee%20Rd%20Ste%20140%2C%20Tucson%2C%20AZ%2085742%2C%20USA,https://nancymassage.com/,2,,0,has website,154,false,ChIJwYEhbhhFE4cRJuQrWjz5--k,5,48
Bell Aesthetics and Infusions,"1801 W Ina Rd, Tucson, AZ 85704, USA",+1 503-881-2041,spa,casas-adobes,https://maps.google.com/?q=Bell%20Aesthetics%20and%20Infusions%201801%20W%20Ina%20Rd%2C%20Tucson%2C%20AZ%2085704%2C%20USA,,1,,0,no website,155,false,ChIJKdnTBSp11oYRRw8JCy2scEM,5,4
A New Creation Clinic and Medi-Spa,"1801 W Ina Rd, Tucson, AZ 85704, USA",+1 520-293-1117,spa,casas-adobes,https://maps.google.com/?q=A%20New%20Creation%20Clinic%20and%20Medi-Spa%201801%20W%20Ina%20Rd%2C%20Tucson%2C%20AZ%2085704%2C%20USA,http://www.anewcreationclinicandmedispa.com/,2,,0,has website,156,false,ChIJ8zMRuJl01oYRYT0SVAIekP0,4.6,126
Sesen Aesthetics,"1631 W Ina Rd #151, Tucson, AZ 85704, USA",+1 520-600-8279,spa,casas-adobes,https://maps.google.com/?q=Sesen%20Aesthetics%201631%20W%20Ina%20Rd%20%23151%2C%20Tucson%2C%20AZ%2085704%2C%20USA,http://www.sesenaesthetics.com/,2,,0,has website,157,false,ChIJGayKpdp11oYRdnwoBNwowoo,,
Jessica Laguna Massage,"1603 W Ina Rd, Tucson, AZ 85704, USA",+1 520-405-8852,spa,casas-adobes,https://maps.google.com/?q=Jessica%20Laguna%20Massage%201603%20W%20Ina%20Rd%2C%20Tucson%2C%20AZ%2085704%2C%20USA,https://jeslagunamt-102368.square.site/,2,,0,has website,158,false,ChIJUVJ8jcZ11oYR0ajsc1NAiXE,,
Glow Collective,"1603 W Ina Rd, Tucson, AZ 85704, USA",,spa,casas-adobes,https://maps.google.com/?q=Glow%20Collective%201603%20W%20Ina%20Rd%2C%20Tucson%2C%20AZ%2085704%2C%20USA,,1,,0,no website,159,false,ChIJ0ZDEqu511oYRFCSvQIG9QqI,,
Breathe Well Aesthetics,"1603 W Ina Rd, Tucson, AZ 85704, USA",+1 520-305-9633,spa,casas-adobes,https://maps.google.com/?q=Breathe%20Well%20Aesthetics%201603%20W%20Ina%20Rd%2C%20Tucson%2C%20AZ%2085704%2C%20USA,http://breathewellaesthetics.glossgenius.com/,2,,0,has website,160,false,ChIJy1tmwgJv1oYRYCtItZAVTFQ,5,11
Ironwood Dental,"1607 W Ina Rd, Tucson, AZ 85704, USA",+1 520-888-2900,spa,casas-adobes,https://maps.google.com/?q=Ironwood%20Dental%201607%20W%20Ina%20Rd%2C%20Tucson%2C%20AZ%2085704%2C%20USA,https://www.ironwooddentalaz.com/,2,,0,has website,161,false,ChIJJVjM10dz1oYRjTwfXkivm5c,4.9,580
9 Spa Massage,"2040 W Orange Grove Rd #170, Tucson, AZ 85704, USA",+1 520-265-6229,spa,casas-adobes,https://maps.google.com/?q=9%20Spa%20Massage%202040%20W%20Orange%20Grove%20Rd%20%23170%2C%20Tucson%2C%20AZ%2085704%2C%20USA,https://www.9-spa-massage.com/,2,,0,has website,162,false,ChIJzXey3bt11oYRw96bUi6o_OI,3.9,7
Headliners Barbershop,"7555 N La Cholla Blvd, Tucson, AZ 85741, USA",+1 520-544-2090,barber_shop,casas-adobes,https://maps.google.com/?q=Headliners%20Barbershop%207555%20N%20La%20Cholla%20Blvd%2C%20Tucson%2C%20AZ%2085741%2C%20USA,,1,,0,no website,163,false,ChIJAQAAwLN01oYRDzC9RhWz8SY,4,180
JsFreshFades,"7555 N La Cholla Blvd, Tucson, AZ 85741, USA",+1 520-460-5316,barber_shop,casas-adobes,https://maps.google.com/?q=JsFreshFades%207555%20N%20La%20Cholla%20Blvd%2C%20Tucson%2C%20AZ%2085741%2C%20USA,http://jsfreshfades.booksy.com/a/,2,,0,has website,164,false,ChIJFXTsY3V11oYRj6WRErfQRDo,5,5
London Town Barber Shop,"2840 W Ina Rd Apt 124, Tucson, AZ 85741, USA",+1 520-575-0567,barber_shop,casas-adobes,https://maps.google.com/?q=London%20Town%20Barber%20Shop%202840%20W%20Ina%20Rd%20Apt%20124%2C%20Tucson%2C%20AZ%2085741%2C%20USA,http://londontownbarbershop.com/,2,,0,has website,165,false,ChIJLYRxBcx01oYRwd4P84AQUjY,4.6,134
Foothills Barbers,"2912 W Ina Rd #120, Tucson, AZ 85741, USA",+1 520-887-5242,barber_shop,casas-adobes,https://maps.google.com/?q=Foothills%20Barbers%202912%20W%20Ina%20Rd%20%23120%2C%20Tucson%2C%20AZ%2085741%2C%20USA,http://foothillsbarbers.com/,2,,0,has website,166,false,ChIJIfRYJMx01oYRJAU1I3Wd70s,4.9,234
Stefani Cuts,"2040 W Orange Grove Rd, Tucson, AZ 85704, USA",+1 520-388-0053,barber_shop,casas-adobes,https://maps.google.com/?q=Stefani%20Cuts%202040%20W%20Orange%20Grove%20Rd%2C%20Tucson%2C%20AZ%2085704%2C%20USA,http://stefanicuts.booksy.com/,2,,0,has website,167,false,ChIJG_IDJzZ11oYR3PSXk3gr6KI,5,1
Milly Chops LLC,"2040 W Orange Grove Rd Suite 150, Tucson, AZ 85704, USA",+1 623-698-2965,barber_shop,casas-adobes,https://maps.google.com/?q=Milly%20Chops%20LLC%202040%20W%20Orange%20Grove%20Rd%20Suite%20150%2C%20Tucson%2C%20AZ%2085704%2C%20USA,https://millychops.booksy.com/,2,,0,has website,168,false,ChIJwbHJGZN11oYRJKltA_Aoask,5,5
Edged Barber Shop,"2040 W Orange Grove Rd Suite 150, Tucson, AZ 85704, USA",+1 520-344-9502,barber_shop,casas-adobes,https://maps.google.com/?q=Edged%20Barber%20Shop%202040%20W%20Orange%20Grove%20Rd%20Suite%20150%2C%20Tucson%2C%20AZ%2085704%2C%20USA,https://www.edgedbarbershop.com/,2,,0,has website,169,false,ChIJZ1z5qul11oYRkuKc0ifMpjA,4.5,108
INA Barber Lounge,"3701 W Ina Rd # 102, Tucson, AZ 85741, USA",+1 520-744-3800,barber_shop,casas-adobes,https://maps.google.com/?q=INA%20Barber%20Lounge%203701%20W%20Ina%20Rd%20%23%20102%2C%20Tucson%2C%20AZ%2085741%2C%20USA,https://www.fresha.com/book-now/ina-barber-lounge-kdikdivv/all-offer?pId=828985,2,,0,has website,170,false,ChIJZcS-o9V01oYRkUwScqWOaDE,4.8,253
Knuckles Barbershop,"3720 W Ina Rd Ste. 116, Tucson, AZ 85741, USA",+1 520-833-2711,barber_shop,casas-adobes,https://maps.google.com/?q=Knuckles%20Barbershop%203720%20W%20Ina%20Rd%20Ste.%20116%2C%20Tucson%2C%20AZ%2085741%2C%20USA,https://www.facebook.com/profile.php?id=100070665887268,2,,0,has website,171,false,ChIJ_2iHbNV01oYRRaQZAH4Xidk,4.4,71
Dave & Associates,"3684 W Orange Grove Rd, Tucson, AZ 85741, USA",+1 520-260-3872,barber_shop,casas-adobes,https://maps.google.com/?q=Dave%20%26%20Associates%203684%20W%20Orange%20Grove%20Rd%2C%20Tucson%2C%20AZ%2085741%2C%20USA,http://www.dnabarbershop.com/,2,,0,has website,172,false,ChIJJVFhJt901oYRN-L2t_XbcYY,4.4,89
U Got It Barbershop,"6741 N Thornydale Rd #159, Tucson, AZ 85741, USA",+1 520-744-9551,barber_shop,casas-adobes,https://maps.google.com/?q=U%20Got%20It%20Barbershop%206741%20N%20Thornydale%20Rd%20%23159%2C%20Tucson%2C%20AZ%2085741%2C%20USA,https://ugotitbarbershop.barberly.app/,2,,0,has website,173,false,ChIJLbQoM9MK1oYRHBrm4T0ZzOc,4.7,170
R & Z's Barbershop,"3924 W Ina Rd #308, Tucson, AZ 85741, USA",+1 520-744-4000,barber_shop,casas-adobes,https://maps.google.com/?q=R%20%26%20Z%27s%20Barbershop%203924%20W%20Ina%20Rd%20%23308%2C%20Tucson%2C%20AZ%2085741%2C%20USA,https://randzsbarbershop.wixsite.com/r---z-s-barbershop,2,,0,has website,174,false,ChIJL1f7Gct11oYR-phtTWYTI3w,4.9,94
Pablos Barber Studio- Barber Shop,"7090 N Oracle Rd Suite 80 Studio #23, Tucson, AZ 85704, USA",+1 520-906-3660,barber_shop,casas-adobes,https://maps.google.com/?q=Pablos%20Barber%20Studio-%20Barber%20Shop%207090%20N%20Oracle%20Rd%20Suite%2080%20Studio%20%2323%2C%20Tucson%2C%20AZ%2085704%2C%20USA,https://www.instagram.com/pablosbarberstudio?utm_source=qr&igsh=MXIxZ2p2Zml3Nm15Mg==,2,,0,has website,176,false,ChIJecILxzRz1oYRk87O96Z6emg,5,12
Rocks Cuts Studio-Barbershop,"7090 N Oracle Rd Suite 80, Studio 10, Tucson, AZ 85704, USA",+1 520-476-9745,barber_shop,casas-adobes,https://maps.google.com/?q=Rocks%20Cuts%20Studio-Barbershop%207090%20N%20Oracle%20Rd%20Suite%2080%2C%20Studio%2010%2C%20Tucson%2C%20AZ%2085704%2C%20USA,https://getsqr.co/roca-morales,2,,0,has website,177,false,ChIJb_c-50571oYRCYjhUlgKusM,5,23
High Class Barber Studio,"7090 N Oracle Rd Suite 80, Tucson, AZ 85704, USA",+1 520-343-3366,barber_shop,casas-adobes,https://maps.google.com/?q=High%20Class%20Barber%20Studio%207090%20N%20Oracle%20Rd%20Suite%2080%2C%20Tucson%2C%20AZ%2085704%2C%20USA,https://vito6776.setmore.com/,2,,0,has website,178,false,ChIJIc2yNbdz1oYROyNDCoS5hFE,5,31
Gafni Dan M DDS,"7320 N La Cholla Blvd Apt 134, Tucson, AZ 85741, USA",+1 520-575-5233,dentist,casas-adobes,https://maps.google.com/?q=Gafni%20Dan%20M%20DDS%207320%20N%20La%20Cholla%20Blvd%20Apt%20134%2C%20Tucson%2C%20AZ%2085741%2C%20USA,,1,,0,no website,181,false,ChIJtSSQ6bF01oYRKJB_oaeNaoQ,,
Desert Springs Family Dentistry,"7320 N La Cholla Blvd Apt 134, Tucson, AZ 85741, USA",+1 520-500-8437,dentist,casas-adobes,https://maps.google.com/?q=Desert%20Springs%20Family%20Dentistry%207320%20N%20La%20Cholla%20Blvd%20Apt%20134%2C%20Tucson%2C%20AZ%2085741%2C%20USA,https://www.desertspringsfamilydentistry.com/locations/tucson-office/,2,,0,has website,182,false,ChIJtSSQ6bF01oYRrsDT9303-xA,4.5,39
Dr. Emily Yasmer,"7320 N La Cholla Blvd Apt 134, Tucson, AZ 85741, USA",+1 520-575-5900,dentist,casas-adobes,https://maps.google.com/?q=Dr.%20Emily%20Yasmer%207320%20N%20La%20Cholla%20Blvd%20Apt%20134%2C%20Tucson%2C%20AZ%2085741%2C%20USA,https://www.desertspringsfamilydentistry.com/,2,,0,has website,183,false,ChIJC2dNk7F01oYRVuuN0wtcJgE,,
"Dr. Anthony R. Burrows, DDS","7320 N La Cholla Blvd Apt 134, Tucson, AZ 85741, USA",+1 520-575-5900,dentist,casas-adobes,https://maps.google.com/?q=Dr.%20Anthony%20R.%20Burrows%2C%20DDS%207320%20N%20La%20Cholla%20Blvd%20Apt%20134%2C%20Tucson%2C%20AZ%2085741%2C%20USA,https://www.desertspringsfamilydentistry.com/,2,,0,has website,184,false,ChIJtSSQ6bF01oYRmJwD2Z5WUtI,4.1,9
"Dr. Utpal C. Patel, DDS","7434 N La Cholla Blvd, Tucson, AZ 85741, USA",+1 520-742-9292,dentist,casas-adobes,https://maps.google.com/?q=Dr.%20Utpal%20C.%20Patel%2C%20DDS%207434%20N%20La%20Cholla%20Blvd%2C%20Tucson%2C%20AZ%2085741%2C%20USA,,1,,0,no website,185,false,ChIJYwjIP7J01oYRm4xb_4CDD2U,5,1
"Kevin M. Schmidtke, DMD","7476 N La Cholla Blvd, Tucson, AZ 85741, USA",+1 520-297-2727,dentist,casas-adobes,https://maps.google.com/?q=Kevin%20M.%20Schmidtke%2C%20DMD%207476%20N%20La%20Cholla%20Blvd%2C%20Tucson%2C%20AZ%2085741%2C%20USA,http://www.kevinschmidtkedentistry.com/,2,,0,has website,186,false,ChIJ92UBW7J01oYRhuXcogx0n1E,4.9,53
Grinz Orthodontics - NW Tucson,"7488 N La Cholla Blvd, Tucson, AZ 85741, USA",+1 520-297-7575,dentist,casas-adobes,https://maps.google.com/?q=Grinz%20Orthodontics%20-%20NW%20Tucson%207488%20N%20La%20Cholla%20Blvd%2C%20Tucson%2C%20AZ%2085741%2C%20USA,https://grinzorthodontics.com/,2,,0,has website,187,false,ChIJRRWPZrJ01oYRaf_wV7gJp9s,4.8,189
Hoda Salim,"7488 N La Cholla Blvd, Tucson, AZ 85741, USA",+1 520-297-7575,dentist,casas-adobes,https://maps.google.com/?q=Hoda%20Salim%207488%20N%20La%20Cholla%20Blvd%2C%20Tucson%2C%20AZ%2085741%2C%20USA,,1,,0,no website,188,false,ChIJq6qGZrJ01oYRS7MUklUmis4,,
David Spalding DDS,"7518 N La Cholla Blvd, Tucson, AZ 85741, USA",+1 520-887-4510,dentist,casas-adobes,https://maps.google.com/?q=David%20Spalding%20DDS%207518%20N%20La%20Cholla%20Blvd%2C%20Tucson%2C%20AZ%2085741%2C%20USA,https://davidspaldingdds.com/,2,,0,has website,189,false,ChIJD95RXrJ01oYRIQP43Cmtocs,5,190
Ina Dentistry,"7516 N La Cholla Blvd, Tucson, AZ 85741, USA",+1 520-742-1713,dentist,casas-adobes,https://maps.google.com/?q=Ina%20Dentistry%207516%20N%20La%20Cholla%20Blvd%2C%20Tucson%2C%20AZ%2085741%2C%20USA,http://inadentistry.com/,2,,0,has website,190,false,ChIJNbcG8bJ01oYRpIewuQCm1Io,4.2,21
"Ina Dentistry: Dr. James Symonds, D.D.S.","7516 N La Cholla Blvd, Tucson, AZ 85741, USA",+1 520-742-1713,dentist,casas-adobes,https://maps.google.com/?q=Ina%20Dentistry%3A%20Dr.%20James%20Symonds%2C%20D.D.S.%207516%20N%20La%20Cholla%20Blvd%2C%20Tucson%2C%20AZ%2085741%2C%20USA,http://www.inadentistry.com/,2,,0,has website,191,false,ChIJNbcG8bJ01oYR5JiOwXREZNk,5,7
Arizona Prosthodontics,"7556 N La Cholla Blvd, Tucson, AZ 85741, USA",+1 520-323-2900,dentist,casas-adobes,https://maps.google.com/?q=Arizona%20Prosthodontics%207556%20N%20La%20Cholla%20Blvd%2C%20Tucson%2C%20AZ%2085741%2C%20USA,http://www.drfarnum.com/,2,,0,has website,192,false,ChIJ__Lk7rJ01oYRdsGHccWrgC0,3.9,19
Ryan C Farnum,"7556 N La Cholla Blvd #58, Tucson, AZ 85741, USA",+1 520-323-2900,dentist,casas-adobes,https://maps.google.com/?q=Ryan%20C%20Farnum%207556%20N%20La%20Cholla%20Blvd%20%2358%2C%20Tucson%2C%20AZ%2085741%2C%20USA,,1,,0,no website,193,false,ChIJAQDc7rJ01oYR0DI7gXv7k88,3,4
Dr. Eugene Choi,"7578 N La Cholla Blvd, Tucson, AZ 85741, USA",+1 520-263-8873,dentist,casas-adobes,https://maps.google.com/?q=Dr.%20Eugene%20Choi%207578%20N%20La%20Cholla%20Blvd%2C%20Tucson%2C%20AZ%2085741%2C%20USA,https://www.greatsmilefamilydentistry.com/dr-eugene-choi,2,,0,has website,194,false,ChIJ__9zkrJ01oYRCm1eR30xo-g,,
Great Smile Family Dentistry,"7578 N La Cholla Blvd, Tucson, AZ 85741, USA",+1 520-742-1991,dentist,casas-adobes,https://maps.google.com/?q=Great%20Smile%20Family%20Dentistry%207578%20N%20La%20Cholla%20Blvd%2C%20Tucson%2C%20AZ%2085741%2C%20USA,https://www.greatsmilefamilydentistry.com/,2,,0,has website,195,false,ChIJZ7gKkrJ01oYRt3SMZcf8M9k,4.9,298
Norman Bunch DDS MS: Pediatric Dentist,"7610 N La Cholla Blvd, Tucson, AZ 85741, USA",+1 520-544-8522,dentist,casas-adobes,https://maps.google.com/?q=Norman%20Bunch%20DDS%20MS%3A%20Pediatric%20Dentist%207610%20N%20La%20Cholla%20Blvd%2C%20Tucson%2C%20AZ%2085741%2C%20USA,http://www.nwkidsdds.com/,2,,0,has website,196,false,ChIJua9NvbJ01oYRTtFAGQLm0UU,4.2,5
Northwest Children's Dentistry,"7610 N La Cholla Blvd, Tucson, AZ 85741, USA",+1 520-544-8522,dentist,casas-adobes,https://maps.google.com/?q=Northwest%20Children%27s%20Dentistry%207610%20N%20La%20Cholla%20Blvd%2C%20Tucson%2C%20AZ%2085741%2C%20USA,http://www.nwkidsdds.com/,2,,0,has website,197,false,ChIJua9NvbJ01oYRkGLjayleAeQ,4.9,115
Monsoon Dental,"2195 W Magee Rd #120, Tucson, AZ 85742, USA",+1 520-720-3999,dentist,casas-adobes,https://maps.google.com/?q=Monsoon%20Dental%202195%20W%20Magee%20Rd%20%23120%2C%20Tucson%2C%20AZ%2085742%2C%20USA,https://www.monsoondental.com/?utm_source=google&utm_medium=organic&utm_campaign=gbp-listing,2,,0,has website,198,false,ChIJkYCYs8gL1oYRVYd2s9GxSSo,5,21
Jose Osete D.D.S.,"2205 W Magee Rd #124, Tucson, AZ 85742, USA",+1 520-797-4551,dentist,casas-adobes,https://maps.google.com/?q=Jose%20Osete%20D.D.S.%202205%20W%20Magee%20Rd%20%23124%2C%20Tucson%2C%20AZ%2085742%2C%20USA,http://www.arizonasunsetdental.com/,2,,0,has website,199,false,ChIJfQELwEwL1oYR6v7LS4RCR_k,5,3
Arizona Sunset Dental,"2205 W Magee Rd #124, Tucson, AZ 85742, USA",+1 520-797-4551,dentist,casas-adobes,https://maps.google.com/?q=Arizona%20Sunset%20Dental%202205%20W%20Magee%20Rd%20%23124%2C%20Tucson%2C%20AZ%2085742%2C%20USA,http://www.arizonasunsetdental.com/,2,,0,has website,200,false,ChIJe33zvZl01oYRDEDmqOwotoE,5,35
"Ajay Sanan, MD","7396 N La Cholla Blvd, Tucson, AZ 85741, USA",+1 520-229-1554,doctor,casas-adobes,https://maps.google.com/?q=Ajay%20Sanan%2C%20MD%207396%20N%20La%20Cholla%20Blvd%2C%20Tucson%2C%20AZ%2085741%2C%20USA,https://www.pimaeye.com/our-doctors/ajay-sanan-md/,2,,0,has website,201,false,ChIJL1sqO7J01oYRrv5FxBBpokQ,5,29
Pima Eye Institute PC,"7396 N La Cholla Blvd, Tucson, AZ 85741, USA",+1 520-229-1554,doctor,casas-adobes,https://maps.google.com/?q=Pima%20Eye%20Institute%20PC%207396%20N%20La%20Cholla%20Blvd%2C%20Tucson%2C%20AZ%2085741%2C%20USA,http://www.pimaeye.com/,2,,0,has website,202,false,ChIJL1sqO7J01oYRlIaya_TtfXs,4.2,60
"Ricardo Couso, MD","7396 N La Cholla Blvd, Tucson, AZ 85741, USA",+1 520-229-1554,doctor,casas-adobes,https://maps.google.com/?q=Ricardo%20Couso%2C%20MD%207396%20N%20La%20Cholla%20Blvd%2C%20Tucson%2C%20AZ%2085741%2C%20USA,https://www.pimaeye.com/,2,,0,has website,203,false,ChIJ__ILAnl11oYRY8wp3VgKsvI,5,2
Lindsay Tavares,"7396 N La Cholla Blvd, Tucson, AZ 85741, USA",+1 520-229-1554,doctor,casas-adobes,https://maps.google.com/?q=Lindsay%20Tavares%207396%20N%20La%20Cholla%20Blvd%2C%20Tucson%2C%20AZ%2085741%2C%20USA,https://www.pimaeye.com/our-doctors/lindsay-tavares-md/,2,,0,has website,204,false,ChIJVVUlO7J01oYRDTunOLgmmnY,4.5,8
Tucson Foot and Ankle Institute,"7406 N La Cholla Blvd, Tucson, AZ 85741, USA",+1 520-545-0202,doctor,casas-adobes,https://maps.google.com/?q=Tucson%20Foot%20and%20Ankle%20Institute%207406%20N%20La%20Cholla%20Blvd%2C%20Tucson%2C%20AZ%2085741%2C%20USA,,1,,0,no website,205,false,ChIJSRcKVlV11oYRT3Qf68Z7S-8,4.8,248
Center for Neurology and Spine,"7406 N La Cholla Blvd, Tucson, AZ 85741, USA",+1 602-482-2116,doctor,casas-adobes,https://maps.google.com/?q=Center%20for%20Neurology%20and%20Spine%207406%20N%20La%20Cholla%20Blvd%2C%20Tucson%2C%20AZ%2085741%2C%20USA,,1,,0,no website,206,false,ChIJ9_IZCvV11oYRbLJ0f8rrn_E,,
"Dr. Alan Shih, DPM","7406 N La Cholla Blvd, Tucson, AZ 85741, USA",+1 520-545-0202,doctor,casas-adobes,https://maps.google.com/?q=Dr.%20Alan%20Shih%2C%20DPM%207406%20N%20La%20Cholla%20Blvd%2C%20Tucson%2C%20AZ%2085741%2C%20USA,https://tucsonfoot.com/dr-shih/?utm_source=Local&utm_medium=GMB&utm_campaign=Alan%20Shih,2,,0,has website,207,false,ChIJ2Zz3OLJ01oYRV8oxfPFBOic,4.6,36
🟣Dr Ernestina Pelayo,"7410 N La Cholla Blvd, Tucson, AZ 85741, USA",+1 520-531-0431,doctor,casas-adobes,https://maps.google.com/?q=%F0%9F%9F%A3Dr%20Ernestina%20Pelayo%207410%20N%20La%20Cholla%20Blvd%2C%20Tucson%2C%20AZ%2085741%2C%20USA,,1,,0,no website,208,false,ChIJM4Zwj55z1oYRwwkALsORvm8,,
"Head to Toe Healthcare, PLC","7406 N La Cholla Blvd, Tucson, AZ 85741, USA",+1 520-545-0202,doctor,casas-adobes,https://maps.google.com/?q=Head%20to%20Toe%20Healthcare%2C%20PLC%207406%20N%20La%20Cholla%20Blvd%2C%20Tucson%2C%20AZ%2085741%2C%20USA,https://headtotoehealthcare.org/?utm_source=Local&utm_medium=GMB&utm_campaign=Head%20to%20Toe%20Healthcare,2,,0,has website,209,false,ChIJ2Zz3OLJ01oYR6H2vivWY9V4,4.6,245
Pusch Ridge Family Medicine,"7390 N La Cholla Blvd, Tucson, AZ 85741, USA",+1 520-825-3547,doctor,casas-adobes,https://maps.google.com/?q=Pusch%20Ridge%20Family%20Medicine%207390%20N%20La%20Cholla%20Blvd%2C%20Tucson%2C%20AZ%2085741%2C%20USA,https://www.azacp.com/office/pusch-ridge/,2,,0,has website,210,false,ChIJ_QRNGLJ01oYR_5aZgqKrjs0,4.3,25
"Kimy Charani, DO","7390 N La Cholla Blvd, Tucson, AZ 85741, USA",+1 520-825-3547,doctor,casas-adobes,https://maps.google.com/?q=Kimy%20Charani%2C%20DO%207390%20N%20La%20Cholla%20Blvd%2C%20Tucson%2C%20AZ%2085741%2C%20USA,http://www.azacp.com/,2,,0,has website,211,false,ChIJ_QRNGLJ01oYRGzqv6uTorOs,4.8,17
"Greg Capocy, PMHNP-BC - Brightmind Psychiatry PLLC","7410 N La Cholla Blvd, Tucson, AZ 85741, USA",+1 520-742-9166,doctor,casas-adobes,https://maps.google.com/?q=Greg%20Capocy%2C%20PMHNP-BC%20-%20Brightmind%20Psychiatry%20PLLC%207410%20N%20La%20Cholla%20Blvd%2C%20Tucson%2C%20AZ%2085741%2C%20USA,http://brightmindpsychiatry.com/,2,,0,has website,212,false,ChIJS0DFBCN3RSMRmMbd1ncLTjU,5,1
Dr. Tejaskumar Patel,"7410 N La Cholla Blvd, Tucson, AZ 85741, USA",+1 520-639-8576,doctor,casas-adobes,https://maps.google.com/?q=Dr.%20Tejaskumar%20Patel%207410%20N%20La%20Cholla%20Blvd%2C%20Tucson%2C%20AZ%2085741%2C%20USA,,1,,0,no website,213,false,ChIJ-3_hPbJ01oYRIE7dm0hemD4,,
"Dr. Ernestina Pelayo De Olivares, MD","7410 N La Cholla Blvd, Tucson, AZ 85741, USA",+1 520-742-9166,doctor,casas-adobes,https://maps.google.com/?q=Dr.%20Ernestina%20Pelayo%20De%20Olivares%2C%20MD%207410%20N%20La%20Cholla%20Blvd%2C%20Tucson%2C%20AZ%2085741%2C%20USA,https://rymap.org/business/dr-ernestina-pelayo-de-olivares-md-7y5ugw,2,,0,has website,214,false,ChIJM4Zwj55z1oYReKuXfnH59jo,4.4,13
Bock Erich V DPM,"7320 N La Cholla Blvd, Tucson, AZ 85741, USA",+1 520-219-1477,doctor,casas-adobes,https://maps.google.com/?q=Bock%20Erich%20V%20DPM%207320%20N%20La%20Cholla%20Blvd%2C%20Tucson%2C%20AZ%2085741%2C%20USA,,1,,0,no website,215,false,ChIJq6qqqtp01oYRdLZRb3AfpOY,,
Ortho Sport & Spine Physicians,"7434 N La Cholla Blvd, Tucson, AZ 85741, USA",+1 520-542-3515,doctor,casas-adobes,https://maps.google.com/?q=Ortho%20Sport%20%26%20Spine%20Physicians%207434%20N%20La%20Cholla%20Blvd%2C%20Tucson%2C%20AZ%2085741%2C%20USA,https://orthosportandspine.com/,2,,0,has website,216,false,ChIJv-yQZ8511oYR6gYCqTPx2dw,,
"Dr. Jeffrey M. Nelson, MD","7416 N La Cholla Blvd, Tucson, AZ 85741, USA",+1 520-575-8400,doctor,casas-adobes,https://maps.google.com/?q=Dr.%20Jeffrey%20M.%20Nelson%2C%20MD%207416%20N%20La%20Cholla%20Blvd%2C%20Tucson%2C%20AZ%2085741%2C%20USA,http://www.jnelsonmd.com/,2,,0,has website,217,false,ChIJ8S-UFrJ01oYRMa8-qLEClWo,3.9,31
Dr Bruce Sadilek,"7468 N La Cholla Blvd, Tucson, AZ 85741, USA",+1 520-297-9664,doctor,casas-adobes,https://maps.google.com/?q=Dr%20Bruce%20Sadilek%207468%20N%20La%20Cholla%20Blvd%2C%20Tucson%2C%20AZ%2085741%2C%20USA,http://www.drsadilek.com/,2,,0,has website,218,false,ChIJrVM0RLJ01oYRh_dwEnEqGJ4,5,28
Integrative Medical Associates,"7468 N La Cholla Blvd, Tucson, AZ 85741, USA",+1 520-297-9664,doctor,casas-adobes,https://maps.google.com/?q=Integrative%20Medical%20Associates%207468%20N%20La%20Cholla%20Blvd%2C%20Tucson%2C%20AZ%2085741%2C%20USA,http://www.drsadilek.com/,2,,0,has website,219,false,ChIJrVM0RLJ01oYRxZjuw6mDCcA,4.6,8
Northwest Internal Medicine,"7370 N La Cholla Blvd, Tucson, AZ 85741, USA",+1 520-742-1565,doctor,casas-adobes,https://maps.google.com/?q=Northwest%20Internal%20Medicine%207370%20N%20La%20Cholla%20Blvd%2C%20Tucson%2C%20AZ%2085741%2C%20USA,http://www.nwalliedphysicians.com/,2,,0,has website,220,false,ChIJgZ5V-LF01oYRCbo-VDQsxD0,,
Mann Susan L,"7400 N La Cholla Blvd, Tucson, AZ 85741, USA",+1 520-531-0305,physiotherapist,casas-adobes,https://maps.google.com/?q=Mann%20Susan%20L%207400%20N%20La%20Cholla%20Blvd%2C%20Tucson%2C%20AZ%2085741%2C%20USA,,1,,0,no website,221,false,ChIJsYSyO7J01oYRralL1PLINdk,,
Neal Marcus R,"7400 N La Cholla Blvd, Tucson, AZ 85741, USA",+1 520-531-0305,physiotherapist,casas-adobes,https://maps.google.com/?q=Neal%20Marcus%20R%207400%20N%20La%20Cholla%20Blvd%2C%20Tucson%2C%20AZ%2085741%2C%20USA,,1,,0,no website,222,false,ChIJsYSyO7J01oYR66HjlewHqz8,,
Desert Palms Physical Therapy,"7400 N La Cholla Blvd, Tucson, AZ 85741, USA",+1 520-531-0305,physiotherapist,casas-adobes,https://maps.google.com/?q=Desert%20Palms%20Physical%20Therapy%207400%20N%20La%20Cholla%20Blvd%2C%20Tucson%2C%20AZ%2085741%2C%20USA,https://desertpalmspt.com/,2,,0,has website,223,false,ChIJsYSyO7J01oYRwbQDiFXdmew,4.9,176
"Leslie P. Drawdy, PT","7368 N La Cholla Blvd, Tucson, AZ 85741, USA",+1 520-742-3092,physiotherapist,casas-adobes,https://maps.google.com/?q=Leslie%20P.%20Drawdy%2C%20PT%207368%20N%20La%20Cholla%20Blvd%2C%20Tucson%2C%20AZ%2085741%2C%20USA,,1,,0,no website,224,false,ChIJvR-C-bF01oYRJL8Z0Sd_n7Y,,
"Dennis Theobald, PT","2262 W Magee Rd, Tucson, AZ 85742, USA",+1 520-219-0482,physiotherapist,casas-adobes,https://maps.google.com/?q=Dennis%20Theobald%2C%20PT%202262%20W%20Magee%20Rd%2C%20Tucson%2C%20AZ%2085742%2C%20USA,,1,,0,no website,225,false,ChIJ1fK1g0wL1oYRl3RD11sgFJQ,,
"Selene A. Nance, DPT","6881 N Machiavelli Way, Tucson, AZ 85741, USA",+1 520-792-1450,physiotherapist,casas-adobes,https://maps.google.com/?q=Selene%20A.%20Nance%2C%20DPT%206881%20N%20Machiavelli%20Way%2C%20Tucson%2C%20AZ%2085741%2C%20USA,http://www.tucson.va.gov/,2,,0,has website,226,false,ChIJfZ1yS7p01oYRXI9XqdagY_s,,
"Jason A. Petz, PTA","2945 W Ina Rd # 121, Tucson, AZ 85741, USA",+1 520-219-5553,physiotherapist,casas-adobes,https://maps.google.com/?q=Jason%20A.%20Petz%2C%20PTA%202945%20W%20Ina%20Rd%20%23%20121%2C%20Tucson%2C%20AZ%2085741%2C%20USA,,1,,0,no website,227,false,ChIJdRyHkM501oYR_q8IuV-6WNM,,
Total Care Connections,"3017 W Ina Rd STE 151, Tucson, AZ 85741, USA",+1 520-546-1554,physiotherapist,casas-adobes,https://maps.google.com/?q=Total%20Care%20Connections%203017%20W%20Ina%20Rd%20STE%20151%2C%20Tucson%2C%20AZ%2085741%2C%20USA,https://totalcareconnections.com/home-care-tucson-az/,2,,0,has website,228,false,ChIJATltSjty1oYRipJSl9piFUY,4.6,70
Strocsher Amy M.,"2150 W Orange Grove Rd, Tucson, AZ 85741, USA",+1 520-219-0157,physiotherapist,casas-adobes,https://maps.google.com/?q=Strocsher%20Amy%20M.%202150%20W%20Orange%20Grove%20Rd%2C%20Tucson%2C%20AZ%2085741%2C%20USA,https://www.villagemedical.com/locations/arizona/10405-n-la-canada-dr-oro-valley-az-85737,2,,0,has website,229,false,ChIJFZiRwJB01oYR29KEfmllR6w,5,5
"Marlena Burk, LMT, PT","3055 W Ina Rd Suite 195, Tucson, AZ 85741, USA",+1 520-730-6952,physiotherapist,casas-adobes,https://maps.google.com/?q=Marlena%20Burk%2C%20LMT%2C%20PT%203055%20W%20Ina%20Rd%20Suite%20195%2C%20Tucson%2C%20AZ%2085741%2C%20USA,http://www.saguaronorthwest.com/,2,,0,has website,230,false,ChIJaymXh1Dh1YYRveZMAl5KhXU,4,4
Jessica Gonzalez Pons,"6320 N La Cholla Blvd #310, Tucson, AZ 85741, USA",+1 520-382-8200,physiotherapist,casas-adobes,https://maps.google.com/?q=Jessica%20Gonzalez%20Pons%206320%20N%20La%20Cholla%20Blvd%20%23310%2C%20Tucson%2C%20AZ%2085741%2C%20USA,,1,,0,no website,231,false,ChIJq6pqmZd01oYRgLNKlsqkKYo,,
Tucson Orthopaedic Institute - Northwest Office,"6320 N La Cholla Blvd #200, Tucson, AZ 85741, USA",+1 520-382-8200,physiotherapist,casas-adobes,https://maps.google.com/?q=Tucson%20Orthopaedic%20Institute%20-%20Northwest%20Office%206320%20N%20La%20Cholla%20Blvd%20%23200%2C%20Tucson%2C%20AZ%2085741%2C%20USA,https://www.tucsonortho.com/contact/northwest-office/,2,,0,has website,232,false,ChIJN7fkXJB01oYRhVzWsOS4bHw,4.3,639
Ellers Kristen,"1313 W Magee Rd, Tucson, AZ 85704, USA",+1 520-797-2600,physiotherapist,casas-adobes,https://maps.google.com/?q=Ellers%20Kristen%201313%20W%20Magee%20Rd%2C%20Tucson%2C%20AZ%2085704%2C%20USA,,1,,0,no website,233,false,ChIJ4xFMbqsM1oYRZ8RNmxcYkd0,,
Rusk Amber,"1919 W Medical St, Tucson, AZ 85704, USA",+1 520-291-8311,physiotherapist,casas-adobes,https://maps.google.com/?q=Rusk%20Amber%201919%20W%20Medical%20St%2C%20Tucson%2C%20AZ%2085704%2C%20USA,,1,,0,no website,234,false,ChIJj8nkdZl01oYRWBcI710pW98,,
Encompass Health Rehabilitation Hospital of Northwest Tucson,"1921 W Hospital Dr, Tucson, AZ 85704, USA",+1 520-742-2800,physiotherapist,casas-adobes,https://maps.google.com/?q=Encompass%20Health%20Rehabilitation%20Hospital%20of%20Northwest%20Tucson%201921%20W%20Hospital%20Dr%2C%20Tucson%2C%20AZ%2085704%2C%20USA,https://www.encompasshealth.com/locations/northwest-tucson-rehab?utm_source=google&utm_medium=organic&utm_campaign=gbp,2,,0,has website,235,false,ChIJ7wC7Ppp01oYRf14Z-iPUHnQ,4.3,68
"Ashley Thompson, MOT","1921 W Hospital Dr, Tucson, AZ 85704, USA",+1 520-544-5262,physiotherapist,casas-adobes,https://maps.google.com/?q=Ashley%20Thompson%2C%20MOT%201921%20W%20Hospital%20Dr%2C%20Tucson%2C%20AZ%2085704%2C%20USA,,1,,0,no website,236,false,ChIJ7wC7Ppp01oYRm1xnYt8Zm_k,,
Vibrant Health Clinic-Institute,"By Appt, Tucson, AZ 85704, USA",+1 520-615-1336,physiotherapist,casas-adobes,https://maps.google.com/?q=Vibrant%20Health%20Clinic-Institute%20By%20Appt%2C%20Tucson%2C%20AZ%2085704%2C%20USA,,1,,0,no website,237,false,ChIJAQAAAFBz1oYRteTNrHl8PIY,,
Athletico Physical Therapy - Tucson (Northwest La Cholla),"5880 N La Cholla Blvd Ste. 120, Tucson, AZ 85704, USA",+1 520-639-8122,physiotherapist,casas-adobes,https://maps.google.com/?q=Athletico%20Physical%20Therapy%20-%20Tucson%20%28Northwest%20La%20Cholla%29%205880%20N%20La%20Cholla%20Blvd%20Ste.%20120%2C%20Tucson%2C%20AZ%2085704%2C%20USA,https://www.athletico.com/locations/tucson-northwest-la-cholla/?utm_source=google-tucsonNWlacholla&utm_medium=web&utm_campaign=google-listings,2,,0,has website,238,false,ChIJD897_Y901oYRLqDgHYoYkWI,4.8,48
"Holly Dwyer, PTA","7315 N Oracle Rd, Tucson, AZ 85704, USA",+1 520-293-5551,physiotherapist,casas-adobes,https://maps.google.com/?q=Holly%20Dwyer%2C%20PTA%207315%20N%20Oracle%20Rd%2C%20Tucson%2C%20AZ%2085704%2C%20USA,,1,,0,no website,239,false,ChIJzW0caJ5z1oYRHkcPWl-iEPQ,,
ProActive Physical Therapy,"7601 N Oracle Rd #101, Oro Valley, AZ 85704, USA",+1 520-293-5551,physiotherapist,casas-adobes,https://maps.google.com/?q=ProActive%20Physical%20Therapy%207601%20N%20Oracle%20Rd%20%23101%2C%20Oro%20Valley%2C%20AZ%2085704%2C%20USA,https://proactivept.com/location/north-central-tucson/,2,,0,has website,240,false,ChIJY0kqRkZz1oYRisvNzqy7jNQ,4.9,106
Apex Tailoring Studio,"7475 N La Cholla Blvd #418, Tucson, AZ 85741, USA",+1 520-639-6672,clothing_store,casas-adobes,https://maps.google.com/?q=Apex%20Tailoring%20Studio%207475%20N%20La%20Cholla%20Blvd%20%23418%2C%20Tucson%2C%20AZ%2085741%2C%20USA,https://www.apextailoringstudio.com/,2,,0,has website,242,false,ChIJCe1EFgR11oYRbRtGQ9L-GRI,4.9,9
True Me Inspire,"2840 W Ina Rd Apt 144, Tucson, AZ 85741, USA",+1 520-309-0456,clothing_store,casas-adobes,https://maps.google.com/?q=True%20Me%20Inspire%202840%20W%20Ina%20Rd%20Apt%20144%2C%20Tucson%2C%20AZ%2085741%2C%20USA,https://www.truemeinspire.com/,2,,0,has website,244,false,ChIJbfx5Ypx11oYReqG8_qwr0yc,5,11
My Malonda Boutique,"3275 W Ina Rd Suite 269, Tucson, AZ 85741, USA",+1 520-860-5123,clothing_store,casas-adobes,https://maps.google.com/?q=My%20Malonda%20Boutique%203275%20W%20Ina%20Rd%20Suite%20269%2C%20Tucson%2C%20AZ%2085741%2C%20USA,,1,,0,no website,246,false,ChIJ-YlMASJ11oYRbZfNMaeya4c,,
MWFLAVOR LLC,"3080 W Windsor Crest Pl, Tucson, AZ 85742, USA",+1 520-349-6081,clothing_store,casas-adobes,https://maps.google.com/?q=MWFLAVOR%20LLC%203080%20W%20Windsor%20Crest%20Pl%2C%20Tucson%2C%20AZ%2085742%2C%20USA,,1,,0,no website,247,false,ChIJ-VUBlF0L1oYRQWU9il_zj6Q,,
Blessingdales Boutique,"3725 W Ina Rd Suite 100, Tucson, AZ 85741, USA",+1 520-572-6301,clothing_store,casas-adobes,https://maps.google.com/?q=Blessingdales%20Boutique%203725%20W%20Ina%20Rd%20Suite%20100%2C%20Tucson%2C%20AZ%2085741%2C%20USA,https://tcaz.org/get-involved/thrift-stores/?utm_source=gbp&utm_medium=organic,2,,0,has website,248,false,ChIJYZ76ndV01oYR9w6u32uPOJ4,4.5,20
Bulldog Customs LLC,"3701 W Starburst Dr, Tucson, AZ 85741, USA",+1 520-370-4017,clothing_store,casas-adobes,https://maps.google.com/?q=Bulldog%20Customs%20LLC%203701%20W%20Starburst%20Dr%2C%20Tucson%2C%20AZ%2085741%2C%20USA,https://www.facebook.com/BulldogCustoms?mibextid=ZbWKwL,2,,0,has website,249,false,ChIJw7Dv9XB11oYRwvNuU_NHh0Q,5,1
Prestige clothing,"1616 W Sunridge Dr, Tucson, AZ 85704, USA",,clothing_store,casas-adobes,https://maps.google.com/?q=Prestige%20clothing%201616%20W%20Sunridge%20Dr%2C%20Tucson%2C%20AZ%2085704%2C%20USA,,1,,0,no website,251,false,ChIJUdH-hfgL1oYRgtJQsCqnkL4,,
Tally Anne's Fashion Closet,"7229 N Thornydale Rd # 137, Tucson, AZ 85741, USA",+1 520-488-2344,clothing_store,casas-adobes,https://maps.google.com/?q=Tally%20Anne%27s%20Fashion%20Closet%207229%20N%20Thornydale%20Rd%20%23%20137%2C%20Tucson%2C%20AZ%2085741%2C%20USA,http://www.tallyannes.com/,2,,0,has website,252,false,ChIJpe9QzdN11oYRv2oi16Hpbjg,4.3,3
AR Workshop Tucson,"7119 N Oracle Rd, Tucson, AZ 85704, USA",+1 520-339-6677,clothing_store,casas-adobes,https://maps.google.com/?q=AR%20Workshop%20Tucson%207119%20N%20Oracle%20Rd%2C%20Tucson%2C%20AZ%2085704%2C%20USA,https://www.arworkshop.com/tucson,2,,0,has website,254,false,ChIJr5vaqQVz1oYR-RZJZdhR-eQ,5,42
Road Runner Sports,"7113 N Oracle Rd, Tucson, AZ 85704, USA",+1 520-653-5306,clothing_store,casas-adobes,https://maps.google.com/?q=Road%20Runner%20Sports%207113%20N%20Oracle%20Rd%2C%20Tucson%2C%20AZ%2085704%2C%20USA,https://stores.roadrunnersports.com/az/tucson/running-shoe-store-306.html?utm_source=google&utm_medium=organic&utm_campaign=gmb&utm_term=306,2,,0,has website,256,false,ChIJOZNzwUpz1oYR3VjH-t7dxGY,4.9,108
Loop Jean Company,"7047 N Oracle Rd, Tucson, AZ 85704, USA",+1 520-219-9785,clothing_store,casas-adobes,https://maps.google.com/?q=Loop%20Jean%20Company%207047%20N%20Oracle%20Rd%2C%20Tucson%2C%20AZ%2085704%2C%20USA,http://www.loopjeancompany.com/,2,,0,has website,257,false,ChIJ1T2LKkFz1oYR0FAfEn45TrI,4.7,26
Talbots,"Casas Adobes, Plaza, 7047 N Oracle Rd, Tucson, AZ 85704, USA",+1 520-333-4102,clothing_store,casas-adobes,https://maps.google.com/?q=Talbots%20Casas%20Adobes%2C%20Plaza%2C%207047%20N%20Oracle%20Rd%2C%20Tucson%2C%20AZ%2085704%2C%20USA,https://www.talbots.com/store?StoreID=01272&cmp=seo-gmb-local&utm_source=gmb&utm_medium=seo&utm_campaign=local,2,,0,has website,258,false,ChIJW_NxuhJz1oYRlO4CeczQFqA,3.8,19
J.McLaughlin,"7039 N Oracle Rd, Tucson, AZ 85704, USA",+1 520-492-7710,clothing_store,casas-adobes,https://maps.google.com/?q=J.McLaughlin%207039%20N%20Oracle%20Rd%2C%20Tucson%2C%20AZ%2085704%2C%20USA,https://www.jmclaughlin.com/pages/store-locator-az-tucson,2,,0,has website,259,false,ChIJmx21u_9z1oYRWXgdrYhqPio,5,2
Jewelry & Watch Shop,"7250 N La Cholla Blvd Suite 178, Tucson, AZ 85741, USA",+1 520-955-9590,jewelry_store,casas-adobes,https://maps.google.com/?q=Jewelry%20%26%20Watch%20Shop%207250%20N%20La%20Cholla%20Blvd%20Suite%20178%2C%20Tucson%2C%20AZ%2085741%2C%20USA,http://www.jewelryandwatch.shop/,2,,0,has website,260,false,ChIJUz4Lr7N01oYRL_STR8N32dw,4.6,150
RED SHELL VENUE AT TUCSON GEM SHOW,"3434 W Sophia St, Tucson, AZ 85741, USA",,jewelry_store,casas-adobes,https://maps.google.com/?q=RED%20SHELL%20VENUE%20AT%20TUCSON%20GEM%20SHOW%203434%20W%20Sophia%20St%2C%20Tucson%2C%20AZ%2085741%2C%20USA,,1,,0,no website,261,false,ChIJx85hDAAL1oYRgdSanorrRb8,,
Wire N Wrap Jewelry by KG,"3600 W Orange Grove Rd Site 128, Tucson, AZ 85741, USA",+1 970-216-3392,jewelry_store,casas-adobes,https://maps.google.com/?q=Wire%20N%20Wrap%20Jewelry%20by%20KG%203600%20W%20Orange%20Grove%20Rd%20Site%20128%2C%20Tucson%2C%20AZ%2085741%2C%20USA,https://www.wirenstonejewelrybykg.com/?utm_source=google&utm_medium=wix_google_business_profile&utm_campaign=2566192889820733610,2,,0,has website,262,false,ChIJpS4g6Vh11oYRJ0u63fKGj9g,,
Caldwell Jewelers & Appraisers,"7225 N Oracle Rd Suite 204, Tucson, AZ 85704, USA",+1 520-742-3687,jewelry_store,casas-adobes,https://maps.google.com/?q=Caldwell%20Jewelers%20%26%20Appraisers%207225%20N%20Oracle%20Rd%20Suite%20204%2C%20Tucson%2C%20AZ%2085704%2C%20USA,https://caldwelljewelers.net/,2,,0,has website,263,false,ChIJIRo1-EZz1oYRTp3bFCfpWWQ,3.9,16
Hilari Marks,"7057 N Oracle Rd, Tucson, AZ 85704, USA",+1 520-575-8028,jewelry_store,casas-adobes,https://maps.google.com/?q=Hilari%20Marks%207057%20N%20Oracle%20Rd%2C%20Tucson%2C%20AZ%2085704%2C%20USA,,1,,0,no website,264,false,ChIJM7mVzkZz1oYRgwmwrB7jTBA,,
Park Avenue Jewelers,"7029 N Oracle Rd, Tucson, AZ 85704, USA",+1 520-579-3040,jewelry_store,casas-adobes,https://maps.google.com/?q=Park%20Avenue%20Jewelers%207029%20N%20Oracle%20Rd%2C%20Tucson%2C%20AZ%2085704%2C%20USA,http://parkavejewelers.com/,2,,0,has website,265,false,ChIJFW_JXN8K1oYRZFtsIJsNBko,4.7,68
Chico's,"7003 N Oracle Rd Sp C, Tucson, AZ 85704, USA",+1 520-797-1200,jewelry_store,casas-adobes,https://maps.google.com/?q=Chico%27s%207003%20N%20Oracle%20Rd%20Sp%20C%2C%20Tucson%2C%20AZ%2085704%2C%20USA,https://www.chicos.com/locations/us/az/tucson/7003-n-oracle-rd/,2,,0,has website,266,false,ChIJV_DO9DOHhYARvadRW0dyj8A,4.5,50
Sheffield's Diamonds Jewelry Store,"7619 N Oracle Rd Suite 125, Oro Valley, AZ 85704, USA",+1 520-744-3443,jewelry_store,casas-adobes,https://maps.google.com/?q=Sheffield%27s%20Diamonds%20Jewelry%20Store%207619%20N%20Oracle%20Rd%20Suite%20125%2C%20Oro%20Valley%2C%20AZ%2085704%2C%20USA,http://www.sheffieldsdiamonds.com/,2,,0,has website,267,false,ChIJG3ibmUlz1oYRclbdYssPk14,4.8,187
Spirit’s Child Metaphysical Gift Store,"3870 W River Rd Suite 120, Tucson, AZ 85741, USA",+1 520-744-4402,jewelry_store,casas-adobes,https://maps.google.com/?q=Spirit%E2%80%99s%20Child%20Metaphysical%20Gift%20Store%203870%20W%20River%20Rd%20Suite%20120%2C%20Tucson%2C%20AZ%2085741%2C%20USA,https://www.spiritschild.com/,2,,0,has website,268,false,ChIJ4V9sMP511oYRHUJVIQBk0Yw,4.9,73
koala-t cut gems,"5621 N La Cholla Blvd, Tucson, AZ 85741, USA",+1 520-887-7299,jewelry_store,casas-adobes,https://maps.google.com/?q=koala-t%20cut%20gems%205621%20N%20La%20Cholla%20Blvd%2C%20Tucson%2C%20AZ%2085741%2C%20USA,https://koala1t1cut1gems.wordpress.com/,2,,0,has website,269,false,ChIJd40kGY901oYRfcoCFv1aLNo,2.8,4
Crystals,"Marana, AZ 85741, USA",,jewelry_store,casas-adobes,https://maps.google.com/?q=Crystals%20Marana%2C%20AZ%2085741%2C%20USA,,1,,0,no website,270,false,ChIJ-8ETH9901oYRQ83XQDSWgTo,5,2
Desert View Silver,"7090 N Oracle Rd #178, Tucson, AZ 85704, USA",,jewelry_store,casas-adobes,https://maps.google.com/?q=Desert%20View%20Silver%207090%20N%20Oracle%20Rd%20%23178%2C%20Tucson%2C%20AZ%2085704%2C%20USA,https://desertviewsilver.com/,2,,0,has website,271,false,ChIJ-b5vIM1z1oYRjonq1v-gzFE,5,8
Goldline Fine Jewelers,"4231 W Ina Rd #121, Tucson, AZ 85741, USA",+1 520-744-3700,jewelry_store,casas-adobes,https://maps.google.com/?q=Goldline%20Fine%20Jewelers%204231%20W%20Ina%20Rd%20%23121%2C%20Tucson%2C%20AZ%2085741%2C%20USA,http://goldlinejewelers.wordpress.com/,2,,0,has website,272,false,ChIJF9a0rUdz1oYRqevsvxlxGCg,4.7,42
T.J. Maxx,"6230 N Oracle Rd, Tucson, AZ 85704, USA",+1 520-797-8266,jewelry_store,casas-adobes,https://maps.google.com/?q=T.J.%20Maxx%206230%20N%20Oracle%20Rd%2C%20Tucson%2C%20AZ%2085704%2C%20USA,https://tjmaxx.tjx.com/store/index.jsp,2,,0,has website,273,false,ChIJodkAoRJz1oYRuVLqUrJ6CaI,4.4,783
Sunset sparkle designs by Mary,"5901 N Oracle Rd APT 31, Tucson, AZ 85704, USA",+1 520-869-9227,jewelry_store,casas-adobes,https://maps.google.com/?q=Sunset%20sparkle%20designs%20by%20Mary%205901%20N%20Oracle%20Rd%20APT%2031%2C%20Tucson%2C%20AZ%2085704%2C%20USA,,1,,0,no website,274,false,ChIJZc_lyHtz1oYRDPlROl8NG4Q,,
Trinity Diamonds and Fine Jewelry,"6070 N Oracle Rd, Tucson, AZ 85704, USA",+1 520-498-5195,jewelry_store,casas-adobes,https://maps.google.com/?q=Trinity%20Diamonds%20and%20Fine%20Jewelry%206070%20N%20Oracle%20Rd%2C%20Tucson%2C%20AZ%2085704%2C%20USA,http://trinitydiamonds.com/,2,,0,has website,275,false,ChIJh0Pk8mEM1oYRvA0rCsBER8o,5,188
Sprouts Floral,"7665 N Oracle Rd, Oro Valley, AZ 85704, USA",,florist,casas-adobes,https://maps.google.com/?q=Sprouts%20Floral%207665%20N%20Oracle%20Rd%2C%20Oro%20Valley%2C%20AZ%2085704%2C%20USA,https://www.sprouts.com/healthy-living/fresh-flowers/,2,,0,has website,277,false,ChIJGQ4TRABz1oYReY7RN0e8Kg0,,
Sprouts Floral,"8XC4+WH, Marana, AZ 85741, USA",,florist,casas-adobes,https://maps.google.com/?q=Sprouts%20Floral%208XC4%2BWH%2C%20Marana%2C%20AZ%2085741%2C%20USA,https://www.sprouts.com/healthy-living/fresh-flowers/,2,,0,has website,278,false,ChIJN7RIfAB11oYRJks1JTmwyBM,,
Atelier de LaFleur,"6435 N Thornydale Rd Suite 169, Tucson, AZ 85741, USA",+1 520-548-1338,florist,casas-adobes,https://maps.google.com/?q=Atelier%20de%20LaFleur%206435%20N%20Thornydale%20Rd%20Suite%20169%2C%20Tucson%2C%20AZ%2085741%2C%20USA,http://www.lafleurevents.com/,2,,0,has website,279,false,ChIJmZ65cuJw1oYRO-ZbbuMJ8P4,4.4,28
Casas Adobes Flower Shop,"7090 N Oracle Rd Suite 198, Tucson, AZ 85704, USA",+1 520-297-1165,florist,casas-adobes,https://maps.google.com/?q=Casas%20Adobes%20Flower%20Shop%207090%20N%20Oracle%20Rd%20Suite%20198%2C%20Tucson%2C%20AZ%2085704%2C%20USA,https://www.casasflowers.com/?utm_source=google&utm_medium=organic&utm_campaign=gmb,2,,0,has website,280,false,ChIJTzdItkBz1oYReg1SrlnWNYk,4.8,273
Forget Me Nots Fine Floral & Gifts,"4249 W Ina Rd Suite 117, Tucson, AZ 85741, USA",+1 520-771-1329,florist,casas-adobes,https://maps.google.com/?q=Forget%20Me%20Nots%20Fine%20Floral%20%26%20Gifts%204249%20W%20Ina%20Rd%20Suite%20117%2C%20Tucson%2C%20AZ%2085741%2C%20USA,https://forgetmenotsaz.com/,2,,0,has website,281,false,ChIJm4X3kDng1YYRZhI-BZgke0E,4.9,254
Pima Campus Bookstore- Northwest,"7600 N Shannon Rd # D, Tucson, AZ 85709, USA",+1 520-544-8082,book_store,casas-adobes,https://maps.google.com/?q=Pima%20Campus%20Bookstore-%20Northwest%207600%20N%20Shannon%20Rd%20%23%20D%2C%20Tucson%2C%20AZ%2085709%2C%20USA,https://www.follett.com/,2,,0,has website,282,false,ChIJWZ-ppDQL1oYR9SJ41e-dnG0,,
Savers Community Donation Center,"3900 W Ina Rd, Tucson, AZ 85741, USA",+1 520-416-6375,book_store,casas-adobes,https://maps.google.com/?q=Savers%20Community%20Donation%20Center%203900%20W%20Ina%20Rd%2C%20Tucson%2C%20AZ%2085741%2C%20USA,https://stores.savers.com/az/tucson/community-donation-center-cdc1277.html,2,,0,has website,283,false,ChIJYZFpR5111oYRu4FuK-A-lvg,3.8,19
Savers,"3900 W Ina Rd, Tucson, AZ 85741, USA",+1 520-534-2481,book_store,casas-adobes,https://maps.google.com/?q=Savers%203900%20W%20Ina%20Rd%2C%20Tucson%2C%20AZ%2085741%2C%20USA,https://stores.savers.com/az/tucson/savers-thrift-store-1277.html,2,,0,has website,284,false,ChIJH1ByhCp11oYRaX3mRJ3Oet4,4.2,637
The Bell,"5822 N Shannon Rd, Tucson, AZ 85741, USA",,book_store,casas-adobes,https://maps.google.com/?q=The%20Bell%205822%20N%20Shannon%20Rd%2C%20Tucson%2C%20AZ%2085741%2C%20USA,,1,,0,no website,285,false,ChIJuWS0FAB11oYRcj-clsAxW-c,,
Christian Science Reading Room,"7330 N Oracle Rd Suite 7312, Tucson, AZ 85704, USA",+1 520-297-7683,book_store,casas-adobes,https://maps.google.com/?q=Christian%20Science%20Reading%20Room%207330%20N%20Oracle%20Rd%20Suite%207312%2C%20Tucson%2C%20AZ%2085704%2C%20USA,https://cs3tucson.org/,2,,0,has website,286,false,ChIJeWESsWxz1oYR6UM3Y3WY5fM,4.3,6
Sweet Repeats Children's Resale Boutique,"7936 N Oracle Rd, Tucson, AZ 85704, USA",+1 520-219-0675,book_store,casas-adobes,https://maps.google.com/?q=Sweet%20Repeats%20Children%27s%20Resale%20Boutique%207936%20N%20Oracle%20Rd%2C%20Tucson%2C%20AZ%2085704%2C%20USA,http://www.sweetrepeatstucson.com/,2,,0,has website,287,false,ChIJCRzBpUpz1oYRfxs2yME5-RI,3.8,87
Trinity Bookstore,"7930 N Oracle Rd, Oro Valley, AZ 85704, USA",+1 520-326-8997,book_store,casas-adobes,https://maps.google.com/?q=Trinity%20Bookstore%207930%20N%20Oracle%20Rd%2C%20Oro%20Valley%2C%20AZ%2085704%2C%20USA,http://www.trinitybookstucson.com/,2,,0,has website,288,false,ChIJex0MyeRx1oYRQGC_ufYuxb4,4.7,125
Little Free Library Book Exchange,"5400 N Trinity Dr, Tucson, AZ 85704, USA",,book_store,casas-adobes,https://maps.google.com/?q=Little%20Free%20Library%20Book%20Exchange%205400%20N%20Trinity%20Dr%2C%20Tucson%2C%20AZ%2085704%2C%20USA,,1,,0,no website,289,false,ChIJV3jNKAB11oYR5pAQ-gdZ4UQ,5,2
Casey's Hallmark Shop,"Desert Springs Shopping Center, 7250 N La Cholla Blvd Ste 170, Tucson, AZ 85704, USA",+1 520-219-0862,gift_shop,casas-adobes,https://maps.google.com/?q=Casey%27s%20Hallmark%20Shop%20Desert%20Springs%20Shopping%20Center%2C%207250%20N%20La%20Cholla%20Blvd%20Ste%20170%2C%20Tucson%2C%20AZ%2085704%2C%20USA,https://stores.hallmark.com/az/tucson/caseys-hallmark-shop-tucson-az-065936.html,2,,0,has website,290,false,ChIJH-OCxbF01oYR0ohgV8vmExw,4.4,131
Great Successes,"7233 N Paseo Del Norte, Tucson, AZ 85704, USA",+1 520-395-2770,gift_shop,casas-adobes,https://maps.google.com/?q=Great%20Successes%207233%20N%20Paseo%20Del%20Norte%2C%20Tucson%2C%20AZ%2085704%2C%20USA,,1,,0,no website,291,false,ChIJe5oVrkVz1oYRfpPEFgB9nL8,,
La Fuente Museum Shop,"7366 N Paseo Del Norte, Tucson, AZ 85704, USA",,gift_shop,casas-adobes,https://maps.google.com/?q=La%20Fuente%20Museum%20Shop%207366%20N%20Paseo%20Del%20Norte%2C%20Tucson%2C%20AZ%2085704%2C%20USA,,1,,0,no website,292,false,ChIJmcf-VABz1oYRYhSxgOWzlSM,5,1
"Tohono Chul Botanical Gardens, Galleries, and Bistro","7366 N Paseo Del Norte, Tucson, AZ 85704, USA",+1 520-742-6455,gift_shop,casas-adobes,https://maps.google.com/?q=Tohono%20Chul%20Botanical%20Gardens%2C%20Galleries%2C%20and%20Bistro%207366%20N%20Paseo%20Del%20Norte%2C%20Tucson%2C%20AZ%2085704%2C%20USA,https://tohonochul.org/,2,,0,has website,293,false,ChIJUXp670Vz1oYRMiPExKaTbrA,4.7,2822
Fred's Cafe,"4142 W Jupiter St, Tucson, AZ 85741, USA",,gift_shop,casas-adobes,https://maps.google.com/?q=Fred%27s%20Cafe%204142%20W%20Jupiter%20St%2C%20Tucson%2C%20AZ%2085741%2C%20USA,,1,,0,no website,294,false,ChIJA55KUQAL1oYRS4CroG8tztE,,
MyManGratsky LLC,"6281 N Oracle Rd Box 36032, Tucson, AZ 85740, USA",,gift_shop,casas-adobes,https://maps.google.com/?q=MyManGratsky%20LLC%206281%20N%20Oracle%20Rd%20Box%2036032%2C%20Tucson%2C%20AZ%2085740%2C%20USA,,1,,0,no website,295,false,ChIJd8ICl4Nz1oYRnS3MQNGfN-U,,
Lizards Lair Gifts,"6281 N Oracle Rd #36376, Tucson, AZ 85704, USA",+1 520-422-7878,gift_shop,casas-adobes,https://maps.google.com/?q=Lizards%20Lair%20Gifts%206281%20N%20Oracle%20Rd%20%2336376%2C%20Tucson%2C%20AZ%2085704%2C%20USA,https://lizards-lair-gifts.printify.me/products,2,,0,has website,296,false,ChIJadbjce9z1oYRFmWkhgDTSI0,,
100 Point V-16 cadillac parts LLC,"2120 W Ina Rd, Tucson, AZ 85741, USA",+1 520-297-1178,car_repair,casas-adobes,https://maps.google.com/?q=100%20Point%20V-16%20cadillac%20parts%20LLC%202120%20W%20Ina%20Rd%2C%20Tucson%2C%20AZ%2085741%2C%20USA,,1,,0,no website,297,false,ChIJVVWVBrF01oYRGQYXGV89e4w,,
Mobile Mechanic Crew Tucson,"7300 N Mona Lisa Rd, Tucson, AZ 85741, USA",,car_repair,casas-adobes,https://maps.google.com/?q=Mobile%20Mechanic%20Crew%20Tucson%207300%20N%20Mona%20Lisa%20Rd%2C%20Tucson%2C%20AZ%2085741%2C%20USA,,1,,0,no website,299,false,ChIJxZldR6F11oYR7aE9GeExBew,3,2
1-Hour Auto Glass,"2292 W Magee Rd, Tucson, AZ 85742, USA",+1 520-891-5880,car_repair,casas-adobes,https://maps.google.com/?q=1-Hour%20Auto%20Glass%202292%20W%20Magee%20Rd%2C%20Tucson%2C%20AZ%2085742%2C%20USA,https://1hourautoglass.com/,2,,0,has website,300,false,ChIJVVWlfksL1oYRHQlRbI_wJ9g,5,1
Discount Tire,"2830 W Ina Rd, Tucson, AZ 85741, USA",+1 520-297-6081,car_repair,casas-adobes,https://maps.google.com/?q=Discount%20Tire%202830%20W%20Ina%20Rd%2C%20Tucson%2C%20AZ%2085741%2C%20USA,https://www.discounttire.com/store/az/tucson/s/1035,2,,0,has website,301,false,ChIJf2DEAcx01oYRibXQxPVakck,4.5,628
Tire shop repair,"2155 W Orange Grove Rd, Tucson, AZ 85741, USA",,car_repair,casas-adobes,https://maps.google.com/?q=Tire%20shop%20repair%202155%20W%20Orange%20Grove%20Rd%2C%20Tucson%2C%20AZ%2085741%2C%20USA,,1,,0,no website,302,false,ChIJ2ZCpQwB11oYRZ3IgMcUyTnU,,
A Universal Window Tinting LLC,"3002 W Gina Pl, Tucson, AZ 85741, USA",+1 520-258-8316,car_repair,casas-adobes,https://maps.google.com/?q=A%20Universal%20Window%20Tinting%20LLC%203002%20W%20Gina%20Pl%2C%20Tucson%2C%20AZ%2085741%2C%20USA,https://alfredolozano20.wixsite.com/auniversalwindowti-1,2,,0,has website,303,false,ChIJMwDA3yp11oYRfIohoOItttI,5,4
Tucson Tractor Repair,"Tucson, AZ 85704, USA",+1 520-730-9298,car_repair,casas-adobes,https://maps.google.com/?q=Tucson%20Tractor%20Repair%20Tucson%2C%20AZ%2085704%2C%20USA,http://tucsontractorrepair.com/,2,,0,has website,304,false,ChIJjzJR2jwN1oYRFn2l5pFO4VY,4.8,33
Automotive Specialists LLC,"3611 W Ina Rd # 101, Tucson, AZ 85741, USA",+1 520-572-1734,car_repair,casas-adobes,https://maps.google.com/?q=Automotive%20Specialists%20LLC%203611%20W%20Ina%20Rd%20%23%20101%2C%20Tucson%2C%20AZ%2085741%2C%20USA,https://automotivespecialistsaz.com/,2,,0,has website,305,false,ChIJtVIwqtV01oYRyT2piOhuARQ,4.6,194
Freedom Automotive,"3631 W Ina Rd, Tucson, AZ 85741, USA",+1 520-572-1776,car_repair,casas-adobes,https://maps.google.com/?q=Freedom%20Automotive%203631%20W%20Ina%20Rd%2C%20Tucson%2C%20AZ%2085741%2C%20USA,https://freedomautomotiverepair.com/,2,,0,has website,309,false,ChIJt0DCDTN11oYRqGwbrV9UzIQ,5,50
AAMCO Transmissions & Total Car Care,"3674 W Ina Rd, Tucson, AZ 85741, USA",+1 520-658-2381,car_repair,casas-adobes,https://maps.google.com/?q=AAMCO%20Transmissions%20%26%20Total%20Car%20Care%203674%20W%20Ina%20Rd%2C%20Tucson%2C%20AZ%2085741%2C%20USA,https://aamcoina.com/?utm_source=G&utm_medium=local&utm_campaign=google-local,2,,0,has website,310,false,ChIJZRqvDdV01oYReD37keTCLwk,4.5,196
Brake Masters #159,"3670 W Ina Rd, Tucson, AZ 85741, USA",+1 520-762-7553,car_repair,casas-adobes,https://maps.google.com/?q=Brake%20Masters%20%23159%203670%20W%20Ina%20Rd%2C%20Tucson%2C%20AZ%2085741%2C%20USA,https://www.brakemasters.com/stores/3670-w-ina-road-tucson-az/,2,,0,has website,311,false,ChIJOdP4CtV01oYRTl7FQTJx8ns,4.2,268
RV Repair Hero,"3600 W Orange Grove Rd Site 69, Tucson, AZ 85741, USA",+1 520-214-1802,car_repair,casas-adobes,https://maps.google.com/?q=RV%20Repair%20Hero%203600%20W%20Orange%20Grove%20Rd%20Site%2069%2C%20Tucson%2C%20AZ%2085741%2C%20USA,https://rvrepairhero.com/,2,,0,has website,313,false,ChIJ3T6RSmZ11oYROamJiVG3CKM,5,8
Rolling Homes,"3600 W Orange Grove Rd Site #3, Tucson, AZ 85741, USA",+1 520-222-6541,car_repair,casas-adobes,https://maps.google.com/?q=Rolling%20Homes%203600%20W%20Orange%20Grove%20Rd%20Site%20%233%2C%20Tucson%2C%20AZ%2085741%2C%20USA,https://www.rollinghomesrvrepair.com/,2,,0,has website,314,false,ChIJb0gKdqV11oYRElN5NbtH4KU,5,174
BRAKEmax,"7613 N Oracle Rd, Tucson, AZ 85704, USA",+1 520-210-4876,car_repair,casas-adobes,https://maps.google.com/?q=BRAKEmax%207613%20N%20Oracle%20Rd%2C%20Tucson%2C%20AZ%2085704%2C%20USA,https://www.brakemax.com/locations/az/tucson/auto-repair-7613-n-oracle-rd?utm_source=local_listing&utm_medium=organic&utm_campaign=store_1009,2,,0,has website,315,false,ChIJKal-cklz1oYR6WQpONgAozU,4.9,717
Quality Lube & Tune,"6895 N Thornydale Rd, Tucson, AZ 85741, USA",+1 520-572-4644,car_repair,casas-adobes,https://maps.google.com/?q=Quality%20Lube%20%26%20Tune%206895%20N%20Thornydale%20Rd%2C%20Tucson%2C%20AZ%2085741%2C%20USA,https://www.qualitylubentune.com/,2,,0,has website,316,false,ChIJ96v4tNV01oYR3xFYZBatgJA,4.5,136
Triton Mobile Auto Detailing,"3073 W Avior Dr, Tucson, AZ 85742, USA",+1 480-275-9854,car_wash,casas-adobes,https://maps.google.com/?q=Triton%20Mobile%20Auto%20Detailing%203073%20W%20Avior%20Dr%2C%20Tucson%2C%20AZ%2085742%2C%20USA,https://www.triton-detailing.com/,2,,0,has website,317,false,ChIJ0T-_f5AL1oYRu9-PV8Y53Ts,5,44
Blue Whale Car Wash,"6611 N Thornydale Rd, Tucson, AZ 85741, USA",+1 520-207-0700,car_wash,casas-adobes,https://maps.google.com/?q=Blue%20Whale%20Car%20Wash%206611%20N%20Thornydale%20Rd%2C%20Tucson%2C%20AZ%2085741%2C%20USA,https://bluewhalecarwashaz.com/,2,,0,has website,318,false,ChIJ_bzRqZx11oYRyoXX8z8Em6c,2.8,144
Cool Drive Car Wash,"411 W Cool Dr., Tucson, AZ 85704, USA",+1 520-288-6330,car_wash,casas-adobes,https://maps.google.com/?q=Cool%20Drive%20Car%20Wash%20411%20W%20Cool%20Dr.%2C%20Tucson%2C%20AZ%2085704%2C%20USA,,1,,0,no website,319,false,ChIJXYG3IrUM1oYR4gShwRhZs3w,4.3,355
Surf Thru Express Car Wash,"3847 W River Rd, Tucson, AZ 85741, USA",+1 520-447-5142,car_wash,casas-adobes,https://maps.google.com/?q=Surf%20Thru%20Express%20Car%20Wash%203847%20W%20River%20Rd%2C%20Tucson%2C%20AZ%2085741%2C%20USA,https://www.surfthruexpress.com/,2,,0,has website,320,false,ChIJJUFnnCB11oYRha8_i1njk_Y,4.2,860
ATM (Mister Car Wash),"8175 N Oracle Rd, Tucson, AZ 85704, USA",+1 520-326-1755,car_wash,casas-adobes,https://maps.google.com/?q=ATM%20%28Mister%20Car%20Wash%29%208175%20N%20Oracle%20Rd%2C%20Tucson%2C%20AZ%2085704%2C%20USA,https://mistercarwash.com/,2,,0,has website,321,false,ChIJf_WugcoM1oYRYk2kOM5f0Ag,2.6,7
Mister Car Wash,"8175 N Oracle Rd, Tucson, AZ 85704, USA",+1 520-326-1755,car_wash,casas-adobes,https://maps.google.com/?q=Mister%20Car%20Wash%208175%20N%20Oracle%20Rd%2C%20Tucson%2C%20AZ%2085704%2C%20USA,https://mistercarwash.com/store/oro-valley/?utm_source=google&utm_medium=organic&utm_campaign=gbp,2,,0,has website,322,false,ChIJqaon1qUN1oYRYEXS0NjhQZ8,3.9,726
Mister Car Wash,"3870 W Cortaro Farms Rd, Tucson, AZ 85742, USA",+1 520-338-8676,car_wash,casas-adobes,https://maps.google.com/?q=Mister%20Car%20Wash%203870%20W%20Cortaro%20Farms%20Rd%2C%20Tucson%2C%20AZ%2085742%2C%20USA,https://mistercarwash.com/store/thornydale/?utm_source=google&utm_medium=organic&utm_campaign=gbp,2,,0,has website,323,false,ChIJTxQKbEAL1oYRsk7-7eaZCsA,4.4,390
Mega Wash,"6260 N Travel Center Dr, Tucson, AZ 85743, USA",,car_wash,casas-adobes,https://maps.google.com/?q=Mega%20Wash%206260%20N%20Travel%20Center%20Dr%2C%20Tucson%2C%20AZ%2085743%2C%20USA,,1,,0,no website,324,false,ChIJ7XHtWCB11oYR2W4SKUdHzVY,3,2
Speedy Wash,"Marana, AZ 85741, USA",,car_wash,casas-adobes,https://maps.google.com/?q=Speedy%20Wash%20Marana%2C%20AZ%2085741%2C%20USA,,1,,0,no website,325,false,ChIJWWK6Ky111oYRdCu0gB45HaA,,
Super Star Car Wash,"401 W Orange Grove Rd, Tucson, AZ 85704, USA",+1 623-536-5956,car_wash,casas-adobes,https://maps.google.com/?q=Super%20Star%20Car%20Wash%20401%20W%20Orange%20Grove%20Rd%2C%20Tucson%2C%20AZ%2085704%2C%20USA,https://locations.superstarcarwashaz.com/az/tucson/401-w-orange-grove-rd?utm_source=gmb&utm_medium=yext&utm_campaign=store_2046&y_source=1_MjAxNjYxODUzMi03MTUtbG9jYXRpb24ud2Vic2l0ZQ%3D%3D,2,,0,has website,326,false,ChIJeelSWtNz1oYRO2PpPLgKlWo,4.5,611
Clean Freak Car Wash,"4300 W Ina Rd, Tucson, AZ 85741, USA",+1 520-639-6146,car_wash,casas-adobes,https://maps.google.com/?q=Clean%20Freak%20Car%20Wash%204300%20W%20Ina%20Rd%2C%20Tucson%2C%20AZ%2085741%2C%20USA,https://cleanfreakcarwash.com/,2,,0,has website,327,false,ChIJMZHmn18L1oYR8mT3m6AzvbE,4.1,640
Auto Wash Express,"4405 W Ina Rd, Tucson, AZ 85741, USA",+1 520-345-6769,car_wash,casas-adobes,https://maps.google.com/?q=Auto%20Wash%20Express%204405%20W%20Ina%20Rd%2C%20Tucson%2C%20AZ%2085741%2C%20USA,http://www.azautowashexpress.com/,2,,0,has website,328,false,ChIJT7JvsDJ11oYReo2ddxD6xGs,4.3,349
Carpet Police,"7320 N La Cholla Blvd, Tucson, AZ 85741, USA",+1 520-877-9300,laundry,casas-adobes,https://maps.google.com/?q=Carpet%20Police%207320%20N%20La%20Cholla%20Blvd%2C%20Tucson%2C%20AZ%2085741%2C%20USA,https://carpetpolice.com/contact-us/,2,,0,has website,329,false,ChIJVVUok7F01oYRA4CLfZfBUM8,4.2,5
Mr Pro Carpet Cleaning,"2001 W Omar Dr, Tucson, AZ 85704, USA",+1 520-504-5828,laundry,casas-adobes,https://maps.google.com/?q=Mr%20Pro%20Carpet%20Cleaning%202001%20W%20Omar%20Dr%2C%20Tucson%2C%20AZ%2085704%2C%20USA,,1,,0,no website,330,false,ChIJJRCz7KV01oYR-1-4OmQWnQU,3,4
Steamy Concepts - North Tucson,"3216 W Liberty Tree Ln, Tucson, AZ 85741, USA",+1 520-497-2272,laundry,casas-adobes,https://maps.google.com/?q=Steamy%20Concepts%20-%20North%20Tucson%203216%20W%20Liberty%20Tree%20Ln%2C%20Tucson%2C%20AZ%2085741%2C%20USA,https://www.steamyconcepts.com/locations/north-tucson/,2,,0,has website,331,false,ChIJCVfsHqFv1oYR57kjwZ08wzA,4.8,678
Jc Carpet Cleaning,"2441 W Oracle Jaynes Station Rd, Tucson, AZ 85741, USA",,laundry,casas-adobes,https://maps.google.com/?q=Jc%20Carpet%20Cleaning%202441%20W%20Oracle%20Jaynes%20Station%20Rd%2C%20Tucson%2C%20AZ%2085741%2C%20USA,,1,,0,no website,332,false,ChIJAQDk_5J01oYRYP2ZDhZCcN0,5,1
Orange Grove Laundromat,"3684 W Orange Grove Rd, Tucson, AZ 85741, USA",+1 520-797-8877,laundry,casas-adobes,https://maps.google.com/?q=Orange%20Grove%20Laundromat%203684%20W%20Orange%20Grove%20Rd%2C%20Tucson%2C%20AZ%2085741%2C%20USA,https://orangegrovelaundromat.com/,2,,0,has website,333,false,ChIJzWgrnOd11oYRAaA30Rh821o,3.5,29
Sparkle Cleaners - Oracle,"7090 N Oracle Rd #184, Tucson, AZ 85704, USA",+1 520-402-4984,laundry,casas-adobes,https://maps.google.com/?q=Sparkle%20Cleaners%20-%20Oracle%207090%20N%20Oracle%20Rd%20%23184%2C%20Tucson%2C%20AZ%2085704%2C%20USA,http://www.sparklecleaners.com/,2,,0,has website,334,false,ChIJTzdItkBz1oYRmpQbmmMQWbg,4.8,519
Room Of Rugs,"7090 N Oracle Rd #192, Tucson, AZ 85704, USA",+1 520-797-3885,laundry,casas-adobes,https://maps.google.com/?q=Room%20Of%20Rugs%207090%20N%20Oracle%20Rd%20%23192%2C%20Tucson%2C%20AZ%2085704%2C%20USA,https://roomofrugs.com/,2,,0,has website,335,false,ChIJ4xU5skBz1oYRv5ERLp4H8uE,5,168
Catalina Cleaners,"8310 N Thornydale Rd, Tucson, AZ 85741, USA",+1 520-744-7677,laundry,casas-adobes,https://maps.google.com/?q=Catalina%20Cleaners%208310%20N%20Thornydale%20Rd%2C%20Tucson%2C%20AZ%2085741%2C%20USA,,1,,0,no website,336,false,ChIJ_XmLoiAL1oYRNEkFcsiHgZw,3.3,9
Super Cleaners Laundromat & Alterations,"4140 W Ina Rd STE 100, Tucson, AZ 85741, USA",+1 520-395-2519,laundry,casas-adobes,https://maps.google.com/?q=Super%20Cleaners%20Laundromat%20%26%20Alterations%204140%20W%20Ina%20Rd%20STE%20100%2C%20Tucson%2C%20AZ%2085741%2C%20USA,,1,,0,no website,337,false,ChIJv1e1StMK1oYR0eLm0_ilsys,4.1,299
Tucson Cleanpro - Carpet Cleaner,"7509 N Oldfather Rd #1623, Tucson, AZ 85741, USA",+1 520-975-3172,laundry,casas-adobes,https://maps.google.com/?q=Tucson%20Cleanpro%20-%20Carpet%20Cleaner%207509%20N%20Oldfather%20Rd%20%231623%2C%20Tucson%2C%20AZ%2085741%2C%20USA,,1,,0,no website,338,false,ChIJw-OGL9IK1oYRwdMnfSvUyjs,5,11
Specialty Cleaning Services,"3432 W Sunset Rd, Tucson, AZ 85705, USA",+1 520-370-1666,laundry,casas-adobes,https://maps.google.com/?q=Specialty%20Cleaning%20Services%203432%20W%20Sunset%20Rd%2C%20Tucson%2C%20AZ%2085705%2C%20USA,,1,,0,no website,339,false,ChIJJefrqeR01oYRMuDmfiHxMX8,2.8,42
Sparkle Cleaners - Rudasill,"6001 N Oracle Rd, Tucson, AZ 85704, USA",+1 520-391-9522,laundry,casas-adobes,https://maps.google.com/?q=Sparkle%20Cleaners%20-%20Rudasill%206001%20N%20Oracle%20Rd%2C%20Tucson%2C%20AZ%2085704%2C%20USA,http://www.sparklecleaners.com/,2,,0,has website,340,false,ChIJDa8JCXNz1oYRBCgm3_GVnLs,4.7,436
"All Pro Carpet, Tile, Upholstery & Biohazard Cleaning","4377 W Rae Cir, Tucson, AZ 85741, USA",+1 520-888-7563,laundry,casas-adobes,https://maps.google.com/?q=All%20Pro%20Carpet%2C%20Tile%2C%20Upholstery%20%26%20Biohazard%20Cleaning%204377%20W%20Rae%20Cir%2C%20Tucson%2C%20AZ%2085741%2C%20USA,https://allprocarpetcleaningaz.com/,2,,0,has website,341,false,ChIJb1QPEYVz1oYR_vjhR99_G2E,5,34
Shaffer Dry Cleaning & Laundry - Oracle,"6002 N Oracle Rd, Tucson, AZ 85704, USA",+1 520-839-3421,laundry,casas-adobes,https://maps.google.com/?q=Shaffer%20Dry%20Cleaning%20%26%20Laundry%20-%20Oracle%206002%20N%20Oracle%20Rd%2C%20Tucson%2C%20AZ%2085704%2C%20USA,http://shafferdrycleaning.com/,2,,0,has website,342,false,ChIJS3p7F3Nz1oYR95IJ-Mu8O-Q,4.7,185
OR Locksmith,"2262 W Magee Rd STE 3, Tucson, AZ 85742, USA",+1 520-436-5732,locksmith,casas-adobes,https://maps.google.com/?q=OR%20Locksmith%202262%20W%20Magee%20Rd%20STE%203%2C%20Tucson%2C%20AZ%2085742%2C%20USA,https://locksmithtucson.us/,2,,0,has website,343,false,ChIJRzPwGy8hWgoRYAXLMWeX1xU,4.9,126
KeyMe Locksmiths,"3770 W Ina Rd, Tucson, AZ 85741, USA",+1 520-363-1096,locksmith,casas-adobes,https://maps.google.com/?q=KeyMe%20Locksmiths%203770%20W%20Ina%20Rd%2C%20Tucson%2C%20AZ%2085741%2C%20USA,https://key.me/kiosks/arizona/tucson/tucson/locksmith-key-copy-tucson-fry-s-85741-arizona,2,,0,has website,344,false,ChIJ_Yjd-A111oYRuwqeVHx6-TU,3.8,4
Minute Key,"4075 W Ina Rd, Tucson, AZ 85741, USA",+1 805-472-6062,locksmith,casas-adobes,https://maps.google.com/?q=Minute%20Key%204075%20W%20Ina%20Rd%2C%20Tucson%2C%20AZ%2085741%2C%20USA,https://www.minutekey.com/key-services/arizona/tucson/locksmith-key-copy-duplication-4075-west-ina-road/364/,2,,0,has website,345,false,ChIJd9EPirp11oYREHxgAcVJxqM,1.8,5
Minute Key,"3925 W Costco Dr, Tucson, AZ 85741, USA",+1 805-472-6062,locksmith,casas-adobes,https://maps.google.com/?q=Minute%20Key%203925%20W%20Costco%20Dr%2C%20Tucson%2C%20AZ%2085741%2C%20USA,https://www.minutekey.com/key-services/arizona/tucson/locksmith-key-copy-duplication-3925-w-costco-dr/34556/,2,,0,has website,346,false,ChIJoxH8FA511oYR7zrlsoo0AW0,,
Carl Express Locks & Keys,"4113 W Orleans St, Tucson, AZ 85741, USA",+1 520-848-4824,locksmith,casas-adobes,https://maps.google.com/?q=Carl%20Express%20Locks%20%26%20Keys%204113%20W%20Orleans%20St%2C%20Tucson%2C%20AZ%2085741%2C%20USA,,1,,0,no website,348,false,ChIJndxA68QL1oYRluPYh-KtAjM,,
Mendel's Wife The Tailor - Rudasill,"6001 N Oracle Rd, Tucson, AZ 85704, USA",+1 520-887-9600,tailor,casas-adobes,https://maps.google.com/?q=Mendel%27s%20Wife%20The%20Tailor%20-%20Rudasill%206001%20N%20Oracle%20Rd%2C%20Tucson%2C%20AZ%2085704%2C%20USA,https://www.sparklecleaners.com/alterations-repairs/,2,,0,has website,349,false,ChIJVcWnCXNz1oYRsTBmeTDOkCA,4,1
Paw Palace Puppies,"5981 N Antillon Pl, Tucson, AZ 85741, USA",+1 520-988-3999,pet_store,casas-adobes,https://maps.google.com/?q=Paw%20Palace%20Puppies%205981%20N%20Antillon%20Pl%2C%20Tucson%2C%20AZ%2085741%2C%20USA,https://pawpalacepuppies.com/,2,,0,has website,350,false,ChIJz3s9jOwK1oYRkkXPgVk_fGE,4.7,163
Cold Blooded Exotics,"3924 W Ina Rd #302, Tucson, AZ 85741, USA",+1 520-744-2794,pet_store,casas-adobes,https://maps.google.com/?q=Cold%20Blooded%20Exotics%203924%20W%20Ina%20Rd%20%23302%2C%20Tucson%2C%20AZ%2085741%2C%20USA,https://www.facebook.com/people/Cold-Blooded-Exotics/100056202676464/,2,,0,has website,351,false,ChIJ60GMatB11oYRXP6ir28C2Qs,4.7,202
Shark Reef,"4145 W Ina Rd, Tucson, AZ 85741, USA",+1 520-965-7157,pet_store,casas-adobes,https://maps.google.com/?q=Shark%20Reef%204145%20W%20Ina%20Rd%2C%20Tucson%2C%20AZ%2085741%2C%20USA,https://sharkreef.fish/,2,,0,has website,352,false,ChIJRR8z1_pz1oYRTUCTY7p4lKk,4.8,215
Rosie's Barket DIY Dog Wash OV,"7960 N Oracle Rd, Oro Valley, AZ 85704, USA",+1 520-304-1029,pet_store,casas-adobes,https://maps.google.com/?q=Rosie%27s%20Barket%20DIY%20Dog%20Wash%20OV%207960%20N%20Oracle%20Rd%2C%20Oro%20Valley%2C%20AZ%2085704%2C%20USA,http://rosiesbarket.com/,2,,0,has website,353,false,ChIJy7WqUhxx1oYRipaQQi4yXGM,4.9,129
