business_name,address,phone,category,neighborhood,google_maps_url,website_url,quality_score,platform,registrar,est_monthly_cost,pain_points,priority_rank,outreach_doc_ready,place_id,rating,user_ratings_total,domain_suggestions
The Royal Room,"450 N 6th Ave, Tucson, AZ 85705, USA",+1 520-526-2386,restaurant,fourth-ave-downtown,https://maps.google.com/?q=The%20Royal%20Room%20450%20N%206th%20Ave%2C%20Tucson%2C%20AZ%2085705%2C%20USA,http://www.theroyalroomtucson.com/,2,squarespace,Tucows Domains Inc.,0,has website,1,false,ChIJnXxgoh5x1oYRUElE3HBAnPM,4.5,262,
Tap & Bottle,"403 N 6th Ave #135, Tucson, AZ 85705, USA",+1 520-344-8999,restaurant,fourth-ave-downtown,https://maps.google.com/?q=Tap%20%26%20Bottle%20403%20N%206th%20Ave%20%23135%2C%20Tucson%2C%20AZ%2085705%2C%20USA,http://www.thetapandbottle.com/,2,squarespace,Squarespace Domains LLC,0,has website,2,false,ChIJ7SdOgh5x1oYRGHXz-eOeeGs,4.7,700,
BATA,"35 E Toole Ave, Tucson, AZ 85701, USA",+1 520-367-4718,restaurant,fourth-ave-downtown,https://maps.google.com/?q=BATA%2035%20E%20Toole%20Ave%2C%20Tucson%2C%20AZ%2085701%2C%20USA,https://batatucson.com/,2,squarespace,Tucows Domains Inc.,0,has website,3,false,ChIJHyo__fJx1oYRB4b95RlKcUI,4.4,397,
ANELLO,"222 E 6th St, Tucson, AZ 85705, USA",,restaurant,fourth-ave-downtown,https://maps.google.com/?q=ANELLO%20222%20E%206th%20St%2C%20Tucson%2C%20AZ%2085705%2C%20USA,https://anello.space/,2,squarespace,Tucows Domains Inc.,0,has website,4,false,ChIJbUJ_Ihxx1oYRKTa9GxQMY2w,4.7,591,
Senae Thai Street Food,"228 E 6th St, Tucson, AZ 85705, USA",+1 520-237-4448,restaurant,fourth-ave-downtown,https://maps.google.com/?q=Senae%20Thai%20Street%20Food%20228%20E%206th%20St%2C%20Tucson%2C%20AZ%2085705%2C%20USA,http://www.senaestreetfood.com/,2,,Epik LLC,0,has website,5,false,ChIJoWDv12Jx1oYRMboMM4HjjvA,4.1,9,
CORBETT'S,"340 N 6th Ave, Tucson, AZ 85705, USA",+1 520-849-5690,restaurant,fourth-ave-downtown,https://maps.google.com/?q=CORBETT%27S%20340%20N%206th%20Ave%2C%20Tucson%2C%20AZ%2085705%2C%20USA,https://www.corbettstucson.com/,2,wordpress,GoDaddy.com,0,has website,6,false,ChIJ-8zfl0Nx1oYRsc4HnGoXp5A,4.5,529,
Sliced and Stacked,"640 N Stone Ave, Tucson, AZ 85705, USA",+1 520-406-9401,restaurant,fourth-ave-downtown,https://maps.google.com/?q=Sliced%20and%20Stacked%20640%20N%20Stone%20Ave%2C%20Tucson%2C%20AZ%2085705%2C%20USA,,1,,,0,no website,7,false,ChIJmzEdXgBx1oYRC1_Oa9m0PQg,,,slicedandstackedtucson.com; slicedandstackedaz.com
Aj's Famous Hollywood Hotdogs & Burgers,"E Toole Ave, Tucson, AZ 85701, USA",,restaurant,fourth-ave-downtown,https://maps.google.com/?q=Aj%27s%20Famous%20Hollywood%20Hotdogs%20%26%20Burgers%20E%20Toole%20Ave%2C%20Tucson%2C%20AZ%2085701%2C%20USA,,1,,,0,no website,8,false,ChIJ0eTQAwBx1oYR_K_SACMxN0A,5,6,ajsfamoushollywoodhotdogsburgers.com; ajsfamoushollywoodhotdogsburgerstucson.com
Zeke's Pizza and Coffee,"161 N 6th Ave, Tucson, AZ 85701, USA",+1 520-540-1100,restaurant,fourth-ave-downtown,https://maps.google.com/?q=Zeke%27s%20Pizza%20and%20Coffee%20161%20N%206th%20Ave%2C%20Tucson%2C%20AZ%2085701%2C%20USA,https://zekepizzascoffee0315.s4shops.com/,2,custom/unknown,unregistered,0,has website,9,false,ChIJYW_mOQBx1oYRg04TyyyHJN4,4.4,105,
Coop by cowpig,"429 N 4th Ave, Tucson, AZ 85713, USA",+1 520-526-2385,restaurant,fourth-ave-downtown,https://maps.google.com/?q=Coop%20by%20cowpig%20429%20N%204th%20Ave%2C%20Tucson%2C%20AZ%2085713%2C%20USA,http://coopxcowpig.com/,2,wordpress,Automattic Inc.,0,has website,10,false,ChIJi39eSttx1oYRHwzIZsr-JxI,4.7,247,
Cafe Passe,"415 N 4th Ave, Tucson, AZ 85705, USA",+1 520-822-8660,restaurant,fourth-ave-downtown,https://maps.google.com/?q=Cafe%20Passe%20415%20N%204th%20Ave%2C%20Tucson%2C%20AZ%2085705%2C%20USA,https://www.cafepassetucson.com/,2,custom/unknown,Register.com - Network Solutions,0,has website,11,false,ChIJ00V3VRxx1oYRFWh9sXZJIG4,4.5,715,
4th Avenue Delicatessen,"425 N 4th Ave, Tucson, AZ 85705, USA",+1 520-624-3354,restaurant,fourth-ave-downtown,https://maps.google.com/?q=4th%20Avenue%20Delicatessen%20425%20N%204th%20Ave%2C%20Tucson%2C%20AZ%2085705%2C%20USA,http://4thavedeli.com/,2,wix,Wix.com Ltd.,0,has website,12,false,ChIJA_O-Vhxx1oYRi-PSmOmYHTE,4.6,318,
Oaxarico,"151 N Stone Ave, Tucson, AZ 85701, USA",,restaurant,fourth-ave-downtown,https://maps.google.com/?q=Oaxarico%20151%20N%20Stone%20Ave%2C%20Tucson%2C%20AZ%2085701%2C%20USA,,1,,,0,no website,13,false,ChIJJY1xRABx1oYRWsCe3ZaLhBE,4.9,11,oaxarico.com; oaxaricotucson.com
BOCA by Chef Maria Mazon,"533 N 4th Ave, Tucson, AZ 85705, USA",+1 520-777-8134,restaurant,fourth-ave-downtown,https://maps.google.com/?q=BOCA%20by%20Chef%20Maria%20Mazon%20533%20N%204th%20Ave%2C%20Tucson%2C%20AZ%2085705%2C%20USA,http://www.bocatacos.com/,2,custom/unknown,GoDaddy.com,0,has website,14,false,ChIJ55rMjgVx1oYRD2M4gdnw1yQ,4.1,2949,
La Indita Restaurant,"722 N Stone Ave, Tucson, AZ 85705, USA",+1 520-792-0523,restaurant,fourth-ave-downtown,https://maps.google.com/?q=La%20Indita%20Restaurant%20722%20N%20Stone%20Ave%2C%20Tucson%2C%20AZ%2085705%2C%20USA,https://lainditaaz.com/,2,,GoDaddy.com,0,has website,15,false,ChIJbYdEfxtx1oYRPdXIX7dI5Ao,4.5,1386,
Martins Comida Chingona,"557 N 4th Ave, Tucson, AZ 85705, USA",+1 520-884-7909,restaurant,fourth-ave-downtown,https://maps.google.com/?q=Martins%20Comida%20Chingona%20557%20N%204th%20Ave%2C%20Tucson%2C%20AZ%2085705%2C%20USA,,1,,,0,no website,16,false,ChIJd0MCfRxx1oYR6tB0t88dpqY,4.3,319,martinscomidachingonatucson.com; martinscomidachingonaaz.com
The Pit,"127 W 5th St, Tucson, AZ 85705, USA",+1 208-891-6090,restaurant,fourth-ave-downtown,https://maps.google.com/?q=The%20Pit%20127%20W%205th%20St%2C%20Tucson%2C%20AZ%2085705%2C%20USA,,1,,,0,no website,17,false,ChIJC50ztShx1oYR7c6hutJVyug,,,pittucson.com; pitarizona.com
Royal Foods,"347 N 4th Ave, Tucson, AZ 85705, USA",,restaurant,fourth-ave-downtown,https://maps.google.com/?q=Royal%20Foods%20347%20N%204th%20Ave%2C%20Tucson%2C%20AZ%2085705%2C%20USA,,1,,,0,no website,18,false,ChIJT0YEg1Zx1oYR3yycJlXUaDs,4.8,17,royalfoodstucson.com; royalfoodsaz.com
Caruso's,"434 N 4th Ave, Tucson, AZ 85705, USA",+1 520-624-5765,restaurant,fourth-ave-downtown,https://maps.google.com/?q=Caruso%27s%20434%20N%204th%20Ave%2C%20Tucson%2C%20AZ%2085705%2C%20USA,https://carusositalian.com/?utm_source=google,2,custom/unknown,GoDaddy.com,0,has website,19,false,ChIJBUcHWBxx1oYR-lOeoOVCqys,4.2,2097,
Magpies Gourmet Pizza 4th Ave.,"605 N 4th Ave, Tucson, AZ 85705, USA",+1 520-628-1661,restaurant,fourth-ave-downtown,https://maps.google.com/?q=Magpies%20Gourmet%20Pizza%204th%20Ave.%20605%20N%204th%20Ave%2C%20Tucson%2C%20AZ%2085705%2C%20USA,https://magpiespizza.com/,2,custom/unknown,Bluehost Inc.,0,has website,20,false,ChIJqXLPfxxx1oYRlvoeCz4f5YE,4.2,810,
barbata,"Basement, 35 E Toole Ave, Tucson, AZ 85701, USA",+1 520-367-4718,bar,fourth-ave-downtown,https://maps.google.com/?q=barbata%20Basement%2C%2035%20E%20Toole%20Ave%2C%20Tucson%2C%20AZ%2085701%2C%20USA,http://batatucson.com/barbata,2,squarespace,Tucows Domains Inc.,0,has website,21,false,ChIJh1gMe1px1oYRkGdiyvckNqo,4.8,16,
Mr. Heads,"513 N 4th Ave, Tucson, AZ 85705, USA",+1 520-792-2710,bar,fourth-ave-downtown,https://maps.google.com/?q=Mr.%20Heads%20513%20N%204th%20Ave%2C%20Tucson%2C%20AZ%2085705%2C%20USA,https://m.facebook.com/mrheads/,2,custom/unknown,unregistered,0,has website,22,false,ChIJo70mYRxx1oYRX92VYztS770,4.4,1381,
Bar Passe,"417 N 4th Ave, Tucson, AZ 85705, USA",+1 520-624-4411,bar,fourth-ave-downtown,https://maps.google.com/?q=Bar%20Passe%20417%20N%204th%20Ave%2C%20Tucson%2C%20AZ%2085705%2C%20USA,,1,,,0,no website,23,false,ChIJg_QdtGlx1oYRqWzE9-OL-Uk,4.8,21,barpasse.com; barpassetucson.com
The Hut,"305 N 4th Ave, Tucson, AZ 85705, USA",+1 520-623-3200,bar,fourth-ave-downtown,https://maps.google.com/?q=The%20Hut%20305%20N%204th%20Ave%2C%20Tucson%2C%20AZ%2085705%2C%20USA,https://facebook.com/TheHutTucson/,2,custom/unknown,RegistrarSafe,0,has website,24,false,ChIJC3bdoR1x1oYRfhRBxcTkVhA,4.3,1271,
John Henry’s,"117 N 6th Ave, Tucson, AZ 85701, USA",,bar,fourth-ave-downtown,https://maps.google.com/?q=John%20Henry%E2%80%99s%20117%20N%206th%20Ave%2C%20Tucson%2C%20AZ%2085701%2C%20USA,,1,,,0,no website,25,false,ChIJbyFzqOFx1oYRnwy_yvTqQiY,4.7,145,johnhenrystucson.com; johnhenrysaz.com
Surly Wench Pub,"424 N 4th Ave, Tucson, AZ 85705, USA",+1 520-882-0009,bar,fourth-ave-downtown,https://maps.google.com/?q=Surly%20Wench%20Pub%20424%20N%204th%20Ave%2C%20Tucson%2C%20AZ%2085705%2C%20USA,http://www.surlywenchpub.com/,2,custom/unknown,GoDaddy.com,0,has website,26,false,ChIJLwYdVhxx1oYRpk_o1SEHiKQ,4.6,1088,
Lindy's on 4th,"500 N 4th Ave, Tucson, AZ 85705, USA",+1 520-207-6970,bar,fourth-ave-downtown,https://maps.google.com/?q=Lindy%27s%20on%204th%20500%20N%204th%20Ave%2C%20Tucson%2C%20AZ%2085705%2C%20USA,https://lo4th.com/?utm_source=google,2,custom/unknown,Bluehost Inc.,0,has website,27,false,ChIJhYLSVxxx1oYR9QLd5ZHHiJ4,4.4,2400,
Bawker Bawker Cider House,"400 N 4th Ave, Tucson, AZ 85705, USA",+1 520-222-8871,bar,fourth-ave-downtown,https://maps.google.com/?q=Bawker%20Bawker%20Cider%20House%20400%20N%204th%20Ave%2C%20Tucson%2C%20AZ%2085705%2C%20USA,http://www.bawkerbawker.com/,2,weebly,GoDaddy.com,0,has website,28,false,ChIJj10kcR9x1oYR-GzfDU8zV4g,4.7,203,
Che's Lounge,"350 N 4th Ave, Tucson, AZ 85705, USA",+1 520-623-2088,bar,fourth-ave-downtown,https://maps.google.com/?q=Che%27s%20Lounge%20350%20N%204th%20Ave%2C%20Tucson%2C%20AZ%2085705%2C%20USA,https://www.facebook.com/Ches-Lounge-107259662676552/,2,custom/unknown,RegistrarSafe,0,has website,29,false,ChIJ94QpqB1x1oYRMV1_RPcm2xU,4.4,1238,
Tough Luck Club,"101 E Pennington St, Tucson, AZ 85701, USA",+1 520-882-5550,bar,fourth-ave-downtown,https://maps.google.com/?q=Tough%20Luck%20Club%20101%20E%20Pennington%20St%2C%20Tucson%2C%20AZ%2085701%2C%20USA,https://www.reillypizza.com/#tough-luck-club-section,2,squarespace,GoDaddy.com,0,has website,30,false,ChIJRX9AiiVx1oYRQgXOo6Jgquk,4.5,103,
Sky Bar Tucson,"536 N 4th Ave, Tucson, AZ 85705, USA",+1 520-622-4300,bar,fourth-ave-downtown,https://maps.google.com/?q=Sky%20Bar%20Tucson%20536%20N%204th%20Ave%2C%20Tucson%2C%20AZ%2085705%2C%20USA,http://skybartucson.com/,2,custom/unknown,GoDaddy.com,0,has website,31,false,ChIJt2BEjxxx1oYRQejHdECMqPE,4.3,1474,
The Kava Den,"67 E Pennington St, Tucson, AZ 85701, USA",+1 520-372-2605,bar,fourth-ave-downtown,https://maps.google.com/?q=The%20Kava%20Den%2067%20E%20Pennington%20St%2C%20Tucson%2C%20AZ%2085701%2C%20USA,http://www.tucsonkavabar.com/,2,wix,Wix.com Ltd.,0,has website,32,false,ChIJyeXLuI9x1oYRL8vs6CjqszY,4.9,50,
Bison Witches,"326 N 4th Ave, Tucson, AZ 85705, USA",+1 520-740-1541,bar,fourth-ave-downtown,https://maps.google.com/?q=Bison%20Witches%20326%20N%204th%20Ave%2C%20Tucson%2C%20AZ%2085705%2C%20USA,http://www.bisonwitchestucson.com/,2,,Name.com,0,has website,33,false,ChIJFaHODh1x1oYRI4FPdOJIoeE,4.6,3313,
Exo Roast Co,"403 N 6th Ave #107, Tucson, AZ 85705, USA",+1 520-777-4709,cafe,fourth-ave-downtown,https://maps.google.com/?q=Exo%20Roast%20Co%20403%20N%206th%20Ave%20%23107%2C%20Tucson%2C%20AZ%2085705%2C%20USA,http://www.exocoffee.com/,2,shopify,Name.com,0,has website,34,false,ChIJbRJtFxtx1oYReNx-R4j5PwI,4.6,650,
Chappopin Cafe,"640 N Stone Ave, Tucson, AZ 85705, USA",+1 520-576-0396,cafe,fourth-ave-downtown,https://maps.google.com/?q=Chappopin%20Cafe%20640%20N%20Stone%20Ave%2C%20Tucson%2C%20AZ%2085705%2C%20USA,,1,,,0,no website,35,false,ChIJ0_1b5Jdx1oYRMkVBzwb-zpQ,5,80,chappopincafe.com; chappopincafetucson.com
Bodega at Union,"316 E 6th St Suite 150, Tucson, AZ 85705, USA",+1 520-999-0442,cafe,fourth-ave-downtown,https://maps.google.com/?q=Bodega%20at%20Union%20316%20E%206th%20St%20Suite%20150%2C%20Tucson%2C%20AZ%2085705%2C%20USA,,1,,,0,no website,36,false,ChIJaRJvo7Nx1oYR8Eweuqr8p5Q,5,7,bodegaatunion.com; bodegaatuniontucson.com
Harley's Coffee Co.,"316 E 6th St Suite 150, Tucson, AZ 85705, USA",+1 520-534-0443,cafe,fourth-ave-downtown,https://maps.google.com/?q=Harley%27s%20Coffee%20Co.%20316%20E%206th%20St%20Suite%20150%2C%20Tucson%2C%20AZ%2085705%2C%20USA,https://harleyscoffeeco.com/,2,shopify,Squarespace Domains II LLC,0,has website,37,false,ChIJTYWvvaJx1oYR590ldefLpLw,4.5,39,
The Jewel Cafe & Juice Bar,"431 N 4th Ave, Tucson, AZ 85705, USA",+1 520-667-3722,cafe,fourth-ave-downtown,https://maps.google.com/?q=The%20Jewel%20Cafe%20%26%20Juice%20Bar%20431%20N%204th%20Ave%2C%20Tucson%2C%20AZ%2085705%2C%20USA,https://m.facebook.com/TheJewelCafeAndJuiceBar,2,custom/unknown,unregistered,0,has website,38,false,ChIJD9t1haZx1oYR4iZgqFKylLk,4.7,32,
Royal Hookah Lounge,"347 N 4th Ave, Tucson, AZ 85705, USA",+1 520-622-8355,cafe,fourth-ave-downtown,https://maps.google.com/?q=Royal%20Hookah%20Lounge%20347%20N%204th%20Ave%2C%20Tucson%2C%20AZ%2085705%2C%20USA,https://www.instagram.com/rhlounge?igsh=cW1yMnlrcW85c2c%3D&utm_source=qr,2,custom/unknown,RegistrarSafe,0,has website,39,false,ChIJ3wSjqR1x1oYRMi5B1sMCFfI,4,318,
Pioneer Tucson,"100 N Stone Ave, Tucson, AZ 85701, USA",+1 888-668-1331,cafe,fourth-ave-downtown,https://maps.google.com/?q=Pioneer%20Tucson%20100%20N%20Stone%20Ave%2C%20Tucson%2C%20AZ%2085701%2C%20USA,http://pioneertucson.com/,2,wordpress,GoDaddy.com,0,has website,40,false,ChIJ2_XFQxtx1oYRj0NlGLkb5Qc,5,4,
De Novo Market and Tap,"177 N Church Ave, Tucson, AZ 85701, USA",+1 520-849-6531,cafe,fourth-ave-downtown,https://maps.google.com/?q=De%20Novo%20Market%20and%20Tap%20177%20N%20Church%20Ave%2C%20Tucson%2C%20AZ%2085701%2C%20USA,http://www.denovotucson.com/,2,custom/unknown,IONOS SE,0,has website,41,false,ChIJ15GLVABx1oYRWPw6hHgYcvI,4.8,33,
Ikes Coffee and Tea,"100 N Stone Ave #111, Tucson, AZ 85701, USA",+1 520-792-1800,cafe,fourth-ave-downtown,https://maps.google.com/?q=Ikes%20Coffee%20and%20Tea%20100%20N%20Stone%20Ave%20%23111%2C%20Tucson%2C%20AZ%2085701%2C%20USA,http://www.ikescoffee.com/,2,wix,GoDaddy.com,0,has website,42,false,ChIJOUV0KR5x1oYRUmLaXJdNx8s,4,146,
CERES Pasta,"77 W Washington St, Tucson, AZ 85701, USA",,cafe,fourth-ave-downtown,https://maps.google.com/?q=CERES%20Pasta%2077%20W%20Washington%20St%2C%20Tucson%2C%20AZ%2085701%2C%20USA,http://cerespasta.com/,2,weebly,GoDaddy.com,0,has website,43,false,ChIJTU-PcFVx1oYROL07PRAAqm8,4.8,229,
YBC at The Historic Courthouse,"115 N Church Ave, Tucson, AZ 85701, USA",+1 520-226-4068,cafe,fourth-ave-downtown,https://maps.google.com/?q=YBC%20at%20The%20Historic%20Courthouse%20115%20N%20Church%20Ave%2C%20Tucson%2C%20AZ%2085701%2C%20USA,https://yellowbrickcoffee.com/pages/cafe-locations,2,shopify,Register.com - Network Solutions,0,has website,44,false,ChIJh5983n9x1oYRxaNnsFn2FZw,4.8,5,
Eleven Cafē,"33 N Stone Ave #150, Tucson, AZ 85701, USA",+1 520-624-8852,cafe,fourth-ave-downtown,https://maps.google.com/?q=Eleven%20Caf%C4%93%2033%20N%20Stone%20Ave%20%23150%2C%20Tucson%2C%20AZ%2085701%2C%20USA,http://www.facebook.com/elevncafe,2,custom/unknown,RegistrarSafe,0,has website,45,false,ChIJM_80K-Bw1oYRH3mX8tFaW4U,4.6,83,
1989 Bake House,"745 N 4th Ave, Tucson, AZ 85705, USA",+1 520-540-5775,cafe,fourth-ave-downtown,https://maps.google.com/?q=1989%20Bake%20House%20745%20N%204th%20Ave%2C%20Tucson%2C%20AZ%2085705%2C%20USA,https://1989bakehouse.com/,2,squarespace,Squarespace Domains II LLC,0,has website,46,false,ChIJwaAoItud1oYRKqArdCK2QrU,4.3,103,
Berry Greens Juice Bar,"245 E Congress St Ste 159, Tucson, AZ 85701, USA",+1 520-367-5913,cafe,fourth-ave-downtown,https://maps.google.com/?q=Berry%20Greens%20Juice%20Bar%20245%20E%20Congress%20St%20Ste%20159%2C%20Tucson%2C%20AZ%2085701%2C%20USA,https://www.berrygreens.com/,2,weebly,GoDaddy.com,0,has website,47,false,ChIJwTuRgnxx1oYRBXga_aPOSmY,4,183,
HeeMee Coffee + Bakery,"20 E Congress St #110, Tucson, AZ 85701, USA",+1 520-207-1193,cafe,fourth-ave-downtown,https://maps.google.com/?q=HeeMee%20Coffee%20%2B%20Bakery%2020%20E%20Congress%20St%20%23110%2C%20Tucson%2C%20AZ%2085701%2C%20USA,http://heemee.online/,2,custom/unknown,Register.com - Network Solutions,0,has website,48,false,ChIJ57hsQIhx1oYRa4gr9BpoJdY,4.4,325,
Caffe Luce,"245 E Congress St Ste 193, Tucson, AZ 85701, USA",+1 520-623-4477,cafe,fourth-ave-downtown,https://maps.google.com/?q=Caffe%20Luce%20245%20E%20Congress%20St%20Ste%20193%2C%20Tucson%2C%20AZ%2085701%2C%20USA,https://facebook.com/Caffe-Luce-Coffee-Roasting-Co-31224924561/,2,custom/unknown,RegistrarSafe,0,has website,49,false,ChIJVZZ0PeJw1oYRqrhof6iLq8Q,4.5,490,
Chez Peachy,"501 N 6th Ave Suite 101, Tucson, AZ 85705, USA",,bakery,fourth-ave-downtown,https://maps.google.com/?q=Chez%20Peachy%20501%20N%206th%20Ave%20Suite%20101%2C%20Tucson%2C%20AZ%2085705%2C%20USA,https://chezpeachy.com/,2,custom/unknown,Wix.com Ltd.,0,has website,50,false,ChIJ41OIXQBx1oYR4jCRS0xkUEQ,4.5,457,
Batch,"118 E Congress St, Tucson, AZ 85701, USA",+1 520-203-7370,bakery,fourth-ave-downtown,https://maps.google.com/?q=Batch%20118%20E%20Congress%20St%2C%20Tucson%2C%20AZ%2085701%2C%20USA,http://batchtucson.com/,2,squarespace,Name.com,0,has website,51,false,ChIJh-Kq8uFw1oYRrziuzZNtOwU,4.5,685,
Le Macaron French Pastries Tucson,"260 E Congress St, Tucson, AZ 85701, USA",+1 520-777-7738,bakery,fourth-ave-downtown,https://maps.google.com/?q=Le%20Macaron%20French%20Pastries%20Tucson%20260%20E%20Congress%20St%2C%20Tucson%2C%20AZ%2085701%2C%20USA,https://lemacaron-us.com/,2,custom/unknown,GoDaddy.com,0,has website,52,false,ChIJKUTBnoFx1oYR-Mpt2CMWSY8,4.6,138,
Time Market,"444 E University Blvd, Tucson, AZ 85705, USA",+1 520-622-0761,bakery,fourth-ave-downtown,https://maps.google.com/?q=Time%20Market%20444%20E%20University%20Blvd%2C%20Tucson%2C%20AZ%2085705%2C%20USA,http://www.timemarket.xyz/,2,shopify,Network Solutions LLC,0,has website,53,false,ChIJca53Fxtx1oYRuDrQ-8pkYSU,4.7,2299,
Insomnia Cookies,"345 E Congress St #145, Tucson, AZ 85705, USA",+1 520-333-5622,bakery,fourth-ave-downtown,https://maps.google.com/?q=Insomnia%20Cookies%20345%20E%20Congress%20St%20%23145%2C%20Tucson%2C%20AZ%2085705%2C%20USA,https://insomniacookies.com/,2,custom/unknown,GoDaddy.com,0,has website,54,false,ChIJ10_ODyJyToYRj5brFBARs0g,4.1,344,
Cartel Roasting Co,"210 E Broadway Blvd Suite 3, Tucson, AZ 85701, USA",,bakery,fourth-ave-downtown,https://maps.google.com/?q=Cartel%20Roasting%20Co%20210%20E%20Broadway%20Blvd%20Suite%203%2C%20Tucson%2C%20AZ%2085701%2C%20USA,http://cartelroasting.co/,2,custom/unknown,unknown,0,has website,55,false,ChIJfeAGS-Jw1oYRHc-pxCs-Upk,4.4,837,
La Estrella Bakery,"141 S Stone Ave Suite 100, Tucson, AZ 85701, USA",+1 520-372-7026,bakery,fourth-ave-downtown,https://maps.google.com/?q=La%20Estrella%20Bakery%20141%20S%20Stone%20Ave%20Suite%20100%2C%20Tucson%2C%20AZ%2085701%2C%20USA,https://www.laestrellabakeryincaz.com/,2,custom/unknown,Tucows Domains Inc.,0,has website,56,false,ChIJhQGsfgBx1oYRupk3uNHVPfs,4.8,50,
Sweet Street Desserts (within Geronimo),"806 E University Blvd, Tucson, AZ 85719, USA",+1 520-529-7277,bakery,fourth-ave-downtown,https://maps.google.com/?q=Sweet%20Street%20Desserts%20%28within%20Geronimo%29%20806%20E%20University%20Blvd%2C%20Tucson%2C%20AZ%2085719%2C%20USA,https://www.doordash.com/store/sweet-street-desserts-tucson-25073119,2,custom/unknown,MarkMonitor Inc.,0,has website,57,false,ChIJOQscblxx1oYR4rUgczHQBnc,4.4,49,
Woops! Bakeshop (Main Gate Square),"845 E University Blvd, Tucson, AZ 85719, USA",+1 520-305-3224,bakery,fourth-ave-downtown,https://maps.google.com/?q=Woops%21%20Bakeshop%20%28Main%20Gate%20Square%29%20845%20E%20University%20Blvd%2C%20Tucson%2C%20AZ%2085719%2C%20USA,https://bywoops.com/locations/main-gate-square/,2,wix,GoDaddy.com,0,has website,58,false,ChIJNUodQgRx1oYRaKd9yyQzyp8,4.7,356,
Hidden Hearth Bakery,"267 South Avenida del Convento Building #13, Tucson, AZ 85745, USA",,bakery,fourth-ave-downtown,https://maps.google.com/?q=Hidden%20Hearth%20Bakery%20267%20South%20Avenida%20del%20Convento%20Building%20%2313%2C%20Tucson%2C%20AZ%2085745%2C%20USA,https://www.hidden-hearth.com/,2,squarespace,Squarespace Domains II LLC,0,has website,60,false,ChIJy9x7DsBx1oYRyqnKDvhBej0,5,18,
5 Points,"756 S Stone Ave, Tucson, AZ 85701, USA",+1 520-623-3888,bakery,fourth-ave-downtown,https://maps.google.com/?q=5%20Points%20756%20S%20Stone%20Ave%2C%20Tucson%2C%20AZ%2085701%2C%20USA,http://www.5pointstucson.com/,2,wix,GoDaddy.com,0,has website,61,false,ChIJkXexruhw1oYRU3eE_jo21UY,4.5,1217,
La Estrella Bakery Inc,"120 South Avenida del Convento #100, Tucson, AZ 85745, USA",+1 520-393-3320,bakery,fourth-ave-downtown,https://maps.google.com/?q=La%20Estrella%20Bakery%20Inc%20120%20South%20Avenida%20del%20Convento%20%23100%2C%20Tucson%2C%20AZ%2085745%2C%20USA,http://laestrellabakeryincaz.com/,2,custom/unknown,Tucows Domains Inc.,0,has website,62,false,ChIJTf_2ymtv1oYRtfcQWmimTMY,4.7,587,
Dolce Pastello,"120 South Avenida del Convento, Tucson, AZ 85745, USA",+1 520-207-6765,bakery,fourth-ave-downtown,https://maps.google.com/?q=Dolce%20Pastello%20120%20South%20Avenida%20del%20Convento%2C%20Tucson%2C%20AZ%2085745%2C%20USA,http://dolcepastello.com/,2,wix,Squarespace Domains II LLC,0,has website,63,false,ChIJDXh8Dthw1oYRtfZ8u1M0K6E,4.5,151,
Einstein Bros. Bagels,"1303 E University Blvd, Tucson, AZ 85719, USA",+1 520-621-0452,bakery,fourth-ave-downtown,https://maps.google.com/?q=Einstein%20Bros.%20Bagels%201303%20E%20University%20Blvd%2C%20Tucson%2C%20AZ%2085719%2C%20USA,https://locations.einsteinbros.com/us/az/tucson/1303-e-university-blvd?y_source=1_OTA0OTQ1Ny03MTUtbG9jYXRpb24ud2Vic2l0ZQ%3D%3D,2,wordpress,unregistered,0,has website,64,false,ChIJrXzGQAdx1oYRJbALJpzXkTI,3.6,157,
Rosebud Bakery,"844 S 6th Ave, Tucson, AZ 85701, USA",,bakery,fourth-ave-downtown,https://maps.google.com/?q=Rosebud%20Bakery%20844%20S%206th%20Ave%2C%20Tucson%2C%20AZ%2085701%2C%20USA,https://www.rosebudbakeryaz.com/,2,squarespace,Squarespace Domains LLC,0,has website,65,false,ChIJcZScV4Nx1oYR4-e5PxHAJJY,4.8,101,
Brooklyn Pizza Company,"534 N 4th Ave, Tucson, AZ 85705, USA",+1 520-622-6868,meal_delivery,fourth-ave-downtown,https://maps.google.com/?q=Brooklyn%20Pizza%20Company%20534%20N%204th%20Ave%2C%20Tucson%2C%20AZ%2085705%2C%20USA,http://brooklynpizzacompany.com/,2,custom/unknown,GoDaddy.com,0,has website,66,false,ChIJdbM5iBxx1oYRsyRZoJbcPI8,4.2,2106,
Baggin's Gourmet Sandwiches,"33 N Stone Ave Suite 108, Tucson, AZ 85701, USA",+1 520-792-1344,meal_delivery,fourth-ave-downtown,https://maps.google.com/?q=Baggin%27s%20Gourmet%20Sandwiches%2033%20N%20Stone%20Ave%20Suite%20108%2C%20Tucson%2C%20AZ%2085701%2C%20USA,http://www.bagginsgourmet.com/,2,wordpress,eNom,0,has website,67,false,ChIJM_80K-Bw1oYRcTWRdEWkurc,4,185,
Jaime's Pizza Kitchen,"312 E Congress St, Tucson, AZ 85701, USA",+1 520-849-5908,meal_delivery,fourth-ave-downtown,https://maps.google.com/?q=Jaime%27s%20Pizza%20Kitchen%20312%20E%20Congress%20St%2C%20Tucson%2C%20AZ%2085701%2C%20USA,http://www.tucsonjaimes.com/,2,custom/unknown,GoDaddy.com,0,has website,68,false,ChIJ1fPqkg5x1oYRJX6Yo3ghVdw,4.7,346,
Illegal Pete's - Tucson,"876 E University Blvd, Tucson, AZ 85719, USA",+1 520-253-4411,meal_delivery,fourth-ave-downtown,https://maps.google.com/?q=Illegal%20Pete%27s%20-%20Tucson%20876%20E%20University%20Blvd%2C%20Tucson%2C%20AZ%2085719%2C%20USA,https://www.illegalpetes.com/?olonwp=JjBtp_vMLk25gkYh_bnoiQ,2,,Network Solutions,0,has website,69,false,ChIJ5Q6ucgRx1oYRa6A2o4yNE_E,4.2,845,
Anita Street Market,"849 N Anita Ave, Tucson, AZ 85705, USA",+1 520-335-3731,meal_delivery,fourth-ave-downtown,https://maps.google.com/?q=Anita%20Street%20Market%20849%20N%20Anita%20Ave%2C%20Tucson%2C%20AZ%2085705%2C%20USA,https://anitastmarket.com/,2,custom/unknown,GoDaddy.com,0,has website,70,false,ChIJ69XpWjtx1oYRvBIlCGaNFqY,4.3,956,
The Burger Den,"555 N Freeway, Tucson, AZ 85745, USA",+1 520-623-8249,meal_delivery,fourth-ave-downtown,https://maps.google.com/?q=The%20Burger%20Den%20555%20N%20Freeway%2C%20Tucson%2C%20AZ%2085745%2C%20USA,https://www.theburgerden.com/?utm_source=G&utm_medium=organic&utm_campaign=DAC,2,,Network Solutions,0,has website,71,false,ChIJ44HnAbhx1oYRvFIM0JPJlRI,3,2,
Jack in the Box,"1055 N Park Ave, Tucson, AZ 85719, USA",+1 520-771-8864,meal_delivery,fourth-ave-downtown,https://maps.google.com/?q=Jack%20in%20the%20Box%201055%20N%20Park%20Ave%2C%20Tucson%2C%20AZ%2085719%2C%20USA,https://locations.jackinthebox.com/us/az/tucson/1055-n-park-ave?utm_source=google&utm_medium=local&utm_campaign=google-local,2,custom/unknown,unregistered,0,has website,73,false,ChIJ4dBO1P5x1oYRv4gSbhDk6Ug,3.8,697,
Wok Fire & Grill,"1135 N Park Ave, Tucson, AZ 85719, USA",+1 520-889-2388,meal_delivery,fourth-ave-downtown,https://maps.google.com/?q=Wok%20Fire%20%26%20Grill%201135%20N%20Park%20Ave%2C%20Tucson%2C%20AZ%2085719%2C%20USA,https://wokfire.com/,2,,GoDaddy.com,0,has website,74,false,ChIJWRU8f6Bx1oYRgeN5rlxISXk,4.3,305,
Jack in the Box,"1202 W St Marys Rd, Tucson, AZ 85745, USA",+1 520-623-4957,meal_delivery,fourth-ave-downtown,https://maps.google.com/?q=Jack%20in%20the%20Box%201202%20W%20St%20Marys%20Rd%2C%20Tucson%2C%20AZ%2085745%2C%20USA,https://locations.jackinthebox.com/us/az/tucson/1202-w-st-marys-rd?utm_source=google&utm_medium=local&utm_campaign=google-local,2,custom/unknown,unregistered,0,has website,76,false,ChIJd8c3Mi5x1oYR2soKqJ9IJQc,3.7,1027,
TACOS Y HOT DOGS EL GIRO,"420 W 22nd St, Tucson, AZ 85713, USA",+1 520-409-2284,meal_delivery,fourth-ave-downtown,https://maps.google.com/?q=TACOS%20Y%20HOT%20DOGS%20EL%20GIRO%20420%20W%2022nd%20St%2C%20Tucson%2C%20AZ%2085713%2C%20USA,,1,,,0,no website,77,false,ChIJPcLNOgBx1oYRdzhTCHcRdIE,5,1,tacosyhotdogselgiro.com; tacosyhotdogselgirotucson.com
"Cheba Hut ""Toasted"" Subs","446 N Campbell Ave STE 2, Tucson, AZ 85719, USA",+1 520-495-4719,meal_delivery,fourth-ave-downtown,https://maps.google.com/?q=Cheba%20Hut%20%22Toasted%22%20Subs%20446%20N%20Campbell%20Ave%20STE%202%2C%20Tucson%2C%20AZ%2085719%2C%20USA,https://chebahut.com/locations/tusconaz/?utm_source=google&utm_medium=GBP&utm_campaign=Tucson+-+Campbell,2,custom/unknown,Network Solutions,0,has website,79,false,ChIJ62ZLVVNw1oYRZM-NzDDnWUs,4.6,1679,
Capriotti's Sandwich Shop,"1830 E Broadway Blvd, Tucson, AZ 85719, USA",+1 520-771-8878,meal_delivery,fourth-ave-downtown,https://maps.google.com/?q=Capriotti%27s%20Sandwich%20Shop%201830%20E%20Broadway%20Blvd%2C%20Tucson%2C%20AZ%2085719%2C%20USA,https://capriottis.com/location/27829895,2,custom/unknown,Amazon Registrar,0,has website,80,false,ChIJYaxhJ29x1oYRHjQKfs5f7K8,4,235,
​Rock Bottom Eatery,"301 W Alturas St, Tucson, AZ 85705, USA",+1 520-792-4100,meal_delivery,fourth-ave-downtown,https://maps.google.com/?q=%E2%80%8BRock%20Bottom%20Eatery%20301%20W%20Alturas%20St%2C%20Tucson%2C%20AZ%2085705%2C%20USA,,1,,,0,no website,83,false,ChIJ79MJoNlx1oYRuUKf_fZzpGw,3.5,2,rockbottomeatery.com; rockbottomeaterytucson.com
Raspados El Sahuaro Snack Bar,"245 E Congress St suit 171, Tucson, AZ 85701, USA",+1 520-771-6612,meal_takeaway,fourth-ave-downtown,https://maps.google.com/?q=Raspados%20El%20Sahuaro%20Snack%20Bar%20245%20E%20Congress%20St%20suit%20171%2C%20Tucson%2C%20AZ%2085701%2C%20USA,,1,,,0,no website,84,false,ChIJ3RpqZd1x1oYReIS6wvtCmqA,4.8,25,raspadoselsahuarosnackbar.com; raspadoselsahuarosnackbartucson.com
Bonchon Tucson - North 4th Avenue,"802 N 4th Ave, Tucson, AZ 85705, USA",+1 520-204-1000,meal_takeaway,fourth-ave-downtown,https://maps.google.com/?q=Bonchon%20Tucson%20-%20North%204th%20Avenue%20802%20N%204th%20Ave%2C%20Tucson%2C%20AZ%2085705%2C%20USA,https://restaurants.bonchon.com/locations/az/tucson/802-north-4th-ave,2,custom/unknown,unregistered,0,has website,85,false,ChIJmw8bJABx1oYRMw0QaccEFhg,4.3,88,
Bodega Solai on 4th,"127 S 4th Ave, Tucson, AZ 85701, USA",+1 520-373-4529,meal_takeaway,fourth-ave-downtown,https://maps.google.com/?q=Bodega%20Solai%20on%204th%20127%20S%204th%20Ave%2C%20Tucson%2C%20AZ%2085701%2C%20USA,,1,,,0,no website,86,false,ChIJBSE2Eo1x1oYRV_Whg5wGWjE,5,4,bodegasolaion4th.com; bodegasolaion4thtucson.com
eHotPot,"243 E Speedway Blvd Suite 141, Tucson, AZ 85705, USA",+1 520-999-8839,meal_takeaway,fourth-ave-downtown,https://maps.google.com/?q=eHotPot%20243%20E%20Speedway%20Blvd%20Suite%20141%2C%20Tucson%2C%20AZ%2085705%2C%20USA,http://ehotpot.com/,2,custom/unknown,GoDaddy.com,0,has website,88,false,ChIJw4PRyJxx1oYR6-lI1MuCHqQ,4.4,344,
Turkish Kebab House,"810 E University Blvd, Tucson, AZ 85719, USA",+1 520-623-4010,meal_takeaway,fourth-ave-downtown,https://maps.google.com/?q=Turkish%20Kebab%20House%20810%20E%20University%20Blvd%2C%20Tucson%2C%20AZ%2085719%2C%20USA,https://www.turkishkebabhouse.us/,2,custom/unknown,Hosting Concepts B.V. d/b/a Registrar.eu,0,has website,89,false,ChIJNwJmhoBz1oYRvY3veXzA6DU,4.6,390,
Kababeque Indian Grill,"845 E University Blvd #185, Tucson, AZ 85719, USA",+1 520-388-4500,meal_takeaway,fourth-ave-downtown,https://maps.google.com/?q=Kababeque%20Indian%20Grill%20845%20E%20University%20Blvd%20%23185%2C%20Tucson%2C%20AZ%2085719%2C%20USA,,1,,,0,no website,90,false,ChIJ3z7uaQRx1oYRloZSA-Ul5n0,4.2,490,kababequeindiangrillarizona.com
Fuku Sushi,"940 E University Blvd, Tucson, AZ 85719, USA",+1 520-798-3858,meal_takeaway,fourth-ave-downtown,https://maps.google.com/?q=Fuku%20Sushi%20940%20E%20University%20Blvd%2C%20Tucson%2C%20AZ%2085719%2C%20USA,https://www.fukuaz.com/,2,,GoDaddy.com,0,has website,91,false,ChIJl7pWBQRx1oYRBKDRC-iVz7A,3.2,855,
Del Taco,"840 E Broadway Blvd, Tucson, AZ 85719, USA",+1 520-628-7258,meal_takeaway,fourth-ave-downtown,https://maps.google.com/?q=Del%20Taco%20840%20E%20Broadway%20Blvd%2C%20Tucson%2C%20AZ%2085719%2C%20USA,https://locations.deltaco.com/us/az/tucson/840-e-broadway-blvd?utm_source=G&utm_medium=local&utm_campaign=google-local,2,custom/unknown,unregistered,0,has website,92,false,ChIJTc_HZ_xw1oYRJ9ktwlgKGzs,3.9,2436,
Flakes,"1031 N Park Ave, Tucson, AZ 85719, USA",+1 520-344-4611,meal_takeaway,fourth-ave-downtown,https://maps.google.com/?q=Flakes%201031%20N%20Park%20Ave%2C%20Tucson%2C%20AZ%2085719%2C%20USA,https://flakesexpress.com/,2,,GoDaddy.com,0,has website,93,false,ChIJVXh_86tx1oYRnF5dJ_tLUZA,4.8,98,
Spa & Co. Salon Boutique,"439 N 6th Ave Suite 127, Tucson, AZ 85705, USA",+1 520-808-5856,hair_salon,fourth-ave-downtown,https://maps.google.com/?q=Spa%20%26%20Co.%20Salon%20Boutique%20439%20N%206th%20Ave%20Suite%20127%2C%20Tucson%2C%20AZ%2085705%2C%20USA,,1,,,0,no website,95,false,ChIJ7ZoFQP1x1oYRZJ9v0_lOzvI,5,1,spasalonboutique.com; spasalonboutiquetucson.com
Hair by O'Neal,"439 N 6th Ave, Tucson, AZ 85705, USA",,hair_salon,fourth-ave-downtown,https://maps.google.com/?q=Hair%20by%20O%27Neal%20439%20N%206th%20Ave%2C%20Tucson%2C%20AZ%2085705%2C%20USA,https://hair-by-oneal.square.site/,2,weebly,MarkMonitor Inc.,0,has website,96,false,ChIJnUH3fLVx1oYR4Wd2hDyjle0,,,
Trim Salon,"439 N 6th Ave, Tucson, AZ 85705, USA",,hair_salon,fourth-ave-downtown,https://maps.google.com/?q=Trim%20Salon%20439%20N%206th%20Ave%2C%20Tucson%2C%20AZ%2085705%2C%20USA,https://trimsalontucson.com/,2,custom/unknown,GoDaddy.com,0,has website,97,false,ChIJid-UMkdx1oYRCgi3KHmPIxE,5,26,
Kim Gregson Hair,"549 N 6th Ave #1/2, Tucson, AZ 85705, USA",+1 602-796-0780,hair_salon,fourth-ave-downtown,https://maps.google.com/?q=Kim%20Gregson%20Hair%20549%20N%206th%20Ave%20%231/2%2C%20Tucson%2C%20AZ%2085705%2C%20USA,https://kimgregsonhair.square.site/,2,weebly,MarkMonitor Inc.,0,has website,98,false,ChIJ8RlGihpx1oYRUSmDxCG_-5M,,,
Trims by Trin,"549 N 6th Ave, Tucson, AZ 85705, USA",,hair_salon,fourth-ave-downtown,https://maps.google.com/?q=Trims%20by%20Trin%20549%20N%206th%20Ave%2C%20Tucson%2C%20AZ%2085705%2C%20USA,,1,,,0,no website,99,false,ChIJbwFYEMZx1oYRIVyd-SSwIyI,,,trimsbytrin.com; trimsbytrintucson.com
Hot Dish Hair Club by McKenna,"549 N 6th Ave, Tucson, AZ 85705, USA",,hair_salon,fourth-ave-downtown,https://maps.google.com/?q=Hot%20Dish%20Hair%20Club%20by%20McKenna%20549%20N%206th%20Ave%2C%20Tucson%2C%20AZ%2085705%2C%20USA,http://www.1800-hot-dish.com/,2,weebly,Register.com - Network Solutions,0,has website,100,false,ChIJTX43g1Nx1oYRZj0aXOf4lzs,,,
Once Wild Salon Craft Stylists & Curated Goods,"549 N 6th Ave, Tucson, AZ 85705, USA",+1 520-372-8338,hair_salon,fourth-ave-downtown,https://maps.google.com/?q=Once%20Wild%20Salon%20Craft%20Stylists%20%26%20Curated%20Goods%20549%20N%206th%20Ave%2C%20Tucson%2C%20AZ%2085705%2C%20USA,http://www.oncewildsalon.com/,2,squarespace,Squarespace Domains LLC,0,has website,101,false,ChIJEeply-hw1oYRev1ldb4n3H4,4.9,118,
The Beverly Hair Salon,"408 E 7th St, Tucson, AZ 85705, USA",+1 520-358-0495,hair_salon,fourth-ave-downtown,https://maps.google.com/?q=The%20Beverly%20Hair%20Salon%20408%20E%207th%20St%2C%20Tucson%2C%20AZ%2085705%2C%20USA,,1,,,0,no website,102,false,ChIJp8u6Bh1x1oYR43VnXPnj1bc,5,5,beverlyhairsalon.com; beverlyhairsalontucson.com
Salon Salon,"410 E Toole Ave, Tucson, AZ 85705, USA",+1 520-777-3224,hair_salon,fourth-ave-downtown,https://maps.google.com/?q=Salon%20Salon%20410%20E%20Toole%20Ave%2C%20Tucson%2C%20AZ%2085705%2C%20USA,http://salonsalonaz.com/,2,wordpress,GoDaddy.com,0,has website,103,false,ChIJqzTzCuJw1oYRQ6lEaAYCP3U,4.8,102,
Boss Shears Salon,"426 E 7th St, Tucson, AZ 85705, USA",+1 520-623-2235,hair_salon,fourth-ave-downtown,https://maps.google.com/?q=Boss%20Shears%20Salon%20426%20E%207th%20St%2C%20Tucson%2C%20AZ%2085705%2C%20USA,,1,,,0,no website,104,false,ChIJRzDoGh1x1oYRvr8Q7dyOsxY,4.8,77,bossshearssalon.com; bossshearssalontucson.com
Belle Starr Salon,"431 E 7th St, Tucson, AZ 85705, USA",+1 520-409-4866,hair_salon,fourth-ave-downtown,https://maps.google.com/?q=Belle%20Starr%20Salon%20431%20E%207th%20St%2C%20Tucson%2C%20AZ%2085705%2C%20USA,https://online.rosysalonsoftware.com/about/43331,2,custom/unknown,unregistered,0,has website,105,false,ChIJM9wwd-xw1oYREVH8prWsL9Y,4.8,59,
The Neon Door,"224 N 4th Ave, Tucson, AZ 85705, USA",+1 520-849-5844,hair_salon,fourth-ave-downtown,https://maps.google.com/?q=The%20Neon%20Door%20224%20N%204th%20Ave%2C%20Tucson%2C%20AZ%2085705%2C%20USA,https://theneondooraz.com/,2,custom/unknown,GoDaddy.com,0,has website,106,false,ChIJMztew8dx1oYRA6CG4arA-co,4.9,113,
Willow Salon,"219 N 3rd Ave Suite 141, Tucson, AZ 85705, USA",+1 520-822-6029,hair_salon,fourth-ave-downtown,https://maps.google.com/?q=Willow%20Salon%20219%20N%203rd%20Ave%20Suite%20141%2C%20Tucson%2C%20AZ%2085705%2C%20USA,http://www.willowsalonaz.com/,2,wordpress,GoDaddy.com,0,has website,107,false,ChIJPdqKKclz1oYRLcMbLKhnebU,4.8,304,
About me hair studio,"1 E Broadway Blvd #115, Tucson, AZ 85701, USA",+1 520-622-2110,hair_salon,fourth-ave-downtown,https://maps.google.com/?q=About%20me%20hair%20studio%201%20E%20Broadway%20Blvd%20%23115%2C%20Tucson%2C%20AZ%2085701%2C%20USA,https://aboutmehairstudio.com/,2,wordpress,GoDaddy.com,0,has website,108,false,ChIJI_ffLuJw1oYRs8u-wEtAyaw,4.7,153,
Aveda Institute Tucson,"145 S 6th Ave, Tucson, AZ 85701, USA",+1 520-207-2660,hair_salon,fourth-ave-downtown,https://maps.google.com/?q=Aveda%20Institute%20Tucson%20145%20S%206th%20Ave%2C%20Tucson%2C%20AZ%2085701%2C%20USA,https://avedainspiregreatness.com/tucson-campus/?utm_source=google&utm_medium=organic&utm_campaign=gbp-listing,2,wordpress,GoDaddy.com,0,has website,109,false,ChIJj-kBIQRx1oYRoz9lVgjpmn4,4.9,1657,
Hair by David & Co,"135 S 5th Ave, Tucson, AZ 85701, USA",+1 520-668-3759,hair_salon,fourth-ave-downtown,https://maps.google.com/?q=Hair%20by%20David%20%26%20Co%20135%20S%205th%20Ave%2C%20Tucson%2C%20AZ%2085701%2C%20USA,,1,,,0,no website,110,false,ChIJbfFObBRx1oYRI8VsbSALv5Q,4.9,14,hairbydavidtucson.com; hairbydavidaz.com
Maru's Hair and Beauty,"37 E Speedway Blvd, Tucson, AZ 85705, USA",+1 520-622-4575,hair_salon,fourth-ave-downtown,https://maps.google.com/?q=Maru%27s%20Hair%20and%20Beauty%2037%20E%20Speedway%20Blvd%2C%20Tucson%2C%20AZ%2085705%2C%20USA,https://barberboard.az.gov/lau-dels-barber-beauty-shop,2,custom/unknown,unregistered,0,has website,111,false,ChIJJX4NVC1x1oYRv2ks6MFxRn8,4.8,71,
Annette Andree Hair Studio LLC,"236 S Scott Ave Suite 302, Tucson, AZ 85701, USA",+1 520-474-5126,hair_salon,fourth-ave-downtown,https://maps.google.com/?q=Annette%20Andree%20Hair%20Studio%20LLC%20236%20S%20Scott%20Ave%20Suite%20302%2C%20Tucson%2C%20AZ%2085701%2C%20USA,http://annetteandreehairstudio.com/,2,,GoDaddy.com,0,has website,112,false,ChIJFaVaAR1x1oYRKIlWah5zUS8,5,4,
The Natural Sanctuary Salon,"388 S Stone Ave, Tucson, AZ 85701, USA",+1 520-882-6280,hair_salon,fourth-ave-downtown,https://maps.google.com/?q=The%20Natural%20Sanctuary%20Salon%20388%20S%20Stone%20Ave%2C%20Tucson%2C%20AZ%2085701%2C%20USA,,1,,,0,no website,113,false,ChIJVeaDxOZw1oYR2lqQlrYHBK8,5,5,naturalsanctuarysalon.com; naturalsanctuarysalontucson.com
Pure-Mettle,"103 N Park Ave UNIT 107, Tucson, AZ 85719, USA",+1 520-269-9607,hair_salon,fourth-ave-downtown,https://maps.google.com/?q=Pure-Mettle%20103%20N%20Park%20Ave%20UNIT%20107%2C%20Tucson%2C%20AZ%2085719%2C%20USA,http://pure-mettle.com/,2,weebly,Domain.com - Network Solutions,0,has website,114,false,ChIJy1C82blx1oYRPBOpRJGvPcM,4.9,263,
"greentoes Nail Salon, Massage and Day Spa","529 N 6th Ave, Tucson, AZ 85705, USA",+1 520-777-6281,nail_salon,fourth-ave-downtown,https://maps.google.com/?q=greentoes%20Nail%20Salon%2C%20Massage%20and%20Day%20Spa%20529%20N%206th%20Ave%2C%20Tucson%2C%20AZ%2085705%2C%20USA,https://www.greentoestucson.com/,2,custom php,Bluehost Inc.,0,has website,115,false,ChIJQ88trB5x1oYRjpGa_tswLuU,4.8,879,
SELAH,"621 N 6th Ave, Tucson, AZ 85705, USA",+1 520-276-5777,nail_salon,fourth-ave-downtown,https://maps.google.com/?q=SELAH%20621%20N%206th%20Ave%2C%20Tucson%2C%20AZ%2085705%2C%20USA,http://selahtucson.com/,2,,GoDaddy.com,0,has website,116,false,ChIJo1cXtx5x1oYRdgxaTwIkYXk,5,452,
Metropolis The Salon,"529 N 4th Ave, Tucson, AZ 85705, USA",+1 520-296-7400,nail_salon,fourth-ave-downtown,https://maps.google.com/?q=Metropolis%20The%20Salon%20529%20N%204th%20Ave%2C%20Tucson%2C%20AZ%2085705%2C%20USA,http://metropolistucson.com/,2,,"Media Elite Holdings Limited, S.A.",0,has website,117,false,ChIJx0CIathx1oYRllxjdXDQktM,5,9,
Jess Nailsss,"729 N 4th Ave, Tucson, AZ 85705, USA",,nail_salon,fourth-ave-downtown,https://maps.google.com/?q=Jess%20Nailsss%20729%20N%204th%20Ave%2C%20Tucson%2C%20AZ%2085705%2C%20USA,,1,,,0,no website,118,false,ChIJmSRaKXNx1oYRwz7K5Sg93-o,,,jessnailsss.com; jessnailssstucson.com
Nails by Desyanna LLC,"25 E Congress St, Tucson, AZ 85701, USA",+1 520-349-5132,nail_salon,fourth-ave-downtown,https://maps.google.com/?q=Nails%20by%20Desyanna%20LLC%2025%20E%20Congress%20St%2C%20Tucson%2C%20AZ%2085701%2C%20USA,https://www.nailsbydesyanna.com/,2,squarespace,Squarespace Domains LLC,0,has website,119,false,ChIJe-GAHAdx1oYRoaj0YRHxmAc,5,11,
Nails By Mar-Mar,"2 E Congress St # 900, Tucson, AZ 85701, USA",,nail_salon,fourth-ave-downtown,https://maps.google.com/?q=Nails%20By%20Mar-Mar%202%20E%20Congress%20St%20%23%20900%2C%20Tucson%2C%20AZ%2085701%2C%20USA,,1,,,0,no website,120,false,ChIJnV5yKgxx1oYRm2LRrDshGz4,,,nailsbymarmar.com; nailsbymarmartucson.com
Nail Theory,"845 E University Blvd, Tucson, AZ 85719, USA",+1 520-777-7996,nail_salon,fourth-ave-downtown,https://maps.google.com/?q=Nail%20Theory%20845%20E%20University%20Blvd%2C%20Tucson%2C%20AZ%2085719%2C%20USA,https://nailtheoryaz.com/,2,custom/unknown,GoDaddy.com,0,has website,121,false,ChIJcbTyk2Nx1oYROifVPOI5DbI,4.6,84,
The Wonderland Salon + Academy,"840 S 6th Ave, Tucson, AZ 85701, USA",+1 520-488-3344,nail_salon,fourth-ave-downtown,https://maps.google.com/?q=The%20Wonderland%20Salon%20%2B%20Academy%20840%20S%206th%20Ave%2C%20Tucson%2C%20AZ%2085701%2C%20USA,https://mysite.vagaro.com/thelashwonderlandaz,2,custom/unknown,unregistered,0,has website,122,false,ChIJx2aQbTpx1oYRJp-341sWBYY,5,173,
Nail Time,"1311 W St Marys Rd, Tucson, AZ 85745, USA",+1 520-624-9242,nail_salon,fourth-ave-downtown,https://maps.google.com/?q=Nail%20Time%201311%20W%20St%20Marys%20Rd%2C%20Tucson%2C%20AZ%2085745%2C%20USA,,1,,,0,no website,123,false,ChIJe9hlTj5x1oYRkJQEiRBcRWQ,4.3,115,nailtimetucson.com; nailtimeaz.com
A & K Nails,"1830 E Broadway Blvd #180, Tucson, AZ 85719, USA",+1 520-624-3371,nail_salon,fourth-ave-downtown,https://maps.google.com/?q=A%20%26%20K%20Nails%201830%20E%20Broadway%20Blvd%20%23180%2C%20Tucson%2C%20AZ%2085719%2C%20USA,,1,,,0,no website,124,false,ChIJ21afslZw1oYR1VMxYDkOBSk,2.9,72,aknailstucson.com; aknailsaz.com
Spa Solai - 6th,"446 N Campbell Ave #180, Tucson, AZ 85719, USA",+1 520-447-7727,nail_salon,fourth-ave-downtown,https://maps.google.com/?q=Spa%20Solai%20-%206th%20446%20N%20Campbell%20Ave%20%23180%2C%20Tucson%2C%20AZ%2085719%2C%20USA,https://www.spasolai.com/,2,custom php,GoDaddy.com,0,has website,125,false,ChIJs0T7N1Nw1oYRKcYool8tRjA,4.3,122,
Jade Nails,"1519 W St Marys Rd, Tucson, AZ 85745, USA",+1 520-884-7888,nail_salon,fourth-ave-downtown,https://maps.google.com/?q=Jade%20Nails%201519%20W%20St%20Marys%20Rd%2C%20Tucson%2C%20AZ%2085745%2C%20USA,,1,,,0,no website,126,false,ChIJN9VUVy1x1oYRyBnr7yhEvWI,4.3,180,jadenailstucson.com; jadenailsaz.com
Nail 2001 by Sam,"515 E Grant Rd #161, Tucson, AZ 85705, USA",+1 520-903-0325,nail_salon,fourth-ave-downtown,https://maps.google.com/?q=Nail%202001%20by%20Sam%20515%20E%20Grant%20Rd%20%23161%2C%20Tucson%2C%20AZ%2085705%2C%20USA,,1,,,0,no website,127,false,ChIJu6jQ-21x1oYRiMWHylREoyg,3.9,118,nail2001bysam.com; nail2001bysamtucson.com
Lush Nail Lounge,"1927 E Speedway Blvd Suite 107, Tucson, AZ 85719, USA",+1 520-729-0274,nail_salon,fourth-ave-downtown,https://maps.google.com/?q=Lush%20Nail%20Lounge%201927%20E%20Speedway%20Blvd%20Suite%20107%2C%20Tucson%2C%20AZ%2085719%2C%20USA,https://www.instagram.com/lush_nail_lounge_tucson/?hl=en,2,custom/unknown,RegistrarSafe,0,has website,128,false,ChIJ64ALCodx1oYRNfxewWXxRz4,4.3,293,
Retro Nail Bar,"122 S Olsen Ave UNIT 106, Tucson, AZ 85719, USA",+1 520-276-7036,nail_salon,fourth-ave-downtown,https://maps.google.com/?q=Retro%20Nail%20Bar%20122%20S%20Olsen%20Ave%20UNIT%20106%2C%20Tucson%2C%20AZ%2085719%2C%20USA,http://retronailbar.com/,2,squarespace,Tucows Domains Inc.,0,has website,129,false,ChIJ4x9szApx1oYROAVaBgsZBaY,4.7,42,
Madame of the Nails,"122 S Olsen Ave UNIT 106, Tucson, AZ 85719, USA",+1 520-222-6059,nail_salon,fourth-ave-downtown,https://maps.google.com/?q=Madame%20of%20the%20Nails%20122%20S%20Olsen%20Ave%20UNIT%20106%2C%20Tucson%2C%20AZ%2085719%2C%20USA,https://chrisb.glossgenius.com/,2,custom/unknown,unregistered,0,has website,130,false,ChIJ2cFPIRNx1oYRfy_jpfB6fAc,,,
Cindy Barefoot,"439 N 6th Ave, Tucson, AZ 85705, USA",+1 505-920-6858,beauty_salon,fourth-ave-downtown,https://maps.google.com/?q=Cindy%20Barefoot%20439%20N%206th%20Ave%2C%20Tucson%2C%20AZ%2085705%2C%20USA,,1,,,0,no website,131,false,ChIJJ5qFtrxx1oYR1A8RpY2uco8,,,cindybarefoot.com; cindybarefoottucson.com
U. Beauty & Skin,"439 N 6th Ave Suite 187, Tucson, AZ 85705, USA",,beauty_salon,fourth-ave-downtown,https://maps.google.com/?q=U.%20Beauty%20%26%20Skin%20439%20N%206th%20Ave%20Suite%20187%2C%20Tucson%2C%20AZ%2085705%2C%20USA,https://ubeautyandskin.com/,2,custom/unknown,GoDaddy.com,0,has website,132,false,ChIJJ9JJ4cxx1oYRCdOvt2YSHf4,5,24,
Bloom Beauty Co.,"403 N 6th Ave Suite 101, Tucson, AZ 85705, USA",+1 520-222-7311,beauty_salon,fourth-ave-downtown,https://maps.google.com/?q=Bloom%20Beauty%20Co.%20403%20N%206th%20Ave%20Suite%20101%2C%20Tucson%2C%20AZ%2085705%2C%20USA,https://www.vagaro.com/bloombeautyco3,2,custom/unknown,Register.com - Network Solutions,0,has website,133,false,ChIJqdaW1Llv1oYRWDhtaQtB2c8,5,19,
AC STUDIO,"549 N 4th Ave, Tucson, AZ 85705, USA",+1 520-720-3600,beauty_salon,fourth-ave-downtown,https://maps.google.com/?q=AC%20STUDIO%20549%20N%204th%20Ave%2C%20Tucson%2C%20AZ%2085705%2C%20USA,https://acstudiotucson.com/,2,squarespace,Squarespace Domains LLC,0,has website,134,false,ChIJZ4eEzM1x1oYRnM-fdB78u9o,5,2,
BeautyBarByDanna,"69 E Pennington St, Tucson, AZ 85701, USA",+1 520-704-2615,beauty_salon,fourth-ave-downtown,https://maps.google.com/?q=BeautyBarByDanna%2069%20E%20Pennington%20St%2C%20Tucson%2C%20AZ%2085701%2C%20USA,https://beautybydanna.glossgenius.com/,2,custom/unknown,unregistered,0,has website,135,false,ChIJQ4KyZgBx1oYRR6hEvnnLqqA,,,
Studio 98 Full Service Salon,"59 E Pennington St, Tucson, AZ 85701, USA",+1 520-668-5204,beauty_salon,fourth-ave-downtown,https://maps.google.com/?q=Studio%2098%20Full%20Service%20Salon%2059%20E%20Pennington%20St%2C%20Tucson%2C%20AZ%2085701%2C%20USA,http://www.studio98salon.com/,2,,unregistered,0,has website,136,false,ChIJi1YbsrVv1oYRdt4zehdpYI0,4.9,26,
"Branded Beauty Bar, LLC","641 N 10th Ave, Tucson, AZ 85705, USA",+1 520-304-5879,beauty_salon,fourth-ave-downtown,https://maps.google.com/?q=Branded%20Beauty%20Bar%2C%20LLC%20641%20N%2010th%20Ave%2C%20Tucson%2C%20AZ%2085705%2C%20USA,https://bbeautybybri.square.site/,2,weebly,MarkMonitor Inc.,0,has website,137,false,ChIJG_K4XZ1x1oYReAzdsrdrjP4,5,4,
Lejav Beauty,"729 N 4th Ave, Tucson, AZ 85705, USA",+1 520-213-9752,beauty_salon,fourth-ave-downtown,https://maps.google.com/?q=Lejav%20Beauty%20729%20N%204th%20Ave%2C%20Tucson%2C%20AZ%2085705%2C%20USA,,1,,,0,no website,138,false,ChIJ51fVXlhx1oYRykcFcWNaT6M,3.5,2,lejavbeauty.com; lejavbeautytucson.com
Hootie Beauty,"25 E Congress St, Tucson, AZ 85701, USA",+1 520-344-4440,beauty_salon,fourth-ave-downtown,https://maps.google.com/?q=Hootie%20Beauty%2025%20E%20Congress%20St%2C%20Tucson%2C%20AZ%2085701%2C%20USA,https://hootiebeauty.glossgenius.com/,2,webflow,unregistered,0,has website,139,false,ChIJkWYOR_5x1oYR1BYUsgHODMw,,,
Z Beauty Bar,"25 E Congress St, Tucson, AZ 85701, USA",+1 520-257-5806,beauty_salon,fourth-ave-downtown,https://maps.google.com/?q=Z%20Beauty%20Bar%2025%20E%20Congress%20St%2C%20Tucson%2C%20AZ%2085701%2C%20USA,http://z-beauty-bar.square.site/,2,weebly,MarkMonitor Inc.,0,has website,140,false,ChIJI3SNcdtx1oYRmwyL-8X0W9M,3.8,46,
V’s Skin and Lash Bar,"25 E Congress St, Tucson, AZ 85701, USA",+1 520-312-5516,beauty_salon,fourth-ave-downtown,https://maps.google.com/?q=V%E2%80%99s%20Skin%20and%20Lash%20Bar%2025%20E%20Congress%20St%2C%20Tucson%2C%20AZ%2085701%2C%20USA,https://vskinandlashbar.glossgenius.com/,2,webflow,unregistered,0,has website,141,false,ChIJReWI_Rhx1oYR2JX0gikaSGo,5,1,
Modern Hue Aesthetics,"219 N 3rd Ave Suite 141, Tucson, AZ 85705, USA",+1 520-822-4758,beauty_salon,fourth-ave-downtown,https://maps.google.com/?q=Modern%20Hue%20Aesthetics%20219%20N%203rd%20Ave%20Suite%20141%2C%20Tucson%2C%20AZ%2085705%2C%20USA,https://square.site/book/LBRAZ3Z8GBTCT/modern-hue-aesthetics-tucson-az,2,,MarkMonitor Inc.,0,has website,142,false,ChIJpRVQKDZx1oYROKtO05MnnhI,5,25,
Lash Boss,"254 E Congress St, Tucson, AZ 85701, USA",,beauty_salon,fourth-ave-downtown,https://maps.google.com/?q=Lash%20Boss%20254%20E%20Congress%20St%2C%20Tucson%2C%20AZ%2085701%2C%20USA,,1,,,0,no website,143,false,ChIJUQqWMABx1oYR0UFy374_vtY,4.4,14,lashbosstucson.com; lashbossaz.com
Nena Salazar Body Sculpting,"439 N 6th Ave Suite 127, Tucson, AZ 85705, USA",+1 520-247-9111,spa,fourth-ave-downtown,https://maps.google.com/?q=Nena%20Salazar%20Body%20Sculpting%20439%20N%206th%20Ave%20Suite%20127%2C%20Tucson%2C%20AZ%2085705%2C%20USA,,1,,,0,no website,144,false,ChIJAU60Du1z1oYRSl5K2GTeYII,,,nenasalazarbodysculpting.com; nenasalazarbodysculptingtucson.com
Rejuvenate IV Health and Wellness PLLC,"621 N 6th Ave, Tucson, AZ 85705, USA",+1 520-276-5777,spa,fourth-ave-downtown,https://maps.google.com/?q=Rejuvenate%20IV%20Health%20and%20Wellness%20PLLC%20621%20N%206th%20Ave%2C%20Tucson%2C%20AZ%2085705%2C%20USA,https://rejuvenate-az.com/,2,,Squarespace Domains LLC,0,has website,145,false,ChIJU5LBAvRx1oYRM9ME1S2op6g,5,15,
Moonflower Aesthetics,"64 E Broadway Blvd, Tucson, AZ 85701, USA",+1 520-314-5510,spa,fourth-ave-downtown,https://maps.google.com/?q=Moonflower%20Aesthetics%2064%20E%20Broadway%20Blvd%2C%20Tucson%2C%20AZ%2085701%2C%20USA,http://www.moonfloweraz.com/,2,squarespace,Squarespace Domains II LLC,0,has website,146,false,ChIJsUS5zHxx1oYR_hDJai4rYQ0,5,46,
SKNRGY Aesthetics,"905 E University Blvd #101, Tucson, AZ 85719, USA",+1 520-372-2001,spa,fourth-ave-downtown,https://maps.google.com/?q=SKNRGY%20Aesthetics%20905%20E%20University%20Blvd%20%23101%2C%20Tucson%2C%20AZ%2085719%2C%20USA,https://www.sknrgyaesthetics.com/,2,custom/unknown,GoDaddy.com,0,has website,147,false,ChIJ7Q_bi1xx1oYRKGL_F4y1MSA,5,457,
Peek Brow & Beauty Bar,"428 S Stone Ave, Tucson, AZ 85701, USA",+1 520-808-8699,spa,fourth-ave-downtown,https://maps.google.com/?q=Peek%20Brow%20%26%20Beauty%20Bar%20428%20S%20Stone%20Ave%2C%20Tucson%2C%20AZ%2085701%2C%20USA,http://www.instagram.com/peekbrow,2,custom/unknown,RegistrarSafe,0,has website,148,false,ChIJY5LwZsZv1oYRuoGAaBqmxD4,4.9,55,
Downtown Faces,"428 S Stone Ave, Tucson, AZ 85701, USA",+1 520-882-5050,spa,fourth-ave-downtown,https://maps.google.com/?q=Downtown%20Faces%20428%20S%20Stone%20Ave%2C%20Tucson%2C%20AZ%2085701%2C%20USA,http://www.downtownfaces.com/,2,wix,Wix.com Ltd.,0,has website,149,false,ChIJoXOD_uRx1oYR5cYOb5_9W2A,4.9,167,
Lash Factor Studio,"415 S Meyer Ave, Tucson, AZ 85701, USA",+1 520-406-6539,spa,fourth-ave-downtown,https://maps.google.com/?q=Lash%20Factor%20Studio%20415%20S%20Meyer%20Ave%2C%20Tucson%2C%20AZ%2085701%2C%20USA,http://www.lashfactorstudio.com/,2,custom/unknown,GoDaddy.com,0,has website,150,false,ChIJKe-hy-Nw1oYRCuUmT9uWUwQ,4.9,401,
Mabel Salon,"715 W Congress St, Tucson, AZ 85745, USA",+1 520-624-3093,spa,fourth-ave-downtown,https://maps.google.com/?q=Mabel%20Salon%20715%20W%20Congress%20St%2C%20Tucson%2C%20AZ%2085745%2C%20USA,https://mabelsalon.com/,2,squarespace,Squarespace Domains LLC,0,has website,151,false,ChIJX_xgpitx1oYRV4KUDag2Ot8,5,473,
Tucson Massage Company,"1222 E Broadway Blvd, Tucson, AZ 85719, USA",+1 520-535-0099,spa,fourth-ave-downtown,https://maps.google.com/?q=Tucson%20Massage%20Company%201222%20E%20Broadway%20Blvd%2C%20Tucson%2C%20AZ%2085719%2C%20USA,https://tucsonmassagecompany.com/,2,wordpress,Squarespace Domains II LLC,0,has website,152,false,ChIJ_bNfdhhx1oYRBL9OvwtQF_Y,4.9,1013,
Oriental massage & reflexology,"1427 E Broadway Blvd, Tucson, AZ 85719, USA",+1 520-222-6626,spa,fourth-ave-downtown,https://maps.google.com/?q=Oriental%20massage%20%26%20reflexology%201427%20E%20Broadway%20Blvd%2C%20Tucson%2C%20AZ%2085719%2C%20USA,,1,,,0,no website,153,false,ChIJeelwStSrniIRFqvnQoKaFdo,5,15,orientalmassagereflexology.com; orientalmassagereflexologytucson.com
Kaelen Harwell Organic Day Spa,"862 E 19th St, Tucson, AZ 85719, USA",+1 520-777-8054,spa,fourth-ave-downtown,https://maps.google.com/?q=Kaelen%20Harwell%20Organic%20Day%20Spa%20862%20E%2019th%20St%2C%20Tucson%2C%20AZ%2085719%2C%20USA,https://www.khdayspa.com/,2,wix,DNC Holdings,0,has website,154,false,ChIJx5fr-2Zx1oYRNSWrDDHAGk0,4.6,32,
Shapes Eyebrow Threading,"1517 W St Marys Rd, Tucson, AZ 85745, USA",+1 520-882-4208,spa,fourth-ave-downtown,https://maps.google.com/?q=Shapes%20Eyebrow%20Threading%201517%20W%20St%20Marys%20Rd%2C%20Tucson%2C%20AZ%2085745%2C%20USA,,1,,,0,no website,155,false,ChIJGQf5Wy1x1oYR2D7U_yIjPUg,4.7,17,shapeseyebrowthreading.com; shapeseyebrowthreadingtucson.com
European Wax Center,"1927 E Speedway Blvd Suite 1001, Tucson, AZ 85719, USA",+1 520-888-8929,spa,fourth-ave-downtown,https://maps.google.com/?q=European%20Wax%20Center%201927%20E%20Speedway%20Blvd%20Suite%201001%2C%20Tucson%2C%20AZ%2085719%2C%20USA,https://locations.waxcenter.com/az/tucson/tucson-speedway-at-campbell-1101.html?utm_source=google&utm_medium=search&utm_content=local-listing&utm_campaign=gmb-listing&utm_term=ewc-gmb,2,shopify,unregistered,0,has website,156,false,ChIJdxQRVyVx1oYR5oF_o_KuZIU,4.9,769,
Endless Summer,"122 S Olsen Ave UNIT 102, Tucson, AZ 85719, USA",+1 520-305-3931,spa,fourth-ave-downtown,https://maps.google.com/?q=Endless%20Summer%20122%20S%20Olsen%20Ave%20UNIT%20102%2C%20Tucson%2C%20AZ%2085719%2C%20USA,http://www.endlesssummertucsonspa.com/,2,wix,Tucows Domains Inc.,0,has website,157,false,ChIJ46nB5qhx1oYRHtupNM_gYAU,4.8,36,
Booney’s Barber Shop,"161 E 6th St, Tucson, AZ 85705, USA",,barber_shop,fourth-ave-downtown,https://maps.google.com/?q=Booney%E2%80%99s%20Barber%20Shop%20161%20E%206th%20St%2C%20Tucson%2C%20AZ%2085705%2C%20USA,,1,,,0,no website,158,false,ChIJ34OXfgBx1oYRwKKtVJMSRog,4.2,5,booneysbarbershop.com; booneysbarbershoptucson.com
Eldorado Barbershop,"439 N 6th Ave #165, Tucson, AZ 85705, USA",+1 520-909-5433,barber_shop,fourth-ave-downtown,https://maps.google.com/?q=Eldorado%20Barbershop%20439%20N%206th%20Ave%20%23165%2C%20Tucson%2C%20AZ%2085705%2C%20USA,http://dapperdaniel.booksy.com/,2,custom/unknown,unregistered,0,has website,159,false,ChIJDZb1sr9x1oYRh2lRaCiYzBA,4.9,29,
Social Club Barbershop,"119 E Toole Ave, Tucson, AZ 85701, USA",+1 520-869-0400,barber_shop,fourth-ave-downtown,https://maps.google.com/?q=Social%20Club%20Barbershop%20119%20E%20Toole%20Ave%2C%20Tucson%2C%20AZ%2085701%2C%20USA,https://www.thesocialclubbarbershop.com/,2,wix,Wix.com Ltd.,0,has website,160,false,ChIJo4icuL5x1oYRUfkV4Et-g_E,4.2,5,
Fourth Avenue Barbershop,"553 N 4th Ave #8448, Tucson, AZ 85705, USA",+1 520-409-8248,barber_shop,fourth-ave-downtown,https://maps.google.com/?q=Fourth%20Avenue%20Barbershop%20553%20N%204th%20Ave%20%238448%2C%20Tucson%2C%20AZ%2085705%2C%20USA,http://www.fourthavenue.org/listings/fourth-avenue-barbershop/,2,wordpress,GoDaddy.com,0,has website,161,false,ChIJm1JcfRxx1oYRPrXh79TKUks,4.6,129,
Jireh Collective,"143 N Stone Ave, Tucson, AZ 85701, USA",+1 520-404-5855,barber_shop,fourth-ave-downtown,https://maps.google.com/?q=Jireh%20Collective%20143%20N%20Stone%20Ave%2C%20Tucson%2C%20AZ%2085701%2C%20USA,https://square.site/book/DJG0TP1EZ0MPC/danie-valenzuela-tucson-az,2,,MarkMonitor Inc.,0,has website,162,false,ChIJeQSg4K5x1oYRa3yIefsNljE,4.4,7,
Side Street Barbershop,"410 E 7th St, Tucson, AZ 85705, USA",+1 520-203-7331,barber_shop,fourth-ave-downtown,https://maps.google.com/?q=Side%20Street%20Barbershop%20410%20E%207th%20St%2C%20Tucson%2C%20AZ%2085705%2C%20USA,https://www.sidestreetbarbershop.com/home,2,,Squarespace Domains II LLC,0,has website,163,false,ChIJW6VmCR9x1oYRS6g64M0LTC4,5,137,
Self Made Ant,"59 E Pennington St, Tucson, AZ 85701, USA",+1 520-445-9857,barber_shop,fourth-ave-downtown,https://maps.google.com/?q=Self%20Made%20Ant%2059%20E%20Pennington%20St%2C%20Tucson%2C%20AZ%2085701%2C%20USA,https://selfmadeant.booksy.com/,2,custom/unknown,unregistered,0,has website,164,false,ChIJSbn0Tqpx1oYRbYJe8ZMxwQY,,,
La Familia Barbershop,"59 E Pennington St, Tucson, AZ 85701, USA",+1 520-203-8268,barber_shop,fourth-ave-downtown,https://maps.google.com/?q=La%20Familia%20Barbershop%2059%20E%20Pennington%20St%2C%20Tucson%2C%20AZ%2085701%2C%20USA,https://getsqr.co/zahid-z-loreto,2,custom/unknown,unknown,0,has website,165,false,ChIJqWQGvmV71oYRTEwRFnYFzwk,4.9,214,
Barber Gizinski,"59 E Pennington St, Tucson, AZ 85701, USA",+1 520-227-2939,barber_shop,fourth-ave-downtown,https://maps.google.com/?q=Barber%20Gizinski%2059%20E%20Pennington%20St%2C%20Tucson%2C%20AZ%2085701%2C%20USA,http://barbergizinski.booksy.com/,2,custom/unknown,unregistered,0,has website,166,false,ChIJc_vx_Ghx1oYRxOvgmka9zlY,,,
Mestizo Studio,"177 N Church Ave #100, Tucson, AZ 85701, USA",+1 520-849-6747,barber_shop,fourth-ave-downtown,https://maps.google.com/?q=Mestizo%20Studio%20177%20N%20Church%20Ave%20%23100%2C%20Tucson%2C%20AZ%2085701%2C%20USA,https://getsquire.com/booking/brands/mestizo-studio,2,custom/unknown,Cloudflare,0,has website,167,false,ChIJ-fTrJ0Nx1oYR2MIkPWPHrFA,4.9,67,
Danny's Downtown Barbershop,"53 N 6th Ave, Tucson, AZ 85701, USA",+1 520-358-4346,barber_shop,fourth-ave-downtown,https://maps.google.com/?q=Danny%27s%20Downtown%20Barbershop%2053%20N%206th%20Ave%2C%20Tucson%2C%20AZ%2085701%2C%20USA,,1,,,0,no website,168,false,ChIJz-IxbwBx1oYRtDcM37DoaYA,5,4,dannysdowntownbarbershop.com; dannysdowntownbarbershoptucson.com
💈Michael Angello💈KANDYCUTZ💈@ Barber & Shave Parlor,"254 E Congress St, Tucson, AZ 85701, USA",+1 661-440-5689,barber_shop,fourth-ave-downtown,https://maps.google.com/?q=%F0%9F%92%88Michael%20Angello%F0%9F%92%88KANDYCUTZ%F0%9F%92%88%40%20Barber%20%26%20Shave%20Parlor%20254%20E%20Congress%20St%2C%20Tucson%2C%20AZ%2085701%2C%20USA,http://kandycuts.booksy.com/,2,custom/unknown,unregistered,0,has website,169,false,ChIJ_xkAKFtx1oYRx2xgMx97fLw,,,
Fade Zone Barber Parlor,"919 N Stone Ave, Tucson, AZ 85705, USA",+1 602-551-5256,barber_shop,fourth-ave-downtown,https://maps.google.com/?q=Fade%20Zone%20Barber%20Parlor%20919%20N%20Stone%20Ave%2C%20Tucson%2C%20AZ%2085705%2C%20USA,http://fadezonabarber.booksy.com/h/,2,custom/unknown,unregistered,0,has website,170,false,ChIJgw61lFZx1oYRN2GW1nm3tTs,,,
1972 Barber & Shave Parlor,"33 S 5th Ave, Tucson, AZ 85701, USA",+1 520-753-8533,barber_shop,fourth-ave-downtown,https://maps.google.com/?q=1972%20Barber%20%26%20Shave%20Parlor%2033%20S%205th%20Ave%2C%20Tucson%2C%20AZ%2085701%2C%20USA,http://1972barbers.com/,2,wordpress,GoDaddy.com,0,has website,171,false,ChIJP54wBB1x1oYRDJGT-xYCIOU,4.9,287,
Smoove,"350 E Congress St, Tucson, AZ 85701, USA",+1 520-548-9072,barber_shop,fourth-ave-downtown,https://maps.google.com/?q=Smoove%20350%20E%20Congress%20St%2C%20Tucson%2C%20AZ%2085701%2C%20USA,https://smoove99.booksy.com/,2,custom/unknown,unregistered,0,has website,172,false,ChIJtXvxYxtx1oYRJ2pRMvqznIs,,,
Curley's Family Barbershop,"18 E Ochoa St, Tucson, AZ 85701, USA",+1 520-440-0654,barber_shop,fourth-ave-downtown,https://maps.google.com/?q=Curley%27s%20Family%20Barbershop%2018%20E%20Ochoa%20St%2C%20Tucson%2C%20AZ%2085701%2C%20USA,http://www.tucsonbarbershop.us/,2,wix,Tucows Domains Inc.,0,has website,173,false,ChIJ721ICuFw1oYRQYg-GTxEwOE,4.8,76,
Los Barberos Barbershop,"236 S Scott Ave, Tucson, AZ 85701, USA",+1 520-756-4545,barber_shop,fourth-ave-downtown,https://maps.google.com/?q=Los%20Barberos%20Barbershop%20236%20S%20Scott%20Ave%2C%20Tucson%2C%20AZ%2085701%2C%20USA,https://losbarberosaz.square.site/,2,weebly,MarkMonitor Inc.,0,has website,174,false,ChIJw-C2RTJx1oYRe_rvg7Lrk74,4.7,97,
LuXe Barber Studio,"1136 E Broadway Blvd, Tucson, AZ 85719, USA",+1 520-622-0888,barber_shop,fourth-ave-downtown,https://maps.google.com/?q=LuXe%20Barber%20Studio%201136%20E%20Broadway%20Blvd%2C%20Tucson%2C%20AZ%2085719%2C%20USA,http://www.luxebarberstudio.com/,2,wordpress,GoDaddy.com,0,has website,175,false,ChIJC8Sef-Vx1oYRBEwrKS-1Pwk,4.8,57,
Aeris Dental Downtown -- Downtown Dental Implants,"1 E Congress St Suite 153, Tucson, AZ 85701, USA",+1 520-448-4477,dentist,fourth-ave-downtown,https://maps.google.com/?q=Aeris%20Dental%20Downtown%20--%20Downtown%20Dental%20Implants%201%20E%20Congress%20St%20Suite%20153%2C%20Tucson%2C%20AZ%2085701%2C%20USA,http://www.tucsonimplants.com/,2,wordpress,IONOS SE,0,has website,176,false,ChIJwwDB8Zhx1oYR0UEc2WMu1c8,5,5,
"Dr. Melvin M. Dixon, DDS","151 W Speedway Blvd, Tucson, AZ 85705, USA",+1 520-623-2733,dentist,fourth-ave-downtown,https://maps.google.com/?q=Dr.%20Melvin%20M.%20Dixon%2C%20DDS%20151%20W%20Speedway%20Blvd%2C%20Tucson%2C%20AZ%2085705%2C%20USA,https://www.melvindixondds.com/,2,custom/unknown,eNom,0,has website,177,false,ChIJoVNsfj1x1oYRmztZDcp9Gh4,4.8,251,
Vega Hector DDS,"140 W Speedway Blvd, Tucson, AZ 85705, USA",+1 520-623-0344,dentist,fourth-ave-downtown,https://maps.google.com/?q=Vega%20Hector%20DDS%20140%20W%20Speedway%20Blvd%2C%20Tucson%2C%20AZ%2085705%2C%20USA,http://www.ccs-soaz.org/,2,custom/unknown,Network Solutions,0,has website,178,false,ChIJk9UGKxZx1oYRFUznZXpkIgQ,5,1,
Dr. Amer Zarif,"140 W Speedway Blvd # 100, Tucson, AZ 85705, USA",+1 520-628-7871,dentist,fourth-ave-downtown,https://maps.google.com/?q=Dr.%20Amer%20Zarif%20140%20W%20Speedway%20Blvd%20%23%20100%2C%20Tucson%2C%20AZ%2085705%2C%20USA,,1,,,0,no website,179,false,ChIJuZdthz1x1oYRXbFpJGaPD9c,1,1,dramerzarif.com; dramerzariftucson.com
"Dr. Joshua Jih, DMD","839 W Congress St, Tucson, AZ 85745, USA",+1 520-670-3909,dentist,fourth-ave-downtown,https://maps.google.com/?q=Dr.%20Joshua%20Jih%2C%20DMD%20839%20W%20Congress%20St%2C%20Tucson%2C%20AZ%2085745%2C%20USA,http://www.elrio.org/,2,wordpress,GoDaddy.com,0,has website,180,false,ChIJ19RA8Sdx1oYR6KFb-ZdwOHM,2.3,3,
Waddle John V DDS,"839 W Congress St, Tucson, AZ 85745, USA",+1 520-670-3758,dentist,fourth-ave-downtown,https://maps.google.com/?q=Waddle%20John%20V%20DDS%20839%20W%20Congress%20St%2C%20Tucson%2C%20AZ%2085745%2C%20USA,http://www.elrio.org/,2,wordpress,GoDaddy.com,0,has website,181,false,ChIJ19RA8Sdx1oYR0Tmyw5PFBac,,,
Kissoy Bassel MD,"839 W Congress St, Tucson, AZ 85745, USA",+1 520-309-2290,dentist,fourth-ave-downtown,https://maps.google.com/?q=Kissoy%20Bassel%20MD%20839%20W%20Congress%20St%2C%20Tucson%2C%20AZ%2085745%2C%20USA,,1,,,0,no website,182,false,ChIJ19RA8Sdx1oYRVugHbbbNpfE,1,1,kissoybasselmd.com; kissoybasselmdtucson.com
Barry Coleen DDS,"839 W Congress St, Tucson, AZ 85745, USA",+1 520-670-3758,dentist,fourth-ave-downtown,https://maps.google.com/?q=Barry%20Coleen%20DDS%20839%20W%20Congress%20St%2C%20Tucson%2C%20AZ%2085745%2C%20USA,http://www.elrio.org/,2,wordpress,GoDaddy.com,0,has website,183,false,ChIJ19RA8Sdx1oYRxSjc8Q312lU,,,
Rogers Troy a DDS,"839 W Congress St, Tucson, AZ 85745, USA",+1 520-670-3909,dentist,fourth-ave-downtown,https://maps.google.com/?q=Rogers%20Troy%20a%20DDS%20839%20W%20Congress%20St%2C%20Tucson%2C%20AZ%2085745%2C%20USA,http://www.elrio.org/,2,wordpress,GoDaddy.com,0,has website,184,false,ChIJ19RA8Sdx1oYR5A_SIxjhVN0,,,
Brimhall James K DDS,"839 W Congress St, Tucson, AZ 85745, USA",+1 520-670-3909,dentist,fourth-ave-downtown,https://maps.google.com/?q=Brimhall%20James%20K%20DDS%20839%20W%20Congress%20St%2C%20Tucson%2C%20AZ%2085745%2C%20USA,http://www.elrio.org/,2,wordpress,GoDaddy.com,0,has website,185,false,ChIJ19RA8Sdx1oYRl9kYldh7_MA,,,
Martin Joshua T DDS,"839 W Congress St, Tucson, AZ 85745, USA",+1 520-670-3909,dentist,fourth-ave-downtown,https://maps.google.com/?q=Martin%20Joshua%20T%20DDS%20839%20W%20Congress%20St%2C%20Tucson%2C%20AZ%2085745%2C%20USA,http://www.elrio.org/,2,wordpress,GoDaddy.com,0,has website,186,false,ChIJ19RA8Sdx1oYRHBRctWKCOFM,,,
Lachance Gregory C DDS,"839 W Congress St, Tucson, AZ 85745, USA",+1 520-670-3909,dentist,fourth-ave-downtown,https://maps.google.com/?q=Lachance%20Gregory%20C%20DDS%20839%20W%20Congress%20St%2C%20Tucson%2C%20AZ%2085745%2C%20USA,http://www.elrio.org/,2,wordpress,GoDaddy.com,0,has website,187,false,ChIJ19RA8Sdx1oYR-nOzzl-uZoA,,,
Khan Azam H DDS,"839 W Congress St, Tucson, AZ 85745, USA",+1 520-670-3909,dentist,fourth-ave-downtown,https://maps.google.com/?q=Khan%20Azam%20H%20DDS%20839%20W%20Congress%20St%2C%20Tucson%2C%20AZ%2085745%2C%20USA,http://www.elrio.org/,2,wordpress,GoDaddy.com,0,has website,188,false,ChIJ19RA8Sdx1oYRzw-lK4CrcVE,,,
Black Harold a DDS,"839 W Congress St, Tucson, AZ 85745, USA",+1 520-670-3758,dentist,fourth-ave-downtown,https://maps.google.com/?q=Black%20Harold%20a%20DDS%20839%20W%20Congress%20St%2C%20Tucson%2C%20AZ%2085745%2C%20USA,http://www.elrio.org/,2,wordpress,GoDaddy.com,0,has website,189,false,ChIJ19RA8Sdx1oYRLVrSX_dBVCs,,,
Andrew Zale,"839 W Congress St, Tucson, AZ 85745, USA",+1 520-670-3909,dentist,fourth-ave-downtown,https://maps.google.com/?q=Andrew%20Zale%20839%20W%20Congress%20St%2C%20Tucson%2C%20AZ%2085745%2C%20USA,http://www.elrio.org/,2,wordpress,GoDaddy.com,0,has website,190,false,ChIJCyNOsSp61oYRXn8baFn6Rr8,,,
Dr. Parvin Dhaliwal,"839 W Congress St, Tucson, AZ 85745, USA",+1 520-670-3758,dentist,fourth-ave-downtown,https://maps.google.com/?q=Dr.%20Parvin%20Dhaliwal%20839%20W%20Congress%20St%2C%20Tucson%2C%20AZ%2085745%2C%20USA,,1,,,0,no website,191,false,ChIJAQBA-Sdx1oYRJoyrKogvjHo,,,drparvindhaliwal.com; drparvindhaliwaltucson.com
Dr. Behnoud Taghavi,"839 W Congress St, Tucson, AZ 85745, USA",+1 520-670-3758,dentist,fourth-ave-downtown,https://maps.google.com/?q=Dr.%20Behnoud%20Taghavi%20839%20W%20Congress%20St%2C%20Tucson%2C%20AZ%2085745%2C%20USA,,1,,,0,no website,192,false,ChIJAQBA-Sdx1oYRNm4NxZ5mFSw,,,drbehnoudtaghavi.com; drbehnoudtaghavitucson.com
Dr. Iulia Badea,"839 W Congress St, Tucson, AZ 85745, USA",+1 520-670-3758,dentist,fourth-ave-downtown,https://maps.google.com/?q=Dr.%20Iulia%20Badea%20839%20W%20Congress%20St%2C%20Tucson%2C%20AZ%2085745%2C%20USA,,1,,,0,no website,193,false,ChIJAQBA-Sdx1oYR6CftqgTPkO0,,,driuliabadea.com; driuliabadeatucson.com
Benjamin Weege,"839 W Congress St, Tucson, AZ 85745, USA",+1 520-670-3758,dentist,fourth-ave-downtown,https://maps.google.com/?q=Benjamin%20Weege%20839%20W%20Congress%20St%2C%20Tucson%2C%20AZ%2085745%2C%20USA,,1,,,0,no website,194,false,ChIJAQBA-Sdx1oYRhJ9cSVYJgW8,,,benjaminweege.com; benjaminweegetucson.com
Dr. Amanda Pinder Hynes,"839 W Congress St, Tucson, AZ 85745, USA",+1 520-670-3758,dentist,fourth-ave-downtown,https://maps.google.com/?q=Dr.%20Amanda%20Pinder%20Hynes%20839%20W%20Congress%20St%2C%20Tucson%2C%20AZ%2085745%2C%20USA,,1,,,0,no website,195,false,ChIJAQBA-Sdx1oYRTtyGMAsYVw8,,,dramandapinderhynes.com; dramandapinderhynestucson.com
"Dr. lothario M. melvyn, DDS","617 N 7th Ave, Tucson, AZ 85705, USA",+1 202-916-7773,doctor,fourth-ave-downtown,https://maps.google.com/?q=Dr.%20lothario%20M.%20melvyn%2C%20DDS%20617%20N%207th%20Ave%2C%20Tucson%2C%20AZ%2085705%2C%20USA,,1,,,0,no website,196,false,ChIJ12pnITZx1oYRdWeG3AfhYk0,,,drlothariommelvyndds.com; drlothariommelvynddstucson.com
"Linda R. Sherwood, MED","607 N 6th Ave, Tucson, AZ 85705, USA",+1 520-882-0901,doctor,fourth-ave-downtown,https://maps.google.com/?q=Linda%20R.%20Sherwood%2C%20MED%20607%20N%206th%20Ave%2C%20Tucson%2C%20AZ%2085705%2C%20USA,,1,,,0,no website,197,false,ChIJ3wZYUBlx1oYRwxXqwZTIvrY,,,lindarsherwoodmed.com; lindarsherwoodmedtucson.com
Rolfing,"621 N 6th Ave, Tucson, AZ 85705, USA",+1 520-323-0188,doctor,fourth-ave-downtown,https://maps.google.com/?q=Rolfing%20621%20N%206th%20Ave%2C%20Tucson%2C%20AZ%2085705%2C%20USA,http://claycox.net/,2,custom/unknown,GoDaddy.com,0,has website,198,false,ChIJQWf_Whlx1oYRfZVvCCUxBF0,,,
Dr. Sabreen Boone,"222 N Court Ave, Tucson, AZ 85701, USA",+1 520-413-5056,doctor,fourth-ave-downtown,https://maps.google.com/?q=Dr.%20Sabreen%20Boone%20222%20N%20Court%20Ave%2C%20Tucson%2C%20AZ%2085701%2C%20USA,,1,,,0,no website,199,false,ChIJVVU5hR9x1oYRPiASvUh2h6o,5,1,drsabreenboone.com; drsabreenboonetucson.com
Advanced Vitality Hormone Replacement Therapy,"177 N Church Ave 11th floor ste 1144, Tucson, AZ 85701, USA",+1 520-348-3086,doctor,fourth-ave-downtown,https://maps.google.com/?q=Advanced%20Vitality%20Hormone%20Replacement%20Therapy%20177%20N%20Church%20Ave%2011th%20floor%20ste%201144%2C%20Tucson%2C%20AZ%2085701%2C%20USA,https://advancedvitalitygroup.com/locations/tucson-az/?utm_source=google&utm_medium=organic&utm_campaign=gmb&utm_content=tucson-az,2,custom/unknown,GoDaddy.com,0,has website,200,false,ChIJTfR_p6Vx1oYRVL1zZ0kcAbw,5,2,
ADHD One,"177 N Church Ave # 200, Tucson, AZ 85701, USA",+1 855-468-2343,doctor,fourth-ave-downtown,https://maps.google.com/?q=ADHD%20One%20177%20N%20Church%20Ave%20%23%20200%2C%20Tucson%2C%20AZ%2085701%2C%20USA,https://adhdone.com/tucson-az/,2,custom/unknown,Cloudflare,0,has website,201,false,ChIJJdGkAexx1oYRGWX6m2X6hHo,,,
Catalina Ridge Mental Health,"177 N Church Ave # 200, Tucson, AZ 85701, USA",+1 520-351-0505,doctor,fourth-ave-downtown,https://maps.google.com/?q=Catalina%20Ridge%20Mental%20Health%20177%20N%20Church%20Ave%20%23%20200%2C%20Tucson%2C%20AZ%2085701%2C%20USA,https://toptierpsych.com/catalinaridgemh/,2,custom/unknown,Cloudflare,0,has website,202,false,ChIJ276pKr1x1oYRWz5CTTrlLEA,5,20,
Benjavin Group,"Tucson, AZ 85705, USA",,doctor,fourth-ave-downtown,https://maps.google.com/?q=Benjavin%20Group%20Tucson%2C%20AZ%2085705%2C%20USA,,1,,,0,no website,203,false,ChIJRZCDBcNx1oYRv38OIo5ilo0,,,benjavingroup.com; benjavingrouptucson.com
"G L. Bonner, MA","325 W Franklin St Suite 117, Tucson, AZ 85701, USA",+1 520-620-1202,doctor,fourth-ave-downtown,https://maps.google.com/?q=G%20L.%20Bonner%2C%20MA%20325%20W%20Franklin%20St%20Suite%20117%2C%20Tucson%2C%20AZ%2085701%2C%20USA,,1,,,0,no website,204,false,ChIJt87phCFx1oYRT3_RaaTWQfA,5,1,glbonnerma.com; glbonnermatucson.com
Carolyn A Quigley,"434 E University Blvd #100, Tucson, AZ 857057851, USA",,doctor,fourth-ave-downtown,https://maps.google.com/?q=Carolyn%20A%20Quigley%20434%20E%20University%20Blvd%20%23100%2C%20Tucson%2C%20AZ%20857057851%2C%20USA,,1,,,0,no website,205,false,ChIJ899JFxtx1oYRvMBHPPsMOEs,5,1,carolynaquigley.com; carolynaquigleytucson.com
HealthOn University,"434 E University Blvd #100, Tucson, AZ 85705, USA",+1 520-309-4200,doctor,fourth-ave-downtown,https://maps.google.com/?q=HealthOn%20University%20434%20E%20University%20Blvd%20%23100%2C%20Tucson%2C%20AZ%2085705%2C%20USA,https://healthontucson.org/,2,wordpress,GoDaddy.com,0,has website,206,false,ChIJvTIkHkNx1oYRiwE3rSshRCE,3.5,30,
True Alchemy,"216 W University Blvd, Tucson, AZ 85705, USA",+1 520-328-6665,doctor,fourth-ave-downtown,https://maps.google.com/?q=True%20Alchemy%20216%20W%20University%20Blvd%2C%20Tucson%2C%20AZ%2085705%2C%20USA,,1,,,0,no website,207,false,ChIJ2x2exF9x1oYR8qlqcgBToN4,,,truealchemytucson.com; truealchemyaz.com
Adel Mostafavi,"1 S Church Ave, Tucson, AZ 85701, USA",+1 520-561-3476,doctor,fourth-ave-downtown,https://maps.google.com/?q=Adel%20Mostafavi%201%20S%20Church%20Ave%2C%20Tucson%2C%20AZ%2085701%2C%20USA,,1,,,0,no website,208,false,ChIJVVVlSeBw1oYRISFmiGyADS8,,,adelmostafavitucson.com; adelmostafaviaz.com
Tucson Mobile Medical | Concierge Physicians,"1 S Church Ave #1200, Tucson, AZ 85701, USA",+1 480-269-0550,doctor,fourth-ave-downtown,https://maps.google.com/?q=Tucson%20Mobile%20Medical%20%7C%20Concierge%20Physicians%201%20S%20Church%20Ave%20%231200%2C%20Tucson%2C%20AZ%2085701%2C%20USA,https://www.desertmobilemedical.com/,2,wordpress,Bluehost Inc.,0,has website,209,false,ChIJK7lMe2Bx1oYRQyQfskgPl_8,,,
The Smallwood Clinic (Telehealth and In-Office in Scottsdale),"1 S Church Ave #1200, Tucson, AZ 85701, USA",+1 800-876-5825,doctor,fourth-ave-downtown,https://maps.google.com/?q=The%20Smallwood%20Clinic%20%28Telehealth%20and%20In-Office%20in%20Scottsdale%29%201%20S%20Church%20Ave%20%231200%2C%20Tucson%2C%20AZ%2085701%2C%20USA,,1,,,0,no website,210,false,ChIJwb2LoaRx1oYRriP-ryacV80,,,smallwoodclinictelehealthandinofficeinscottsdale.com; smallwoodclinictelehealthandinofficeinscottsdaletucson.com
"Randall T. Reynolds, MED","631 N 2nd Ave, Tucson, AZ 85705, USA",+1 520-622-1482,doctor,fourth-ave-downtown,https://maps.google.com/?q=Randall%20T.%20Reynolds%2C%20MED%20631%20N%202nd%20Ave%2C%20Tucson%2C%20AZ%2085705%2C%20USA,,1,,,0,no website,211,false,ChIJ47J_qRxx1oYRzOnIYkESZe4,5,1,randalltreynoldsmed.com; randalltreynoldsmedtucson.com
Mc Isaac Shauna L MD,"150 W Congress St, Tucson, AZ 85701, USA",+1 520-740-8315,doctor,fourth-ave-downtown,https://maps.google.com/?q=Mc%20Isaac%20Shauna%20L%20MD%20150%20W%20Congress%20St%2C%20Tucson%2C%20AZ%2085701%2C%20USA,,1,,,0,no website,212,false,ChIJKwxFD-Bw1oYRhe2LfZ7Bqn8,,,mcisaacshaunalmd.com; mcisaacshaunalmdtucson.com
Mac Neill Elizabeth M MD,"150 W Congress St, Tucson, AZ 85701, USA",+1 520-740-8315,doctor,fourth-ave-downtown,https://maps.google.com/?q=Mac%20Neill%20Elizabeth%20M%20MD%20150%20W%20Congress%20St%2C%20Tucson%2C%20AZ%2085701%2C%20USA,,1,,,0,no website,213,false,ChIJKwxFD-Bw1oYRpIYLVwJfexc,,,macneillelizabethmmd.com; macneillelizabethmmdtucson.com
"Dr. lothar M. melvin, DDS","451 N Granada Ave, Tucson, AZ 85701, USA",+1 202-916-7769,doctor,fourth-ave-downtown,https://maps.google.com/?q=Dr.%20lothar%20M.%20melvin%2C%20DDS%20451%20N%20Granada%20Ave%2C%20Tucson%2C%20AZ%2085701%2C%20USA,,1,,,0,no website,214,false,ChIJ4XUMPo1x1oYRm9Zi2oksNf0,,,drlotharmmelvindds.com; drlotharmmelvinddstucson.com
Schlotec Kathleen A,"329 W Franklin St, Tucson, AZ 85701, USA",+1 520-884-5249,doctor,fourth-ave-downtown,https://maps.google.com/?q=Schlotec%20Kathleen%20A%20329%20W%20Franklin%20St%2C%20Tucson%2C%20AZ%2085701%2C%20USA,,1,,,0,no website,215,false,ChIJsWo-pyFx1oYRaao9nn5rY8A,,,schloteckathleena.com; schloteckathleenatucson.com
"Full Circle Physical Therapy, PLLC","16 E 15th St, Tucson, AZ 85701, USA",+1 520-222-6216,physiotherapist,fourth-ave-downtown,https://maps.google.com/?q=Full%20Circle%20Physical%20Therapy%2C%20PLLC%2016%20E%2015th%20St%2C%20Tucson%2C%20AZ%2085701%2C%20USA,https://fullcircleptaz.com/?utm_source=google&utm_medium=organic&utm_campaign=gbp,2,squarespace,Squarespace Domains II LLC,0,has website,216,false,ChIJwSidvdtx1oYRvuXqzaWmM-g,5,11,
Banken Sharon,"1010 E 10th St, Tucson, AZ 85719, USA",+1 520-762-9838,physiotherapist,fourth-ave-downtown,https://maps.google.com/?q=Banken%20Sharon%201010%20E%2010th%20St%2C%20Tucson%2C%20AZ%2085719%2C%20USA,,1,,,0,no website,217,false,ChIJT7JskP5w1oYRQAl45T00YxI,,,bankensharon.com; bankensharontucson.com
"Jonathan E. Gress, PT","1224 E Lowell St, Tucson, AZ 85719, USA",+1 520-626-6363,physiotherapist,fourth-ave-downtown,https://maps.google.com/?q=Jonathan%20E.%20Gress%2C%20PT%201224%20E%20Lowell%20St%2C%20Tucson%2C%20AZ%2085719%2C%20USA,,1,,,0,no website,218,false,ChIJ6-jWawBx1oYRKE1-qLC-Iis,,,jonathanegresspt.com; jonathanegresspttucson.com
"Scott Baadte, PT","1601 W St Marys Rd, Tucson, AZ 85745, USA",+1 520-872-1147,physiotherapist,fourth-ave-downtown,https://maps.google.com/?q=Scott%20Baadte%2C%20PT%201601%20W%20St%20Marys%20Rd%2C%20Tucson%2C%20AZ%2085745%2C%20USA,http://www.carondelet.org/,2,custom/unknown,Network Solutions,0,has website,219,false,ChIJM1a0lNJ21oYRraYlvixRZyo,,,
"Robyn A. Moritz, DPT","1601 W St Marys Rd, Tucson, AZ 85745, USA",+1 520-872-3000,physiotherapist,fourth-ave-downtown,https://maps.google.com/?q=Robyn%20A.%20Moritz%2C%20DPT%201601%20W%20St%20Marys%20Rd%2C%20Tucson%2C%20AZ%2085745%2C%20USA,http://www.carondelet.org/,2,custom/unknown,Network Solutions,0,has website,220,false,ChIJM1a0lNJ21oYRxyKoKMwDv3g,,,
Olberding Nicole L,"1601 W St Marys Rd, Tucson, AZ 85745, USA",+1 520-872-3000,physiotherapist,fourth-ave-downtown,https://maps.google.com/?q=Olberding%20Nicole%20L%201601%20W%20St%20Marys%20Rd%2C%20Tucson%2C%20AZ%2085745%2C%20USA,http://www.carondelet.org/,2,custom/unknown,Network Solutions,0,has website,221,false,ChIJM1a0lNJ21oYR5haCRh3CPQ8,,,
Carondelet St Mary Outpatient Rehabilitation,"1601 W St Marys Rd, Tucson, AZ 85745, USA",+1 520-872-6175,physiotherapist,fourth-ave-downtown,https://maps.google.com/?q=Carondelet%20St%20Mary%20Outpatient%20Rehabilitation%201601%20W%20St%20Marys%20Rd%2C%20Tucson%2C%20AZ%2085745%2C%20USA,,1,,,0,no website,222,false,ChIJL-CRZc121oYRHlbtqtC7Dm0,5,5,carondeletstmaryoutpatientrehabilitation.com; carondeletstmaryoutpatientrehabilitationtucson.com
Sibyl Doma,"510 N 7th Ave #100, Tucson, AZ 85705, USA",,clothing_store,fourth-ave-downtown,https://maps.google.com/?q=Sibyl%20Doma%20510%20N%207th%20Ave%20%23100%2C%20Tucson%2C%20AZ%2085705%2C%20USA,https://sibyldoma.com/,2,squarespace,Squarespace Domains LLC,0,has website,223,false,ChIJcch2Jvlx1oYRgRRdBotBB_4,5,2,
Evolocity Apparel Swarovski Embellished,"439 N 6th Ave, Tucson, AZ 85705, USA",+1 520-344-4041,clothing_store,fourth-ave-downtown,https://maps.google.com/?q=Evolocity%20Apparel%20Swarovski%20Embellished%20439%20N%206th%20Ave%2C%20Tucson%2C%20AZ%2085705%2C%20USA,,1,,,0,no website,224,false,ChIJtT2EmB5x1oYRsOIqQoL7lck,,,evolocityapparelswarovskiembellished.com; evolocityapparelswarovskiembellishedtucson.com
Con's Closet,"471 N 6th Ave #171, Tucson, AZ 85705, USA",,clothing_store,fourth-ave-downtown,https://maps.google.com/?q=Con%27s%20Closet%20471%20N%206th%20Ave%20%23171%2C%20Tucson%2C%20AZ%2085705%2C%20USA,https://cons-closet.square.site/,2,weebly,MarkMonitor Inc.,0,has website,225,false,ChIJFZ847D9x1oYRCWY3IwOh9fo,4.4,22,
Desert Vintage,"403 N 6th Ave #119, Tucson, AZ 85705, USA",+1 520-620-1570,clothing_store,fourth-ave-downtown,https://maps.google.com/?q=Desert%20Vintage%20403%20N%206th%20Ave%20%23119%2C%20Tucson%2C%20AZ%2085705%2C%20USA,http://www.desertvintage.com/,2,shopify,GoDaddy.com,0,has website,226,false,ChIJk4E0eBtx1oYRu7JL8Z9OsBM,4,17,
Mashugo Shop,"537 N 6th Ave, Tucson, AZ 85705, USA",,clothing_store,fourth-ave-downtown,https://maps.google.com/?q=Mashugo%20Shop%20537%20N%206th%20Ave%2C%20Tucson%2C%20AZ%2085705%2C%20USA,,1,,,0,no website,227,false,ChIJYYfNjtVx1oYRQyc_EkYl3Y8,,,mashugoshop.com; mashugoshoptucson.com
Pretty Necessary,"537 N 6th Ave, Tucson, AZ 85705, USA",+1 520-873-8319,clothing_store,fourth-ave-downtown,https://maps.google.com/?q=Pretty%20Necessary%20537%20N%206th%20Ave%2C%20Tucson%2C%20AZ%2085705%2C%20USA,,1,,,0,no website,228,false,ChIJV-vp16dx1oYRezs0fZ22o8s,,,prettynecessarytucson.com; prettynecessaryaz.com
"Sixth Avenue Antiques, Vintage Clothing & More","537 N 6th Ave, Tucson, AZ 85705, USA",+1 520-392-8378,clothing_store,fourth-ave-downtown,https://maps.google.com/?q=Sixth%20Avenue%20Antiques%2C%20Vintage%20Clothing%20%26%20More%20537%20N%206th%20Ave%2C%20Tucson%2C%20AZ%2085705%2C%20USA,https://www.facebook.com/profile.php?id=100091999478460,2,custom/unknown,RegistrarSafe,0,has website,229,false,ChIJg87EbEdx1oYRhGQ0ir6NOaM,4.3,99,
The Ladyship's Bazaar,"537 N 6th Ave, Tucson, AZ 85705, USA",+1 505-219-6845,clothing_store,fourth-ave-downtown,https://maps.google.com/?q=The%20Ladyship%27s%20Bazaar%20537%20N%206th%20Ave%2C%20Tucson%2C%20AZ%2085705%2C%20USA,http://www.theladyshipsbazaar.com/,2,shopify,Tucows Domains Inc.,0,has website,230,false,ChIJY2Rp5BcLIocRJ6M4KIdI2Gg,5,2,
Calico Secondhand,"Booth U22, 537 N 6th Ave Upstairs, Tucson, AZ 85705, USA",+1 520-850-0146,clothing_store,fourth-ave-downtown,https://maps.google.com/?q=Calico%20Secondhand%20Booth%20U22%2C%20537%20N%206th%20Ave%20Upstairs%2C%20Tucson%2C%20AZ%2085705%2C%20USA,,1,,,0,no website,231,false,ChIJM8mOZ75x1oYRh57Pc1mzRlQ,,,calicosecondhand.com; calicosecondhandtucson.com
Miller's Surplus,"406 N 6th Ave, Tucson, AZ 85705, USA",+1 520-622-4777,clothing_store,fourth-ave-downtown,https://maps.google.com/?q=Miller%27s%20Surplus%20406%20N%206th%20Ave%2C%20Tucson%2C%20AZ%2085705%2C%20USA,https://millerssurplusstore.com/,2,wix,GoDaddy.com,0,has website,232,false,ChIJMXU7KRxx1oYRxzrUx8h3v_0,4.6,1953,
Thermal Products Corporation,"412 N 6th Ave, Tucson, AZ 85705, USA",+1 800-420-1153,clothing_store,fourth-ave-downtown,https://maps.google.com/?q=Thermal%20Products%20Corporation%20412%20N%206th%20Ave%2C%20Tucson%2C%20AZ%2085705%2C%20USA,http://thermalproductscorp.com/,2,,Wild West Domains,0,has website,233,false,ChIJgQEaJhxx1oYRl7pDKPmtdl8,3.3,3,
Salvation LLC,"620 N 6th Ave, Tucson, AZ 85705, USA",,clothing_store,fourth-ave-downtown,https://maps.google.com/?q=Salvation%20LLC%20620%20N%206th%20Ave%2C%20Tucson%2C%20AZ%2085705%2C%20USA,,1,,,0,no website,234,false,ChIJjekp4xtx1oYRQV8rPZVQKaY,5,4,salvationtucson.com; salvationaz.com
Timeless Vixyn,"640 N Stone Ave unit 101, Tucson, AZ 85705, USA",+1 623-562-5222,clothing_store,fourth-ave-downtown,https://maps.google.com/?q=Timeless%20Vixyn%20640%20N%20Stone%20Ave%20unit%20101%2C%20Tucson%2C%20AZ%2085705%2C%20USA,http://www.facebook.com/timeless.vixyn,2,custom/unknown,RegistrarSafe,0,has website,235,false,ChIJOyTLX8ATK4cR_8qYIQNCvGo,5,5,
3G Vintage,"640 N Stone Ave unit 101, Tucson, AZ 85705, USA",+1 602-738-5608,clothing_store,fourth-ave-downtown,https://maps.google.com/?q=3G%20Vintage%20640%20N%20Stone%20Ave%20unit%20101%2C%20Tucson%2C%20AZ%2085705%2C%20USA,,1,,,0,no website,236,false,ChIJVVgRdggTK4cRhGcZhGJru3c,4.9,29,3gvintage.com; 3gvintagetucson.com
Out of the Box T’s and More,"Is Toole, E Toole Ave #19, Tucson, AZ 85713, USA",+1 520-934-0629,clothing_store,fourth-ave-downtown,https://maps.google.com/?q=Out%20of%20the%20Box%20T%E2%80%99s%20and%20More%20Is%20Toole%2C%20E%20Toole%20Ave%20%2319%2C%20Tucson%2C%20AZ%2085713%2C%20USA,https://outoftheboxtsandmore.com/,2,custom/unknown,Name.com,0,has website,237,false,ChIJM7zDYLpx1oYRHf11TnFUOyI,,,
BLX Skateboard Shop,"197 E Toole Ave, Tucson, AZ 85701, USA",+1 520-623-3541 ext. 403,clothing_store,fourth-ave-downtown,https://maps.google.com/?q=BLX%20Skateboard%20Shop%20197%20E%20Toole%20Ave%2C%20Tucson%2C%20AZ%2085701%2C%20USA,https://blxskateshop.com/,2,shopify,Tucows Domains Inc.,0,has website,238,false,ChIJcV9_-h5x1oYRbYqv8R6YVK8,4.9,135,
Almandel,"314 E 6th St, Tucson, AZ 85705, USA",,clothing_store,fourth-ave-downtown,https://maps.google.com/?q=Almandel%20314%20E%206th%20St%2C%20Tucson%2C%20AZ%2085705%2C%20USA,,1,,,0,no website,239,false,ChIJO-ZfewBx1oYRYe_FnX2b7Ck,,,almandeltucson.com; almandelaz.com
"S & R LLC, dba Del Sol Stores","329 E 6th St, Tucson, AZ 85705, USA",+1 520-620-1311,clothing_store,fourth-ave-downtown,https://maps.google.com/?q=S%20%26%20R%20LLC%2C%20dba%20Del%20Sol%20Stores%20329%20E%206th%20St%2C%20Tucson%2C%20AZ%2085705%2C%20USA,http://delsolstores.com/,2,shopify,NameCheap,0,has website,240,false,ChIJOd_lWRxx1oYRwAq5ESCGB5Y,4.2,10,
Classi & Funky Heads,"433 N 4th Ave, Tucson, AZ 85705, USA",,clothing_store,fourth-ave-downtown,https://maps.google.com/?q=Classi%20%26%20Funky%20Heads%20433%20N%204th%20Ave%2C%20Tucson%2C%20AZ%2085705%2C%20USA,,1,,,0,no website,241,false,ChIJuwUIb0hx1oYRSEfR7JeF0Ns,,,classifunkyheads.com; classifunkyheadstucson.com
Hippie Gypsy,"351 N 4th Ave, Tucson, AZ 85705, USA",+1 520-624-0667,clothing_store,fourth-ave-downtown,https://maps.google.com/?q=Hippie%20Gypsy%20351%20N%204th%20Ave%2C%20Tucson%2C%20AZ%2085705%2C%20USA,,1,,,0,no website,242,false,ChIJUeZaG5dx1oYRNo_XJg-s7bE,4.6,41,hippiegypsytucson.com; hippiegypsyaz.com
Bani,"423 N 4th Ave, Tucson, AZ 85705, USA",+1 802-212-1518,jewelry_store,fourth-ave-downtown,https://maps.google.com/?q=Bani%20423%20N%204th%20Ave%2C%20Tucson%2C%20AZ%2085705%2C%20USA,,1,,,0,no website,243,false,ChIJN6mvBQBx1oYRqjkysMZe4kU,5,7,baniarizona.com
Silver Sea Jewelry,"330 N 4th Ave, Tucson, AZ 85705, USA",+1 520-624-9954,jewelry_store,fourth-ave-downtown,https://maps.google.com/?q=Silver%20Sea%20Jewelry%20330%20N%204th%20Ave%2C%20Tucson%2C%20AZ%2085705%2C%20USA,,1,,,0,no website,244,false,ChIJdYIuDx1x1oYRmVVp_Yv0iXg,4.9,76,silverseajewelrytucson.com; silverseajewelryaz.com
4th Avenue Gems,"604 N 4th Ave, Tucson, AZ 85705, USA",,jewelry_store,fourth-ave-downtown,https://maps.google.com/?q=4th%20Avenue%20Gems%20604%20N%204th%20Ave%2C%20Tucson%2C%20AZ%2085705%2C%20USA,,1,,,0,no website,245,false,ChIJW1ymorFx1oYRFpCAXcEsD2Y,5,4,4thavenuegems.com; 4thavenuegemstucson.com
Fusion Permanent Jewelry,"347 E 4th St, Tucson, AZ 85705, USA",,jewelry_store,fourth-ave-downtown,https://maps.google.com/?q=Fusion%20Permanent%20Jewelry%20347%20E%204th%20St%2C%20Tucson%2C%20AZ%2085705%2C%20USA,http://www.fusionweldedjewelry.com/,2,wix,GoDaddy.com,0,has website,246,false,ChIJ41iAXBjh1YYRkL6wStf6554,4.9,65,
14k Jewelers,"9 N 6th Ave, Tucson, AZ 85701, USA",+1 520-617-0398,jewelry_store,fourth-ave-downtown,https://maps.google.com/?q=14k%20Jewelers%209%20N%206th%20Ave%2C%20Tucson%2C%20AZ%2085701%2C%20USA,,1,,,0,no website,247,false,ChIJ42K4TVlx1oYRiSRvouDVn1s,,,14kjewelers.com; 14kjewelerstucson.com
Gold Return,"9 N 6th Ave, Tucson, AZ 85701, USA",+1 520-617-0398,jewelry_store,fourth-ave-downtown,https://maps.google.com/?q=Gold%20Return%209%20N%206th%20Ave%2C%20Tucson%2C%20AZ%2085701%2C%20USA,,1,,,0,no website,248,false,ChIJQZ1n9OFw1oYRZ0wy-p9FBDU,,,goldreturntucson.com; goldreturnaz.com
Krikawa Custom Jewelers,"21 E Congress St, Tucson, AZ 85701, USA",+1 520-322-6090,jewelry_store,fourth-ave-downtown,https://maps.google.com/?q=Krikawa%20Custom%20Jewelers%2021%20E%20Congress%20St%2C%20Tucson%2C%20AZ%2085701%2C%20USA,https://www.krikawa.com/,2,custom/unknown,GoDaddy.com,0,has website,249,false,ChIJR9-NCzFy1oYRrhYIH43bNYI,5,391,
Perri Jewelers,"1 E Congress St #111, Tucson, AZ 85701, USA",+1 520-624-4311,jewelry_store,fourth-ave-downtown,https://maps.google.com/?q=Perri%20Jewelers%201%20E%20Congress%20St%20%23111%2C%20Tucson%2C%20AZ%2085701%2C%20USA,http://www.perrijewelers.com/,2,,Tucows Domains Inc.,0,has website,250,false,ChIJHxFfzOFw1oYRq-91Y_nkSqA,5,49,
Solara,"300 E Congress St, Tucson, AZ 85701, USA",,jewelry_store,fourth-ave-downtown,https://maps.google.com/?q=Solara%20300%20E%20Congress%20St%2C%20Tucson%2C%20AZ%2085701%2C%20USA,,1,,,0,no website,251,false,ChIJSbVdrIhx1oYRzKKxS65en9Y,,,all taken
Esperanza Originals of Tucson,"1 W Broadway Blvd, Tucson, AZ 85701, USA",,jewelry_store,fourth-ave-downtown,https://maps.google.com/?q=Esperanza%20Originals%20of%20Tucson%201%20W%20Broadway%20Blvd%2C%20Tucson%2C%20AZ%2085701%2C%20USA,,1,,,0,no website,252,false,ChIJzSF82Mxx1oYR-m0BcpH4ddk,,,esperanzaoriginalsoftucson.com; esperanzaoriginalsoftucsontucson.com
ejewelry,"182 E Broadway Blvd, Tucson, AZ 85701, USA",+1 480-270-4317,jewelry_store,fourth-ave-downtown,https://maps.google.com/?q=ejewelry%20182%20E%20Broadway%20Blvd%2C%20Tucson%2C%20AZ%2085701%2C%20USA,,1,,,0,no website,253,false,ChIJR6DA461x1oYRICM7G8LYhrI,,,ejewelrytucson.com; ejewelryaz.com
Tribalinks,"267 S Stone Ave # F, Tucson, AZ 85701, USA",+1 917-657-7608,jewelry_store,fourth-ave-downtown,https://maps.google.com/?q=Tribalinks%20267%20S%20Stone%20Ave%20%23%20F%2C%20Tucson%2C%20AZ%2085701%2C%20USA,,1,,,0,no website,254,false,ChIJzaGHNuFw1oYRRkWTzMbxybk,,,tribalinkstucson.com; tribalinksaz.com
Contreras Gallery and Jewelry (Silversmiths) Custom handmade silver and turquoise jewelry.,"267 S Stone Ave, Tucson, AZ 85701, USA",,jewelry_store,fourth-ave-downtown,https://maps.google.com/?q=Contreras%20Gallery%20and%20Jewelry%20%28Silversmiths%29%20Custom%20handmade%20silver%20and%20turquoise%20jewelry.%20267%20S%20Stone%20Ave%2C%20Tucson%2C%20AZ%2085701%2C%20USA,https://www.contrerashousefineart.com/index.html,2,custom/unknown,Hostopia Canada Corp,0,has website,255,false,ChIJLyacuB5x1oYRJ5hfK2FuYlg,4.9,23,
Camino Lenor,"307 S 6th Ave, Tucson, AZ 85701, USA",+1 520-409-9892,jewelry_store,fourth-ave-downtown,https://maps.google.com/?q=Camino%20Lenor%20307%20S%206th%20Ave%2C%20Tucson%2C%20AZ%2085701%2C%20USA,https://www.caminolenor.com/,2,squarespace,Squarespace Domains LLC,0,has website,256,false,ChIJiw9Ab61x1oYRGveojLCeqPI,,,
GJX Gem & Jewelry Exchange,"198 S Granada Ave, Tucson, AZ 85701, USA",+1 520-882-4200,jewelry_store,fourth-ave-downtown,https://maps.google.com/?q=GJX%20Gem%20%26%20Jewelry%20Exchange%20198%20S%20Granada%20Ave%2C%20Tucson%2C%20AZ%2085701%2C%20USA,https://gjx.rocks/,2,wordpress,unknown,0,has website,257,false,ChIJ66wxIpVx1oYRDSk4yo-oe-I,4.1,21,
the mineralia show,"1149 N Main Ave, Tucson, AZ 85705, USA",,jewelry_store,fourth-ave-downtown,https://maps.google.com/?q=the%20mineralia%20show%201149%20N%20Main%20Ave%2C%20Tucson%2C%20AZ%2085705%2C%20USA,,1,,,0,no website,258,false,ChIJbzbUOABx1oYRwXWN89IzbUs,,,mineraliashow.com; mineraliashowtucson.com
Gemstone Material Interiors,"1202 N Main Ave, Tucson, AZ 85705, USA",+1 520-889-1840,jewelry_store,fourth-ave-downtown,https://maps.google.com/?q=Gemstone%20Material%20Interiors%201202%20N%20Main%20Ave%2C%20Tucson%2C%20AZ%2085705%2C%20USA,http://www.g-mint.com/,2,,GoDaddy.com,0,has website,259,false,ChIJ8WyPMTxx1oYRuWFxXDsguHI,4.2,6,
Hillman Jewelers II,"544 S 6th Ave, Tucson, AZ 85701, USA",+1 520-991-0100,jewelry_store,fourth-ave-downtown,https://maps.google.com/?q=Hillman%20Jewelers%20II%20544%20S%206th%20Ave%2C%20Tucson%2C%20AZ%2085701%2C%20USA,https://hillmanjewelersii.jewelershowcase.com/,2,custom/unknown,unregistered,0,has website,260,false,ChIJSXyweOZw1oYROHX7atcDhE4,5,10,
Thistle,"439 N 6th Ave #179, Tucson, AZ 85705, USA",+1 520-812-2687,florist,fourth-ave-downtown,https://maps.google.com/?q=Thistle%20439%20N%206th%20Ave%20%23179%2C%20Tucson%2C%20AZ%2085705%2C%20USA,http://thistletucson.com/,2,weebly,Register.com - Network Solutions,0,has website,261,false,ChIJJ6ZiTzBx1oYRvNqW4PcNGw0,4.9,53,
Buds Blooms and Bad Asses LLC,"101 W 6th St, Tucson, AZ 85701, USA",+1 520-789-5173,florist,fourth-ave-downtown,https://maps.google.com/?q=Buds%20Blooms%20and%20Bad%20Asses%20LLC%20101%20W%206th%20St%2C%20Tucson%2C%20AZ%2085701%2C%20USA,http://budsbloomsandbadasses.com/,2,custom/unknown,GoDaddy.com,0,has website,262,false,ChIJD9r_vTJx1oYRSxzOT0gSbAU,4.9,125,
440 & Co.,"440 N 4th Ave, Tucson, AZ 85705, USA",+1 520-651-7404,florist,fourth-ave-downtown,https://maps.google.com/?q=440%20%26%20Co.%20440%20N%204th%20Ave%2C%20Tucson%2C%20AZ%2085705%2C%20USA,https://fourfortyco.com/,2,custom/unknown,GoDaddy.com,0,has website,263,false,ChIJVVWVdCRx1oYRhzqTwsWH_GY,5,35,
The Green Room Flowers LLC,"71 E Pennington St, Tucson, AZ 85701, USA",+1 520-273-1986,florist,fourth-ave-downtown,https://maps.google.com/?q=The%20Green%20Room%20Flowers%20LLC%2071%20E%20Pennington%20St%2C%20Tucson%2C%20AZ%2085701%2C%20USA,https://thegreenroomflowers.com/,2,shopify,Tucows Domains Inc.,0,has website,264,false,ChIJCdm1E7tx1oYRRDXhm3gNpZ0,4,41,
Studio Brambles,"657 W St Marys Rd, Tucson, AZ 85701, USA",,florist,fourth-ave-downtown,https://maps.google.com/?q=Studio%20Brambles%20657%20W%20St%20Marys%20Rd%2C%20Tucson%2C%20AZ%2085701%2C%20USA,http://studiobrambles.com/,2,squarespace,Squarespace Domains LLC,0,has website,265,false,ChIJqwAoJZX1KEQRVSHAwkJA1Eg,4.8,6,
Peyote Flowers Huichol Culture,"168 S Freeway, Tucson, AZ 85745, USA",,florist,fourth-ave-downtown,https://maps.google.com/?q=Peyote%20Flowers%20Huichol%20Culture%20168%20S%20Freeway%2C%20Tucson%2C%20AZ%2085745%2C%20USA,,1,,,0,no website,266,false,ChIJj2GQy9hw1oYRXytSp0zde3o,,,peyoteflowershuicholculture.com; peyoteflowershuicholculturetucson.com
Lily's Price Davis Flower Delivery,"1420 N Oracle Rd, Tucson, AZ 85705, USA",+1 520-524-6710,florist,fourth-ave-downtown,https://maps.google.com/?q=Lily%27s%20Price%20Davis%20Flower%20Delivery%201420%20N%20Oracle%20Rd%2C%20Tucson%2C%20AZ%2085705%2C%20USA,,1,,,0,no website,267,false,ChIJpYcJ2jZx1oYREXpoz4jt_Xk,2,2,lilyspricedavisflowerdelivery.com; lilyspricedavisflowerdeliverytucson.com
Florist of Tucson,"710 W Carmen Pl, Tucson, AZ 85705, USA",+1 520-433-1920,florist,fourth-ave-downtown,https://maps.google.com/?q=Florist%20of%20Tucson%20710%20W%20Carmen%20Pl%2C%20Tucson%2C%20AZ%2085705%2C%20USA,,1,,,0,no website,268,false,ChIJ15aP34lx1oYRDV6R0yjdN8I,4.9,36,floristoftucsontucson.com; floristoftucsonaz.com
Bloom Maven,"160 South Avenida del Convento STE 150, Tucson, AZ 85745, USA",+1 520-534-9997,florist,fourth-ave-downtown,https://maps.google.com/?q=Bloom%20Maven%20160%20South%20Avenida%20del%20Convento%20STE%20150%2C%20Tucson%2C%20AZ%2085745%2C%20USA,http://www.bloommaven.com/,2,squarespace,GoDaddy.com,0,has website,269,false,ChIJzxpND9hw1oYRDwT4wYpLiIM,4.4,39,
Five Points Flowers,"804 S 6th Ave, Tucson, AZ 85701, USA",+1 520-248-5948,florist,fourth-ave-downtown,https://maps.google.com/?q=Five%20Points%20Flowers%20804%20S%206th%20Ave%2C%20Tucson%2C%20AZ%2085701%2C%20USA,http://www.fivepointsflowerstucson.com/,2,wix,GoDaddy.com,0,has website,270,false,ChIJq6oesuhw1oYR76O-pm6cpX0,4.4,16,
Flores Concepts,"843 E 18th St, Tucson, AZ 85719, USA",,florist,fourth-ave-downtown,https://maps.google.com/?q=Flores%20Concepts%20843%20E%2018th%20St%2C%20Tucson%2C%20AZ%2085719%2C%20USA,https://www.floresconcepts.com/careers/index.html,2,wordpress,GoDaddy.com,0,has website,271,false,ChIJXxdR2_Bw1oYRmHMq88tR0CA,,,
rramosby.angie,"1235 W Cedar St, Tucson, AZ 85745, USA",+1 520-236-9827,florist,fourth-ave-downtown,https://maps.google.com/?q=rramosby.angie%201235%20W%20Cedar%20St%2C%20Tucson%2C%20AZ%2085745%2C%20USA,https://www.rramobyangie.com/,2,,unregistered,0,has website,272,false,ChIJQa4sOJxx1oYRimAlEfuOEHA,,,
SavOn Flowers,"1665 E 18th St Ste 111, Tucson, AZ 85719, USA",+1 520-323-7323,florist,fourth-ave-downtown,https://maps.google.com/?q=SavOn%20Flowers%201665%20E%2018th%20St%20Ste%20111%2C%20Tucson%2C%20AZ%2085719%2C%20USA,http://www.savonflowers.com/,2,custom/unknown,GoDaddy.com,0,has website,275,false,ChIJL_Yef7Zx1oYR_yJ_lYOsT_A,4.4,37,
Fry's Food And Drug,"555 E Grant Rd, Tucson, AZ 85705, USA",+1 520-622-1976,florist,fourth-ave-downtown,https://maps.google.com/?q=Fry%27s%20Food%20And%20Drug%20555%20E%20Grant%20Rd%2C%20Tucson%2C%20AZ%2085705%2C%20USA,http://www.frysfood.com/stores/details/660/00021?cid=loc66000021_gmb,2,,Network Solutions,0,has website,276,false,ChIJz-CP_3Fx1oYRl7_I6NusDgo,4,2016,
The Collectors' Territory,"330 E 7th St, Tucson, AZ 85705, USA",+1 520-624-4418,book_store,fourth-ave-downtown,https://maps.google.com/?q=The%20Collectors%27%20Territory%20330%20E%207th%20St%2C%20Tucson%2C%20AZ%2085705%2C%20USA,https://www.harleystoysandcomics.com/,2,,NameCheap,0,has website,277,false,ChIJPS2uT9dz1oYR0fDxqEyvBKY,4.1,224,
Antigone Books,"411 N 4th Ave, Tucson, AZ 85705, USA",+1 520-792-3715,book_store,fourth-ave-downtown,https://maps.google.com/?q=Antigone%20Books%20411%20N%204th%20Ave%2C%20Tucson%2C%20AZ%2085705%2C%20USA,http://www.antigonebooks.com/,2,drupal,Network Solutions,0,has website,278,false,ChIJRzk_VRxx1oYRxbBFQh6HNyM,4.7,862,
Book Stop,"214 N 4th Ave, Tucson, AZ 85705, USA",+1 520-326-6661,book_store,fourth-ave-downtown,https://maps.google.com/?q=Book%20Stop%20214%20N%204th%20Ave%2C%20Tucson%2C%20AZ%2085705%2C%20USA,http://www.bookstoptucson.com/,2,custom/unknown,Bluehost Inc.,0,has website,279,false,ChIJEQnNfR1x1oYR5pJPiI8UK0I,4.6,145,
"Tucson Comic Con, LLC","260 S Church Ave, Tucson, AZ 85701, USA",,book_store,fourth-ave-downtown,https://maps.google.com/?q=Tucson%20Comic%20Con%2C%20LLC%20260%20S%20Church%20Ave%2C%20Tucson%2C%20AZ%2085701%2C%20USA,https://www.tucsoncomic-con.com/,2,,GoDaddy.com,0,has website,280,false,ChIJ0RbxSPJx1oYRmzZr6n3A-Ww,5,3,
Pima Community College Bookstore - Downtown,"1255 N Stone Ave, Tucson, AZ 85709, USA",+1 520-206-7272,book_store,fourth-ave-downtown,https://maps.google.com/?q=Pima%20Community%20College%20Bookstore%20-%20Downtown%201255%20N%20Stone%20Ave%2C%20Tucson%2C%20AZ%2085709%2C%20USA,https://pima.bncollege.com/,2,custom/unknown,unregistered,0,has website,281,false,ChIJzfy4YBZx1oYR0MtmEIRP2-g,4.5,12,
Follett Higher Education Group,"1255 N Stone Ave, Tucson, AZ 85709, USA",+1 520-628-1115,book_store,fourth-ave-downtown,https://maps.google.com/?q=Follett%20Higher%20Education%20Group%201255%20N%20Stone%20Ave%2C%20Tucson%2C%20AZ%2085709%2C%20USA,https://www.follett.com/higher-ed,2,custom/unknown,CSC Corporate Domains,0,has website,282,false,ChIJtXDbaxZx1oYRmRZueRIAwqY,5,1,
Desierto Books,"267 South Avenida del Convento STE 105, Tucson, AZ 85745, USA",+1 520-372-7553,book_store,fourth-ave-downtown,https://maps.google.com/?q=Desierto%20Books%20267%20South%20Avenida%20del%20Convento%20STE%20105%2C%20Tucson%2C%20AZ%2085745%2C%20USA,http://www.desiertobooks.com/,2,squarespace,Network Solutions,0,has website,283,false,ChIJg8N4PVFx1oYRpMQIpTx6o4Y,4.9,26,
University of Arizona Campus Store,"1209 E University Blvd, Tucson, AZ 85721, USA",+1 520-621-2426,book_store,fourth-ave-downtown,https://maps.google.com/?q=University%20of%20Arizona%20Campus%20Store%201209%20E%20University%20Blvd%2C%20Tucson%2C%20AZ%2085721%2C%20USA,http://shop.arizona.edu/,2,custom/unknown,unregistered,0,has website,284,false,ChIJWe0cPAdx1oYRdp1IZlVus8o,4.5,1375,
UA Medical BookStore (AHSC),"1501 N Campbell Ave, Tucson, AZ 85724, USA",+1 520-626-6669,book_store,fourth-ave-downtown,https://maps.google.com/?q=UA%20Medical%20BookStore%20%28AHSC%29%201501%20N%20Campbell%20Ave%2C%20Tucson%2C%20AZ%2085724%2C%20USA,https://shop.arizona.edu/medical,2,custom/unknown,unregistered,0,has website,285,false,ChIJ_cJWQaZx1oYRQvs-N1UQ1as,4,8,
Arunachalananda SEVA Center,"2448 N Estrella Ave, Tucson, AZ 85705, USA",+1 520-616-8020,book_store,fourth-ave-downtown,https://maps.google.com/?q=Arunachalananda%20SEVA%20Center%202448%20N%20Estrella%20Ave%2C%20Tucson%2C%20AZ%2085705%2C%20USA,,1,,,0,no website,286,false,ChIJa-MWOWlx1oYRS-56I7_Pr98,,,arunachalanandasevacenter.com; arunachalanandasevacentertucson.com
Pop Cycle,"422 N 4th Ave, Tucson, AZ 85705, USA",+1 520-622-3297,gift_shop,fourth-ave-downtown,https://maps.google.com/?q=Pop%20Cycle%20422%20N%204th%20Ave%2C%20Tucson%2C%20AZ%2085705%2C%20USA,http://www.popcycleshop.com/?utm_source=GMBListing&utm_medium=organic,2,shopify,GoDaddy.com,0,has website,287,false,ChIJf_oPVhxx1oYRDkRXjUaeGCs,4.8,192,
La Tiendita,"311 N Court Ave, Tucson, AZ 85701, USA",+1 520-622-1922,gift_shop,fourth-ave-downtown,https://maps.google.com/?q=La%20Tiendita%20311%20N%20Court%20Ave%2C%20Tucson%2C%20AZ%2085701%2C%20USA,http://www.elcharrocafe.com/,2,wordpress,GoDaddy.com,0,has website,288,false,ChIJeXni1yFx1oYRFk5f97ftLF0,5,2,
Hola Chingona,"412 E 7th St, Tucson, AZ 85705, USA",,gift_shop,fourth-ave-downtown,https://maps.google.com/?q=Hola%20Chingona%20412%20E%207th%20St%2C%20Tucson%2C%20AZ%2085705%2C%20USA,http://shopholachingona.com/,2,shopify,Domainsovereigns.com LLC,0,has website,289,false,ChIJqWW-FFxx1oYRQ_ZTlq3iyW4,3.6,9,
Old Town Artisans | Downtown Tucson Shops,"201 N Court Ave, Tucson, AZ 85701, USA",+1 520-620-1725,gift_shop,fourth-ave-downtown,https://maps.google.com/?q=Old%20Town%20Artisans%20%7C%20Downtown%20Tucson%20Shops%20201%20N%20Court%20Ave%2C%20Tucson%2C%20AZ%2085701%2C%20USA,https://oldtownartisanstucson.com/,2,custom/unknown,GoDaddy.com,0,has website,290,false,ChIJL-xQjx9x1oYRv-2XK_des6E,4.5,431,
Old Paint Records,"76 W Washington St, Tucson, AZ 85701, USA",+1 520-279-7899,gift_shop,fourth-ave-downtown,https://maps.google.com/?q=Old%20Paint%20Records%2076%20W%20Washington%20St%2C%20Tucson%2C%20AZ%2085701%2C%20USA,http://www.oldpaintrecords.com/,2,,GoDaddy.com,0,has website,291,false,ChIJHyMQiR9x1oYRC-y50L7XpoY,4.8,53,
Art House Centro,"186 N Meyer Ave, Tucson, AZ 85701, USA",+1 520-620-1725,gift_shop,fourth-ave-downtown,https://maps.google.com/?q=Art%20House%20Centro%20186%20N%20Meyer%20Ave%2C%20Tucson%2C%20AZ%2085701%2C%20USA,https://www.instagram.com/arthousecentro/,2,custom/unknown,RegistrarSafe,0,has website,292,false,ChIJw6POiR9x1oYRpBI-O8Sa_jw,4.9,43,
Sagebrush | Saguaro,"735 N 4th Ave, Tucson, AZ 85705, USA",+1 520-443-0520,gift_shop,fourth-ave-downtown,https://maps.google.com/?q=Sagebrush%20%7C%20Saguaro%20735%20N%204th%20Ave%2C%20Tucson%2C%20AZ%2085705%2C%20USA,https://www.sagebrushsaguaro.com/,2,custom/unknown,PDR Ltd. d/b/a PublicDomainRegistry.com,0,has website,293,false,ChIJWVe78ahx1oYRgftp11IUW28,5,10,
Tucson Gear,"245 E Congress St #101, Tucson, AZ 85701, USA",+1 520-551-9011,gift_shop,fourth-ave-downtown,https://maps.google.com/?q=Tucson%20Gear%20245%20E%20Congress%20St%20%23101%2C%20Tucson%2C%20AZ%2085701%2C%20USA,http://tucsongear.com/,2,custom/unknown,SNAPNAMES 14,0,has website,294,false,ChIJU6RuxmFz1oYRczA5oHdjlwY,3.3,60,
Proper Shops,"300 E Congress St, Tucson, AZ 85701, USA",+1 520-907-2122,gift_shop,fourth-ave-downtown,https://maps.google.com/?q=Proper%20Shops%20300%20E%20Congress%20St%2C%20Tucson%2C%20AZ%2085701%2C%20USA,https://www.propershopstucson.com/,2,wix,GoDaddy.com,0,has website,295,false,ChIJCWuhMTlx1oYR3btAN1fR0co,4.9,19,
Shot Time at the Proper Shops,"300 E Congress St, Tucson, AZ 85701, USA",,gift_shop,fourth-ave-downtown,https://maps.google.com/?q=Shot%20Time%20at%20the%20Proper%20Shops%20300%20E%20Congress%20St%2C%20Tucson%2C%20AZ%2085701%2C%20USA,,1,,,0,no website,296,false,ChIJpWRd5Kdx1oYRc_d_eSP31NM,5,2,shottimeatpropershops.com; shottimeatpropershopstucson.com
El Regalo,"320 E Congress St, Tucson, AZ 85701, USA",+1 520-740-1000,gift_shop,fourth-ave-downtown,https://maps.google.com/?q=El%20Regalo%20320%20E%20Congress%20St%2C%20Tucson%2C%20AZ%2085701%2C%20USA,https://elregalotucson.com/,2,shopify,IONOS SE,0,has website,297,false,ChIJnYLRDplx1oYRrOo-OVVsXRE,,,
Ben's Bells,"40 W Broadway Blvd, Tucson, AZ 85701, USA",+1 520-622-1379,gift_shop,fourth-ave-downtown,https://maps.google.com/?q=Ben%27s%20Bells%2040%20W%20Broadway%20Blvd%2C%20Tucson%2C%20AZ%2085701%2C%20USA,https://bensbells.org/,2,wordpress,GoDaddy.com,0,has website,298,false,ChIJq_LzTeBw1oYR3Ut_JJ0TSTM,4.9,91,
The Tucson Fine Mineral Gallery,"465 W St Marys Rd, Tucson, AZ 85701, USA",+1 520-542-3130,gift_shop,fourth-ave-downtown,https://maps.google.com/?q=The%20Tucson%20Fine%20Mineral%20Gallery%20465%20W%20St%20Marys%20Rd%2C%20Tucson%2C%20AZ%2085701%2C%20USA,https://tucsonfineminerals.com/,2,custom/unknown,Team Blue Internet Services IE Limited,0,has website,299,false,ChIJ1RZZEVZx1oYRVOAPa4Cbaeo,4.8,21,
Arizona Poppy,"150 S 4th Ave, Tucson, AZ 85701, USA",+1 480-297-6211,gift_shop,fourth-ave-downtown,https://maps.google.com/?q=Arizona%20Poppy%20150%20S%204th%20Ave%2C%20Tucson%2C%20AZ%2085701%2C%20USA,http://www.instagram.com/arizonapoppyshop,2,custom/unknown,RegistrarSafe,0,has website,300,false,ChIJvRTfzNtx1oYR5UNAx4Vbf7Y,5,187,
Sonoran Rosie,"150 S 4th Ave, Tucson, AZ 85701, USA",+1 480-297-6211,gift_shop,fourth-ave-downtown,https://maps.google.com/?q=Sonoran%20Rosie%20150%20S%204th%20Ave%2C%20Tucson%2C%20AZ%2085701%2C%20USA,http://www.sonoranrosie.store/,2,shopify,Tucows Domains Inc.,0,has website,301,false,ChIJ97bVH7xx1oYRVYP2YgDtezw,4.8,24,
Tumamoc Gifts & Studio,"657 W St Marys Rd suite c6, Tucson, AZ 85701, USA",+1 520-331-9775,gift_shop,fourth-ave-downtown,https://maps.google.com/?q=Tumamoc%20Gifts%20%26%20Studio%20657%20W%20St%20Marys%20Rd%20suite%20c6%2C%20Tucson%2C%20AZ%2085701%2C%20USA,https://facebook.com/TumamocGifts/,2,custom/unknown,RegistrarSafe,0,has website,302,false,ChIJKxa7ewBx1oYRdDcU6aG8LSo,5,8,
Ben's Bells | Main Gate Studio,"816 E University Blvd, Tucson, AZ 85719, USA",+1 520-622-1379,gift_shop,fourth-ave-downtown,https://maps.google.com/?q=Ben%27s%20Bells%20%7C%20Main%20Gate%20Studio%20816%20E%20University%20Blvd%2C%20Tucson%2C%20AZ%2085719%2C%20USA,https://bensbells.org/,2,wordpress,GoDaddy.com,0,has website,303,false,ChIJJ3STaARx1oYRpC5vkx7U4ds,4.9,14,
Arizona Fleet Rebuilders,"530 N 7th Ave, Tucson, AZ 85705, USA",+1 520-622-5919,car_repair,fourth-ave-downtown,https://maps.google.com/?q=Arizona%20Fleet%20Rebuilders%20530%20N%207th%20Ave%2C%20Tucson%2C%20AZ%2085705%2C%20USA,,1,,,0,no website,304,false,ChIJ6Rq-yh5x1oYRkKPLbW4--GA,5,3,arizonafleetrebuilders.com; arizonafleetrebuilderstucson.com
AFR Collision And Refinish,"530 N 7th Ave, Tucson, AZ 85705, USA",+1 520-622-5919,car_repair,fourth-ave-downtown,https://maps.google.com/?q=AFR%20Collision%20And%20Refinish%20530%20N%207th%20Ave%2C%20Tucson%2C%20AZ%2085705%2C%20USA,,1,,,0,no website,305,false,ChIJl9frtB5x1oYRGH3mldka1Cs,5,8,afrcollisionandrefinish.com; afrcollisionandrefinishtucson.com
SGWraps LLC,"529 N Ferro Ave, Tucson, AZ 85705, USA",+1 520-358-2767,car_repair,fourth-ave-downtown,https://maps.google.com/?q=SGWraps%20LLC%20529%20N%20Ferro%20Ave%2C%20Tucson%2C%20AZ%2085705%2C%20USA,,1,,,0,no website,306,false,ChIJK1pWy5xx1oYRPUzPh5di8do,5,15,sgwrapstucson.com; sgwrapsaz.com
Kustom Rims & More,"512 N 6th Ave, Tucson, AZ 85705, USA",+1 520-623-3974,car_repair,fourth-ave-downtown,https://maps.google.com/?q=Kustom%20Rims%20%26%20More%20512%20N%206th%20Ave%2C%20Tucson%2C%20AZ%2085705%2C%20USA,,1,,,0,no website,307,false,ChIJq6qqqk9x1oYRMcMZM_8Dnng,5,17,kustomrimsmore.com; kustomrimsmoretucson.com
"Aesthetic Auto Spa - Paint Protection Film, Ceramic Coating, and Window Tint","612 N 7th Ave, Tucson, AZ 85705, USA",+1 520-372-4822,car_repair,fourth-ave-downtown,https://maps.google.com/?q=Aesthetic%20Auto%20Spa%20-%20Paint%20Protection%20Film%2C%20Ceramic%20Coating%2C%20and%20Window%20Tint%20612%20N%207th%20Ave%2C%20Tucson%2C%20AZ%2085705%2C%20USA,http://www.aestheticautospa.com/,2,wordpress,GoDaddy.com,0,has website,308,false,ChIJ9dbu5Hpz1oYR--PCqA1mgpQ,4.9,169,
Primarily Japanese Auto Service,"600 N Stone Ave, Tucson, AZ 85705, USA",+1 520-341-6899,car_repair,fourth-ave-downtown,https://maps.google.com/?q=Primarily%20Japanese%20Auto%20Service%20600%20N%20Stone%20Ave%2C%20Tucson%2C%20AZ%2085705%2C%20USA,https://www.primarilyjapanese.com/?utm_campaign=gmb&utm_medium=organic&utm_source=googlemybusiness,2,wordpress,Register.com - Network Solutions,0,has website,309,false,ChIJY_VUJhlx1oYR17q6DGeIn4M,4.8,1083,
Outdoor Cover Warehouse,"616 N Stone Ave, Tucson, AZ 85705, USA",+1 520-829-9045,car_repair,fourth-ave-downtown,https://maps.google.com/?q=Outdoor%20Cover%20Warehouse%20616%20N%20Stone%20Ave%2C%20Tucson%2C%20AZ%2085705%2C%20USA,https://www.outdoorcoverwarehouse.com/Tucson-Arizona-03?utm_source=google&utm_medium=gmb&utm_campaign=Tucson-Arizona-03,2,,DreamHost,0,has website,310,false,ChIJx-_2Vnhx1oYRCKunBCWeW2w,,,
Arizona Truck Outfitters,"625 N Stone Ave, Tucson, AZ 85705, USA",+1 520-624-6975,car_repair,fourth-ave-downtown,https://maps.google.com/?q=Arizona%20Truck%20Outfitters%20625%20N%20Stone%20Ave%2C%20Tucson%2C%20AZ%2085705%2C%20USA,https://aztruckoutfitterstucson.com/,2,wordpress,GoDaddy.com,0,has website,311,false,ChIJVxM62Rhx1oYR-0x77ElWH1c,4.6,157,
Tucson RPM Mobile Mechanic,"328 N 4th Ave, Tucson, AZ 85705, USA",+1 520-636-7671,car_repair,fourth-ave-downtown,https://maps.google.com/?q=Tucson%20RPM%20Mobile%20Mechanic%20328%20N%204th%20Ave%2C%20Tucson%2C%20AZ%2085705%2C%20USA,,1,,,0,no website,313,false,ChIJxaBJOwBx1oYRoR6XBkzW6B4,3.7,3,tucsonrpmmobilemechanic.com; tucsonrpmmobilemechanictucson.com
Sooters Auto Service,"429 E 6th St, Tucson, AZ 85705, USA",+1 520-623-1002,car_repair,fourth-ave-downtown,https://maps.google.com/?q=Sooters%20Auto%20Service%20429%20E%206th%20St%2C%20Tucson%2C%20AZ%2085705%2C%20USA,https://www.sootersauto.com/,2,wordpress,GKG.Net,0,has website,314,false,ChIJf0kM7Rxx1oYRNbxwXhqTJGA,4.7,160,
Merle's Automotive Supply,"33 W University Blvd, Tucson, AZ 85705, USA",+1 520-622-3526,car_repair,fourth-ave-downtown,https://maps.google.com/?q=Merle%27s%20Automotive%20Supply%2033%20W%20University%20Blvd%2C%20Tucson%2C%20AZ%2085705%2C%20USA,http://www.merlesauto.com/,2,custom/unknown,Network Solutions,0,has website,315,false,ChIJ0eLHXRhx1oYRjmlpSuOjLfw,4.6,158,
PDR Mobile,"215 N Court Ave, Tucson, AZ 85701, USA",+1 800-940-3010,car_repair,fourth-ave-downtown,https://maps.google.com/?q=PDR%20Mobile%20215%20N%20Court%20Ave%2C%20Tucson%2C%20AZ%2085701%2C%20USA,https://pdrmobile.com/about/contact,2,,GoDaddy.com,0,has website,316,false,ChIJCb1Bhh9x1oYRUVzsZhwKbXE,,,
Honris Auto Clinic,"439 E 7th St, Tucson, AZ 85705, USA",,car_repair,fourth-ave-downtown,https://maps.google.com/?q=Honris%20Auto%20Clinic%20439%20E%207th%20St%2C%20Tucson%2C%20AZ%2085705%2C%20USA,,1,,,0,no website,317,false,ChIJ9b_Az_9x1oYR4UkNR_EXaAg,,,honrisautoclinic.com; honrisautoclinictucson.com
520 Auto Glass,"703 N Main Ave, Tucson, AZ 85705, USA",+1 520-406-3539,car_repair,fourth-ave-downtown,https://maps.google.com/?q=520%20Auto%20Glass%20703%20N%20Main%20Ave%2C%20Tucson%2C%20AZ%2085705%2C%20USA,http://520autoglass.com/,2,custom/unknown,GoDaddy.com,0,has website,318,false,ChIJ3aXcTc3__iMRSyhjO-6d1A8,4.9,39,
Digital Printz,"703 N Main Ave, Tucson, AZ 85705, USA",+1 520-275-0118,car_repair,fourth-ave-downtown,https://maps.google.com/?q=Digital%20Printz%20703%20N%20Main%20Ave%2C%20Tucson%2C%20AZ%2085705%2C%20USA,https://www.digitalprintz.us/,2,custom/unknown,GoDaddy.com,0,has website,319,false,ChIJC5T7Yb171oYR2Cbh_rFLIXc,5,53,
Trailer Rental at U-Haul,"450 N Freeway, Tucson, AZ 85701, USA",+1 520-777-9159,car_repair,fourth-ave-downtown,https://maps.google.com/?q=Trailer%20Rental%20at%20U-Haul%20450%20N%20Freeway%2C%20Tucson%2C%20AZ%2085701%2C%20USA,https://www.uhaul.com/Locations/Trailer-Rentals-near-Tucson-AZ-85701/828074/?utm_source=gmb&utm_medium=trailer&utm_campaign=uhaulsmlm&utm_content=828074,2,,CSC Corporate Domains,0,has website,320,false,ChIJh7AiDg9x1oYRp91zNMnrz6U,2,2,
Trailer Hitches at U-Haul,"450 N Freeway, Tucson, AZ 85701, USA",+1 520-777-9159,car_repair,fourth-ave-downtown,https://maps.google.com/?q=Trailer%20Hitches%20at%20U-Haul%20450%20N%20Freeway%2C%20Tucson%2C%20AZ%2085701%2C%20USA,https://www.uhaul.com/Locations/Trailer-Hitches-near-Tucson-AZ-85701/828074/?utm_source=gmb&utm_medium=hitch&utm_campaign=uhaulsmlm&utm_content=828074,2,,CSC Corporate Domains,0,has website,321,false,ChIJnzBJg7Vx1oYRa5p4yNa_q-A,5,5,
Wood-Oberholtzer,"214 E Mabel St, Tucson, AZ 85705, USA",+1 520-622-7521,car_repair,fourth-ave-downtown,https://maps.google.com/?q=Wood-Oberholtzer%20214%20E%20Mabel%20St%2C%20Tucson%2C%20AZ%2085705%2C%20USA,,1,,,0,no website,322,false,ChIJna93ShFx1oYRluqO5JHNcSw,4.9,74,woodoberholtzertucson.com; woodoberholtzeraz.com
Caliber Auto Glass,"721 E 12th St, Tucson, AZ 85719, USA",+1 888-461-0010,car_repair,fourth-ave-downtown,https://maps.google.com/?q=Caliber%20Auto%20Glass%20721%20E%2012th%20St%2C%20Tucson%2C%20AZ%2085719%2C%20USA,https://www.caliber.com/find-a-location/Tucson-glass-85719?utm_source=google&utm_medium=gbp-profile&utm_campaign=webform-GBPwebsite&utm_content=&utm_term=&utm_id=0967,2,custom/unknown,Network Solutions,0,has website,323,false,ChIJccn0r6511oYRg82l9vyYKnI,4.9,62,
Mister Car Wash South Campus Headquarters,"415 N 6th Ave, Tucson, AZ 85705, USA",+1 520-615-4000,car_wash,fourth-ave-downtown,https://maps.google.com/?q=Mister%20Car%20Wash%20South%20Campus%20Headquarters%20415%20N%206th%20Ave%2C%20Tucson%2C%20AZ%2085705%2C%20USA,http://www.mistercarwash.com/,2,wordpress,Network Solutions,0,has website,324,false,ChIJdbOEmx5x1oYR5cwF7bnrL2A,4.1,17,
Mister Car Wash Headquarters,"222 East 5th Street, Tucson, AZ 85705, USA",+1 520-615-4000,car_wash,fourth-ave-downtown,https://maps.google.com/?q=Mister%20Car%20Wash%20Headquarters%20222%20East%205th%20Street%2C%20Tucson%2C%20AZ%2085705%2C%20USA,https://mistercarwash.com/,2,wordpress,Network Solutions,0,has website,325,false,ChIJSyyzi0Zx1oYR9-A3MTkYKp0,2.6,110,
Kevin’s Auto shine 520,"127 S 4th Ave, Tucson, AZ 85713, USA",+1 708-275-5896,car_wash,fourth-ave-downtown,https://maps.google.com/?q=Kevin%E2%80%99s%20Auto%20shine%20520%20127%20S%204th%20Ave%2C%20Tucson%2C%20AZ%2085713%2C%20USA,,1,,,0,no website,326,false,ChIJFbl0KV9x1oYRJur8ap_zLR0,,,kevinsautoshine520.com; kevinsautoshine520tucson.com
Mister Car Wash,"730 E Broadway Blvd, Tucson, AZ 85719, USA",+1 520-623-2923,car_wash,fourth-ave-downtown,https://maps.google.com/?q=Mister%20Car%20Wash%20730%20E%20Broadway%20Blvd%2C%20Tucson%2C%20AZ%2085719%2C%20USA,https://mistercarwash.com/store/euclid/?utm_source=google&utm_medium=organic&utm_campaign=gbp,2,wordpress,Network Solutions,0,has website,327,false,ChIJZVdUZYFx1oYRKOn4M-v7n7k,4.4,371,
Viking Car Wash,"1120 S 6th Ave, Tucson, AZ 85701, USA",+1 520-882-2702,car_wash,fourth-ave-downtown,https://maps.google.com/?q=Viking%20Car%20Wash%201120%20S%206th%20Ave%2C%20Tucson%2C%20AZ%2085701%2C%20USA,http://vikingcarwashtucson.com/,2,custom/unknown,Cloudflare,0,has website,328,false,ChIJlbWMwY5x1oYR35JMM0HYFCU,2.7,177,
Car Wash,"420 W 22nd St, Tucson, AZ 85713, USA",,car_wash,fourth-ave-downtown,https://maps.google.com/?q=Car%20Wash%20420%20W%2022nd%20St%2C%20Tucson%2C%20AZ%2085713%2C%20USA,,1,,,0,no website,329,false,ChIJrd-izZlx1oYR5MHcANcoLY8,3.7,106,all taken
Auto Wash Express,"1435 W St Marys Rd, Tucson, AZ 85745, USA",+1 520-261-5865,car_wash,fourth-ave-downtown,https://maps.google.com/?q=Auto%20Wash%20Express%201435%20W%20St%20Marys%20Rd%2C%20Tucson%2C%20AZ%2085745%2C%20USA,http://www.azautowashexpress.com/,2,custom/unknown,Amazon Registrar,0,has website,330,false,ChIJEZRZWMRx1oYRgnhIhyFTK5M,3.7,138,
Car Genie Mobile Car Wash and Detail,"1788 E Speedway Blvd, Tucson, AZ 85719, USA",+1 877-339-3133,car_wash,fourth-ave-downtown,https://maps.google.com/?q=Car%20Genie%20Mobile%20Car%20Wash%20and%20Detail%201788%20E%20Speedway%20Blvd%2C%20Tucson%2C%20AZ%2085719%2C%20USA,https://www.cargeniemobiledetail.com/,2,custom/unknown,Tucows Domains Inc.,0,has website,331,false,ChIJG_Ta0Khx1oYRpspmOD_ppkQ,2.7,6,
Hurricane Car Wash,"909 E 22nd St, Tucson, AZ 85713, USA",+1 520-345-2648,car_wash,fourth-ave-downtown,https://maps.google.com/?q=Hurricane%20Car%20Wash%20909%20E%2022nd%20St%2C%20Tucson%2C%20AZ%2085713%2C%20USA,https://dynamitecwc.com/hurricane-car-wash/,2,custom/unknown,GoDaddy.com,0,has website,332,false,ChIJpVvhZPRw1oYRr91Q6OGoZBs,3,178,
The Boss Car Wash,"850 W Grant Rd, Tucson, AZ 85705, USA",+1 520-882-0794,car_wash,fourth-ave-downtown,https://maps.google.com/?q=The%20Boss%20Car%20Wash%20850%20W%20Grant%20Rd%2C%20Tucson%2C%20AZ%2085705%2C%20USA,,1,,,0,no website,333,false,ChIJK9nrZGRx1oYR7z3H-eFBAL8,4.4,125,bosscarwashtucson.com; bosscarwashaz.com
Truck wash and Flying AZ I-10,"Tucson, AZ 85705, USA",,car_wash,fourth-ave-downtown,https://maps.google.com/?q=Truck%20wash%20and%20Flying%20AZ%20I-10%20Tucson%2C%20AZ%2085705%2C%20USA,,1,,,0,no website,334,false,ChIJAWI7dwBx1oYRUl1T0GBTAQc,,,truckwashandflyingazi10.com; truckwashandflyingazi10tucson.com
Sparkle Cleaners - Drachman,"16 W Drachman St, Tucson, AZ 85705, USA",+1 520-438-5788,laundry,fourth-ave-downtown,https://maps.google.com/?q=Sparkle%20Cleaners%20-%20Drachman%2016%20W%20Drachman%20St%2C%20Tucson%2C%20AZ%2085705%2C%20USA,http://www.sparklecleaners.com/,2,custom/unknown,Network Solutions,0,has website,335,false,ChIJh-5m0BVx1oYRdrMihBNDBDY,4.7,823,
Mendel's Wife the Tailor - Stone,"1495 N Stone Ave #305, Tucson, AZ 85705, USA",+1 520-464-4649,laundry,fourth-ave-downtown,https://maps.google.com/?q=Mendel%27s%20Wife%20the%20Tailor%20-%20Stone%201495%20N%20Stone%20Ave%20%23305%2C%20Tucson%2C%20AZ%2085705%2C%20USA,https://www.sparklecleaners.com/alterations-repairs/,2,custom/unknown,Network Solutions,0,has website,336,false,ChIJj0RpyBVx1oYRkwEZBIju9R8,4.1,70,
Cool Cat Laundry,"1108 E 6th St, Tucson, AZ 85719, USA",+1 520-272-7351,laundry,fourth-ave-downtown,https://maps.google.com/?q=Cool%20Cat%20Laundry%201108%20E%206th%20St%2C%20Tucson%2C%20AZ%2085719%2C%20USA,,1,,,0,no website,337,false,ChIJedeXuQFx1oYRLw3LzDkKtfo,4,131,coolcatlaundry.com; coolcatlaundrytucson.com
Mi Kasa Cleaning & Maintenance LLC,"1014 W St Marys Rd, Tucson, AZ 85745, USA",+1 520-203-1036,laundry,fourth-ave-downtown,https://maps.google.com/?q=Mi%20Kasa%20Cleaning%20%26%20Maintenance%20LLC%201014%20W%20St%20Marys%20Rd%2C%20Tucson%2C%20AZ%2085745%2C%20USA,http://mikasacleans.com/,2,custom/unknown,GoDaddy.com,0,has website,338,false,ChIJqeg2ZQB51oYRtAGN5-HCjig,4.3,16,
Eldon Drapery Carpet & Upholstery Cleaners,"1406 N 1st Ave, Tucson, AZ 85719, USA",+1 520-622-7774,laundry,fourth-ave-downtown,https://maps.google.com/?q=Eldon%20Drapery%20Carpet%20%26%20Upholstery%20Cleaners%201406%20N%201st%20Ave%2C%20Tucson%2C%20AZ%2085719%2C%20USA,http://eldontucson.com/,2,wordpress,GoDaddy.com,0,has website,339,false,ChIJpzsQag5x1oYR0PQ4u-MvpSQ,4.8,16,
Mission Linen and Uniform Service,"301 S Park Ave, Tucson, AZ 85719, USA",+1 520-622-4811,laundry,fourth-ave-downtown,https://maps.google.com/?q=Mission%20Linen%20and%20Uniform%20Service%20301%20S%20Park%20Ave%2C%20Tucson%2C%20AZ%2085719%2C%20USA,http://www.missionlinen.com/,2,wordpress,Network Solutions,0,has website,340,false,ChIJ9V6CY_lw1oYRYsbCTY88ahY,4.2,13,
Regal Carpet Cleaning,"621 W Lester St, Tucson, AZ 85705, USA",+1 520-292-2930,laundry,fourth-ave-downtown,https://maps.google.com/?q=Regal%20Carpet%20Cleaning%20621%20W%20Lester%20St%2C%20Tucson%2C%20AZ%2085705%2C%20USA,http://www.regalcarpetaz.com/,2,custom/unknown,GoDaddy.com,0,has website,341,false,ChIJRRpFm-hz1oYRrgsR-uGn9H4,4.9,31,
Garcia Cleaners & Shirt Laundry,"205 E 22nd St, Tucson, AZ 85713, USA",+1 520-622-8174,laundry,fourth-ave-downtown,https://maps.google.com/?q=Garcia%20Cleaners%20%26%20Shirt%20Laundry%20205%20E%2022nd%20St%2C%20Tucson%2C%20AZ%2085713%2C%20USA,,1,,,0,no website,342,false,ChIJZR-oI-xw1oYRPYhmcZPYMBw,4.4,71,garciacleanersshirtlaundry.com; garciacleanersshirtlaundrytucson.com
Santa Rita Suds Laundromat,"1351 S 4th Ave, Tucson, AZ 85713, USA",+1 520-627-1784,laundry,fourth-ave-downtown,https://maps.google.com/?q=Santa%20Rita%20Suds%20Laundromat%201351%20S%204th%20Ave%2C%20Tucson%2C%20AZ%2085713%2C%20USA,https://www.facebook.com/profile.php?id=61555723625027,2,custom/unknown,RegistrarSafe,0,has website,343,false,ChIJQYDZA-1w1oYRk9rvi4GXgPw,4.2,129,
COIN Less LAUNDRY,"1507 W St Marys Rd, Tucson, AZ 85745, USA",+1 480-861-9729,laundry,fourth-ave-downtown,https://maps.google.com/?q=COIN%20Less%20LAUNDRY%201507%20W%20St%20Marys%20Rd%2C%20Tucson%2C%20AZ%2085745%2C%20USA,http://www.coinlesslaundry.com/,2,wordpress,GoDaddy.com,0,has website,344,false,ChIJC5kfQi1x1oYRqeWV07TUYYA,4.4,181,
Super Cleaners & Whole Sale,"515 E Grant Rd ste 151, Tucson, AZ 85705, USA",+1 520-354-7485,laundry,fourth-ave-downtown,https://maps.google.com/?q=Super%20Cleaners%20%26%20Whole%20Sale%20515%20E%20Grant%20Rd%20ste%20151%2C%20Tucson%2C%20AZ%2085705%2C%20USA,https://www.supercleaners.store/,2,wix,Tucows Domains Inc.,0,has website,345,false,ChIJDfekOppx1oYRKTNRzru2xQ8,4.8,34,
Tucson Commercial Cleaning Services,"2030 E Broadway Blvd #5, Tucson, AZ 85719, USA",+1 520-301-7733,laundry,fourth-ave-downtown,https://maps.google.com/?q=Tucson%20Commercial%20Cleaning%20Services%202030%20E%20Broadway%20Blvd%20%235%2C%20Tucson%2C%20AZ%2085719%2C%20USA,https://commercialcleaningtucsonaz.com/,2,wordpress,GoDaddy.com,0,has website,346,false,ChIJCxvf589x1oYR5cgC9Cimdt8,5,10,
Super Laundry X,"615 E Grant Rd #161, Tucson, AZ 85705, USA",+1 520-400-4485,laundry,fourth-ave-downtown,https://maps.google.com/?q=Super%20Laundry%20X%20615%20E%20Grant%20Rd%20%23161%2C%20Tucson%2C%20AZ%2085705%2C%20USA,http://www.superlaundryx.com/,2,wix,GoDaddy.com,0,has website,347,false,ChIJw-UYHHJx1oYR6caRSDg5GEM,3.7,292,
PuroClean of Northeast Tucson,"2517 N 1st Ave, Tucson, AZ 85719, USA",+1 520-524-6306,laundry,fourth-ave-downtown,https://maps.google.com/?q=PuroClean%20of%20Northeast%20Tucson%202517%20N%201st%20Ave%2C%20Tucson%2C%20AZ%2085719%2C%20USA,https://www.puroclean.com/tucson-az-puroclean-northeast-tucson/,2,custom/unknown,GoDaddy.com,0,has website,348,false,ChIJRe962Ppx1oYRw-wgRVGsN-Y,4.8,16,
Kaiser Lock and Key,"40 E Congress St Suite 102, Tucson, AZ 85701, USA",+1 520-248-4264,locksmith,fourth-ave-downtown,https://maps.google.com/?q=Kaiser%20Lock%20and%20Key%2040%20E%20Congress%20St%20Suite%20102%2C%20Tucson%2C%20AZ%2085701%2C%20USA,https://kaiserlockandkey.com/,2,custom/unknown,timeout,0,has website,349,false,ChIJJUh9Dn-a7IcRnFGiju4-eSU,5,15,
KeyMe Locksmiths,"1001 E Speedway Blvd, Tucson, AZ 85719, USA",+1 520-217-7986,locksmith,fourth-ave-downtown,https://maps.google.com/?q=KeyMe%20Locksmiths%201001%20E%20Speedway%20Blvd%2C%20Tucson%2C%20AZ%2085719%2C%20USA,https://key.me/kiosks/arizona/tucson/tucson/key-copy-tucson-arizona,2,,GoDaddy.com,0,has website,351,false,ChIJZyU6p6px1oYRNcW0ncxIe60,3.8,8,
Locksmith Guru LLC,"1690 N Stone Ave #109, Tucson, AZ 85705, USA",+1 520-500-1205,locksmith,fourth-ave-downtown,https://maps.google.com/?q=Locksmith%20Guru%20LLC%201690%20N%20Stone%20Ave%20%23109%2C%20Tucson%2C%20AZ%2085705%2C%20USA,https://www.locksmithguruaz.com/,2,custom/unknown,GoDaddy.com,0,has website,352,false,ChIJNdaTl6dx1oYRHj7uE7gN3Eg,4.8,66,
BullFrog Towing,"808 E Adams St, Tucson, AZ 85719, USA",+1 520-270-9269,locksmith,fourth-ave-downtown,https://maps.google.com/?q=BullFrog%20Towing%20808%20E%20Adams%20St%2C%20Tucson%2C%20AZ%2085719%2C%20USA,http://www.bullfrogtowing.co/,2,,unknown,0,has website,353,false,ChIJMWd5veMyXosRprtXUhys_Sg,4.5,23,
Sixx the Locksmith LLC,"107 W Sahuaro St Unit 1, Tucson, AZ 85705, USA",+1 520-585-6257,locksmith,fourth-ave-downtown,https://maps.google.com/?q=Sixx%20the%20Locksmith%20LLC%20107%20W%20Sahuaro%20St%20Unit%201%2C%20Tucson%2C%20AZ%2085705%2C%20USA,http://www.pixxbysixx.com/,2,wix,Network Solutions,0,has website,354,false,ChIJwamO5v5v1oYRNY_hsDkUDTI,4.9,54,
KeyMe Locksmiths,"555 E Grant Rd, Tucson, AZ 85705, USA",+1 520-263-8079,locksmith,fourth-ave-downtown,https://maps.google.com/?q=KeyMe%20Locksmiths%20555%20E%20Grant%20Rd%2C%20Tucson%2C%20AZ%2085705%2C%20USA,https://key.me/kiosks/arizona/tucson/el-cortez/make-keys-el-cortez-az,2,,GoDaddy.com,0,has website,355,false,ChIJ2_c0a_Nx1oYR1KDR-It_2VY,4.4,20,
Tucson Locksmith Experts,"2030 E Broadway Blvd Suite 9, Tucson, AZ 85719, USA",+1 520-595-5533,locksmith,fourth-ave-downtown,https://maps.google.com/?q=Tucson%20Locksmith%20Experts%202030%20E%20Broadway%20Blvd%20Suite%209%2C%20Tucson%2C%20AZ%2085719%2C%20USA,https://tucson-locksmith-experts.com/,2,wordpress,Cloudflare,0,has website,356,false,ChIJR1iFo1Fw1oYRmc3WK8-uEG0,5,95,
Wainwrights Inc,"2045 E 15th St, Tucson, AZ 85719, USA",+1 520-622-7102,locksmith,fourth-ave-downtown,https://maps.google.com/?q=Wainwrights%20Inc%202045%20E%2015th%20St%2C%20Tucson%2C%20AZ%2085719%2C%20USA,http://www.wainwrightsinc.net/,2,custom/unknown,Tucows Domains Inc.,0,has website,357,false,ChIJB11ujlpw1oYR-12Ch3-FtCY,4.7,60,
Transponder Key Tucson AZ,"2022 Forbes Blvd, Tucson, AZ 85745, USA",+1 520-222-7857,locksmith,fourth-ave-downtown,https://maps.google.com/?q=Transponder%20Key%20Tucson%20AZ%202022%20Forbes%20Blvd%2C%20Tucson%2C%20AZ%2085745%2C%20USA,,1,,,0,no website,358,false,ChIJaUztUqJp1oYR3U1iW5xXWao,5,2,transponderkeytucsonaz.com; transponderkeytucsonaztucson.com
Endeavor Studio,"130 E Congress St Suite 200, Tucson, AZ 85701, USA",,tailor,fourth-ave-downtown,https://maps.google.com/?q=Endeavor%20Studio%20130%20E%20Congress%20St%20Suite%20200%2C%20Tucson%2C%20AZ%2085701%2C%20USA,,1,,,0,no website,359,false,ChIJSW5gHQBx1oYRs2X89Nsf6dw,,,endeavorstudiotucson.com; endeavorstudioaz.com
Connecting Threads Sewing Studio,"941 W Congress St, Tucson, AZ 85745, USA",+1 520-206-9820,tailor,fourth-ave-downtown,https://maps.google.com/?q=Connecting%20Threads%20Sewing%20Studio%20941%20W%20Congress%20St%2C%20Tucson%2C%20AZ%2085745%2C%20USA,,1,,,0,no website,360,false,ChIJF-P8Iyhx1oYRdX7VXCRwe4c,4.5,49,connectingthreadssewingstudio.com; connectingthreadssewingstudiotucson.com
Peanut's Clawset,"321 N 4th Ave, Tucson, AZ 85705, USA",+1 520-412-1296,pet_store,fourth-ave-downtown,https://maps.google.com/?q=Peanut%27s%20Clawset%20321%20N%204th%20Ave%2C%20Tucson%2C%20AZ%2085705%2C%20USA,http://peanutsclawset.com/,2,wix,Wix.com Ltd.,0,has website,361,false,ChIJi8TurMtx1oYRubrP2JgOPcY,5,25,
"EcoGro, LLC","657 W St Marys Rd, Tucson, AZ 85701, USA",+1 520-777-8307,pet_store,fourth-ave-downtown,https://maps.google.com/?q=EcoGro%2C%20LLC%20657%20W%20St%20Marys%20Rd%2C%20Tucson%2C%20AZ%2085701%2C%20USA,http://ecogro.com/,2,,GoDaddy.com,0,has website,362,false,ChIJeRaH7SNx1oYROpzxN9P1Q_o,4.7,351,
